event_id,account_id,contact_id,added_at,dt,route,referrer
e331a499-1583-42a8-921d-fca68c2bd0f6,Ub0341314a5534ea92b26fa8adc30543f,Uc8517b27edad78ebeb3e9135e2f87d14,2026-03-13 01:32:49,2026-03-14,ad,line_ads
dffc60c5-d464-4316-b8bb-f957cce39b15,U743849e63f8101ac616f8fd0ba84a167,U93a793fe52923d03d72b32fc73037332,2026-03-15 15:48:54,2026-03-15,ad,yahoo_ads
00ea788f-cf2a-48f5-850b-6fa5e959b82c,U4f8b2d7d97720f7d61a0294f1c9c3877,U5f9c107a4595f2bef0b38b4395e0a4b0,2026-03-08 00:56:09,2026-03-08,search,line_app_search
720b5316-055c-46ff-bc81-7ab01d002fd6,Ub0341314a5534ea92b26fa8adc30543f,U9507dd27310cbe508160298375168be5,2026-04-12 03:07:44,2026-04-12,qr_code,event_booth
311b3b7c-eae1-494e-b250-efc1fbd39532,Uc20f9c7e9b662bedec3cb78e127885c7,U4063bf7223aed39c4e6369658ff7c801,2026-03-25 09:44:52,2026-03-25,qr_code,receipt
795fc8d2-1381-469c-b82d-eb2348cbdeb0,Ub0341314a5534ea92b26fa8adc30543f,U1d9ab96c0d0aefa8311822a7af10a587,2026-02-27 05:07:06,2026-02-28,search,line_app_search
01476192-4b34-4817-b74b-bc669d3b769d,U743849e63f8101ac616f8fd0ba84a167,U2a3a7ae4fb4c17b262d99d7d1d7d824f,2026-01-06 23:52:04,2026-01-06,link_share,messaging_app
567df1b2-bf59-441a-99c1-c06c3d99ac65,U3bae1603803a839c0cb52f511d9cb8f6,U0bcac637503a4762642aa964113f8095,2026-02-01 03:37:21,2026-02-01,search,official_directory
40e15925-a93c-4df3-8fc3-a59fb87d0115,Ub0341314a5534ea92b26fa8adc30543f,U173c6c7d42903d0ad096085185055484,2026-01-06 14:16:30,2026-01-06,search,official_directory
1aeb9234-cf8a-470d-be73-d1853e1711a1,U743849e63f8101ac616f8fd0ba84a167,U906068553651ed4fd6771d31474381dc,2025-11-23 01:14:37,2025-11-23,link_share,sns_share
c71ce3c1-b686-4378-a350-12725435436c,U743849e63f8101ac616f8fd0ba84a167,U0a74dc4f0ffad52af1dc046240884ac0,2026-02-10 10:24:29,2026-02-10,link_share,messaging_app
9db4201a-f323-4b69-941b-70c0a43b85af,U227d1cd1a801c367de206ec4bbca7330,U9f1ed30aa6fde54fb18dbb394d8aebf1,2026-01-07 06:23:22,2026-01-07,qr_code,store_front
64ec83ef-bc98-434a-af91-cd455a5f9f73,Ub0341314a5534ea92b26fa8adc30543f,82d4e43922e66fb07a14ef358578f7a3,2026-01-11 13:38:44,2026-01-11,link_share,email_share
223a4e99-1b29-4703-9274-c33716ad8445,U4784fc8a8e1e4eb2435ad84e0ad052f2,U3e900288ea4d11d3a86535cf1707be27,2025-11-24 22:23:25,2025-11-24,search,official_directory
7cf986a1-2855-4d50-a157-ee0fbd3a02a0,U3bae1603803a839c0cb52f511d9cb8f6,504eba4911c95e808e11f6350b8e09e5,2026-03-11 21:57:43,2026-03-12,other,import_bulk
ff68372f-8ff6-4bdb-b497-3d5b2b20800d,U3bae1603803a839c0cb52f511d9cb8f6,Uabc5054608cef5a6af7a97f51d0b03ca,2026-01-24 06:11:13,2026-01-24,search,line_app_search
3a778320-3eb2-40d2-868f-15c57ecf7e9c,U3bae1603803a839c0cb52f511d9cb8f6,U7d3248e2f1f03a9253be13a4f2364585,2025-12-07 19:04:21,2025-12-07,search,line_app_search
5b174afd-e3f8-4fa7-b814-44564f1efe97,U743849e63f8101ac616f8fd0ba84a167,U2d5e49a5a327da04663e1187edb901d6,2026-03-24 16:04:30,2026-03-24,search,line_app_search
102cefd4-8972-40cf-a872-1cfcac82e5da,Ub0341314a5534ea92b26fa8adc30543f,U8cd305fae6a603b05a44816257e99748,2025-10-25 14:40:16,2025-10-25,qr_code,receipt
2ca96004-f33e-415d-99b6-3cd10ff9f8cb,Ub0341314a5534ea92b26fa8adc30543f,Ubdb1f41f922f513b5af2170506fa61bc,2025-11-08 10:29:15,2025-11-08,ad,yahoo_ads
21f579e1-8152-4f0b-a589-df13c68c2478,U743849e63f8101ac616f8fd0ba84a167,U099d7a3e63bc77cb190b8595c7b72f88,2026-03-14 11:16:22,2026-03-14,qr_code,business_card
3b0dcfeb-fc40-44b9-a612-aa96dcac4d9d,U3bae1603803a839c0cb52f511d9cb8f6,U5aa600a37dcb729b7559b74f9f4988d6,2025-10-23 00:01:43,2025-10-23,qr_code,event_booth
08633f17-bf79-44f2-8de4-785abb108019,U22a93bc29b1df104af6b1ba1cd91fc56,U973760d0e12e1e4c73f8dc537a063812,2025-12-08 08:47:10,2025-12-08,other,import_bulk
f95ffae6-5c08-47d9-8c99-d849939a87fc,U743849e63f8101ac616f8fd0ba84a167,U5739d28b2db7b75c0095a522297b64ab,2026-04-11 17:42:53,2026-04-11,search,official_directory
3d00695d-69e2-419a-bcc9-1ce77d6640f6,U4784fc8a8e1e4eb2435ad84e0ad052f2,Uc00ad8ab54e360e04d929665ffc52ce8,2026-02-22 00:38:15,2026-02-22,qr_code,receipt
d3264e5a-9651-47ad-a1b9-63538be99c63,U22a93bc29b1df104af6b1ba1cd91fc56,Ua29823f3fec8de42d6d8fe77a62f0804,2026-04-07 13:56:10,2026-04-07,qr_code,poster
62e6ec75-c93d-4a4d-8453-7ae0a53baff3,U3bae1603803a839c0cb52f511d9cb8f6,Uf5a652e2303b861ed8f2aa07567e7f4e,2025-10-27 05:23:18,2025-10-27,ad,yahoo_ads
c45b3cfa-6493-4cba-b13f-c70c1a1f5bbf,Ub0341314a5534ea92b26fa8adc30543f,U837974cc12930caa475b15e52faa9359,2026-03-30 23:11:29,2026-03-30,ad,yahoo_ads
878e1ac6-e02f-43df-a8c9-1b0afb59331f,U743849e63f8101ac616f8fd0ba84a167,Ua1e6708efb85cdc29b5e50ad7d35958d,2026-01-30 05:14:16,2026-01-30,link_share,messaging_app
83cb297e-a3c0-4f23-a5b2-d488f69ea53c,Ub0341314a5534ea92b26fa8adc30543f,U34a84e11a6cc1e370f4b1c319d9ece4e,2025-11-26 13:03:10,2025-11-26,qr_code,poster
be29afc8-4e23-41fd-ad8a-3f12666ff5c5,U3bae1603803a839c0cb52f511d9cb8f6,Uabc5054608cef5a6af7a97f51d0b03ca,2026-02-20 06:11:13,2026-02-20,search,line_app_search
9b7fa433-ecf4-4011-a57d-ec269ae16250,U3e5dd3a641c58ad50e49f095c6f1e306,Ub3b744484766c9edfc5f07415aa4158d,2025-10-23 01:22:36,2025-10-23,qr_code,event_booth
8d4eaa05-ce66-4455-9c7a-12fa41bb766d,Ue8d9224ecde331ce692edfce0b5ecdc4,U9d9b6ab1a6838696a4507884f58f6662,2026-02-25 07:22:39,2026-02-25,qr_code,receipt
34b2db58-b949-46a1-af79-8fe812689e17,U743849e63f8101ac616f8fd0ba84a167,U498750b43f2b7459cd3210ff37263563,2025-10-25 01:59:56,2025-10-25,search,line_app_search
093ab81b-e58a-49f4-a4ff-7f29be76d752,U837b70463a585f85743b5bfb3b49c9fd,U15ad0410011fc6dac8b43cd5aa40d6ed,2025-11-17 17:09:13,2025-11-17,qr_code,business_card
8b3f7a8f-be1b-4130-9dc8-0eca8d042759,U7e808d11d6f9901a954a542a7ee09918,U8a0243caebb0ee0b27a156583fd99112,2026-02-19 03:46:52,2026-02-19,qr_code,receipt
8f1184ba-d78c-4c9f-8801-b96edfe29798,U3bae1603803a839c0cb52f511d9cb8f6,83a43c4eaaf9909c602bce2645ef8706,2026-01-16 18:08:17,2026-01-16,qr_code,poster
b1ec6508-a145-490e-b0a3-2c5d78dcd7b4,Ub0341314a5534ea92b26fa8adc30543f,Ua6fb5e059200c4f0229beaeb40e97435,2025-12-22 03:39:07,2025-12-22,search,official_directory
b49f5be2-7afc-46f5-90f0-3021b8952317,Ub0341314a5534ea92b26fa8adc30543f,Ua69b96d4ef04bf6020bbf37245996979,2026-03-28 11:19:55,2026-03-28,other,import_bulk
9379a223-3283-4286-9ede-62b1ec176ffb,U1ca413826b7044d134c9c3132420c9de,U11e6256fca5daf202368e88a140a3a40,2025-11-08 12:57:10,2025-11-08,link_share,sns_share
f73eb5ed-c6fc-4a39-b22b-f3e0776a892f,Ub0341314a5534ea92b26fa8adc30543f,U2535bbf47bf7a7a2fb32c7d9d6b93875,2026-01-10 13:06:52,2026-01-10,search,line_app_search
3398612c-abf9-4472-9f63-44244bf72b96,Ub0341314a5534ea92b26fa8adc30543f,Ub04f84020897e38154454d07aa76ea57,2025-11-29 01:20:43,2025-11-29,link_share,email_share
b4335aab-d1ae-4788-a3ea-a65f0d31c4c6,U3bae1603803a839c0cb52f511d9cb8f6,U33e1acbfcb7edee35706920fed3e0878,2026-03-06 01:51:48,2026-03-06,qr_code,poster
31d8104d-07a0-4f95-b4eb-769597199d88,U743849e63f8101ac616f8fd0ba84a167,Uc05d76b79c31ab81cdee10950be4daa4,2025-12-22 04:28:25,2025-12-22,other,unknown
1537758d-cff0-4d77-a8c4-6d3458045b0d,U3bae1603803a839c0cb52f511d9cb8f6,U464e9cd58e959a8065594acd41b17853,2026-03-29 16:37:39,2026-03-29,search,line_app_search
dbad0c74-d3ee-4374-8f58-5e781a90142e,U3bae1603803a839c0cb52f511d9cb8f6,U1ee9e7142669f4396d74cad0d9349430,2025-12-03 18:45:07,2025-12-03,search,line_app_search
35e7444e-89ce-4dd2-8e0f-1ef0197d0835,U7e808d11d6f9901a954a542a7ee09918,Ubd5b3dd83b3cd6552cd340bde94882c3,2025-10-23 00:46:04,2025-10-23,link_share,messaging_app
523df5d2-b520-445e-bb8f-14a15ffbd0ea,U743849e63f8101ac616f8fd0ba84a167,Udc8bb7aa4c78d3e3cacbf16ad76d82d3,2026-03-13 14:43:09,2026-03-13,search,line_app_search
9529ef40-7502-49b2-a943-73c5824e2ed7,U743849e63f8101ac616f8fd0ba84a167,U58152237796f1a99221efb5ed08b3b57,2026-03-16 15:55:55,2026-03-16,ad,line_ads
7887c163-c4bb-4822-899f-f745d4237a35,Ud4a92c8c8050eed40ef171cc2784d638,Uca87353ff3dedc6c142ebb3c062f0c89,2026-04-19 21:58:52,2026-04-19,search,official_directory
447d9e2c-aa7f-4414-b3ae-6e6ec01708e7,U3bae1603803a839c0cb52f511d9cb8f6,Uedd30692bf76b7697ab8bc55abc5f40c,2025-12-21 06:24:27,2025-12-21,qr_code,business_card
b7fac654-9fb4-4b45-82f3-82bda9dadd71,Ub0341314a5534ea92b26fa8adc30543f,Ubf5787280bb099e5e81df61ac77092b1,2026-02-12 20:16:10,2026-02-12,qr_code,event_booth
c3cd992f-7460-4c91-8eb0-de446484212c,Ub0341314a5534ea92b26fa8adc30543f,U6ba701d18230fba8f489477238e5144f,2025-12-02 03:59:18,2025-12-02,qr_code,store_front
c462c7f1-d3ee-4430-baad-c8b72a22a0f0,Ud4a92c8c8050eed40ef171cc2784d638,U70d9469dcc10c70a0c6e456b29dbdf37,2025-10-27 22:08:16,2025-10-27,qr_code,receipt
c85e4781-e0b9-4817-bfe9-196a9a8523b4,U3bae1603803a839c0cb52f511d9cb8f6,U98bbc7e94159d79242803ae5466c32a6,2025-11-29 16:52:58,2025-11-29,link_share,email_share
a68c97a0-bfff-4489-9cc2-7aa96364e63e,Ud7cd4c737b35e126236570d6cf0e97f4,U93cfb3d03d9a22fdbfdd4131ae90c46f,2025-11-10 11:29:30,2025-11-10,ad,facebook_ads
7f253075-fc99-4d62-8360-134f12db8946,Ub0341314a5534ea92b26fa8adc30543f,Ub261b5ef49889c3309f526615f70970d,2026-01-15 18:02:23,2026-01-15,ad,yahoo_ads
04cd30aa-271d-488b-b24a-3b39e6df6fa2,U743849e63f8101ac616f8fd0ba84a167,Ucd07a6b5c0b31a08fc2171cf468769cd,2025-11-10 04:56:34,2025-11-10,link_share,messaging_app
0a4bc74b-e468-4a53-8223-eb307319be0e,U3bae1603803a839c0cb52f511d9cb8f6,Ub7f6392ccae1cdf4148b99a2305c9f28,2026-03-10 19:37:37,2026-03-10,ad,line_ads
559cb5cf-09d5-4045-859b-548989173206,U3bae1603803a839c0cb52f511d9cb8f6,Ub37e4876e2477c981142083ff8f52147,2026-02-18 01:23:24,2026-02-18,qr_code,event_booth
ed10366b-a56e-413f-b28f-ba20325de1a6,U3e5dd3a641c58ad50e49f095c6f1e306,U34f79ba849a235268fa53406a82155bb,2026-03-31 18:58:19,2026-03-31,ad,yahoo_ads
01e00898-b80b-42d6-9179-b6475375ac9c,U4784fc8a8e1e4eb2435ad84e0ad052f2,U474d16414f82aec1a2123303e3f1acd3,2026-01-27 15:32:57,2026-01-27,qr_code,event_booth
9a4e553c-824e-4a68-9b5e-e63fc4c902f9,U879eb903ad90cd9c2874f6df7651267a,Ubb4ef1ad2090b1cc96f19ffd16cd2e50,2025-10-27 22:43:05,2025-10-28,qr_code,store_front
8c7f9586-c8e9-4dc1-a3b1-0b74150e4188,Ub0341314a5534ea92b26fa8adc30543f,Ue33e5f7771980d580852442814b4afa5,2026-03-31 21:48:26,2026-03-31,qr_code,business_card
6a98b743-e434-46f2-9b00-d14ea709a228,U4784fc8a8e1e4eb2435ad84e0ad052f2,1e812fd655daaa695b6878d8f3d3a11f,2025-12-07 07:29:29,2025-12-07,other,unknown
7decb1c0-344b-47c4-a975-015d9addcbac,U3bae1603803a839c0cb52f511d9cb8f6,Uf0d86ea589a247858b3f21d47f07a5b0,2025-10-30 15:29:28,2025-10-30,link_share,messaging_app
3f30f913-3ff0-42df-8b44-2a13ba1c6128,U743849e63f8101ac616f8fd0ba84a167,b0280d9b230f5e174c525fe622e6d312,2026-02-25 01:48:07,2026-02-25,search,official_directory
7d5a361d-f834-4fc6-b427-94c6a59ec08e,Ud7cd4c737b35e126236570d6cf0e97f4,U635ae0cc2367a6cc8e5598f993570f0a,2026-01-04 06:18:11,2026-01-04,ad,yahoo_ads
3a20b92e-eee9-4172-b8fb-b51cf5f9fb93,U3e5dd3a641c58ad50e49f095c6f1e306,U0e394a2b7de9be81adfdf886b2793f94,2026-02-15 03:53:04,2026-02-15,search,official_directory
dda3a5ae-d2ff-4425-9529-611d86989291,U4784fc8a8e1e4eb2435ad84e0ad052f2,U5164d3e9f4157d0c3fea66ef12ce31de,2025-11-17 12:20:37,2025-11-17,qr_code,receipt
12096b52-9826-43cb-a3e8-4ca782869db9,Ub0341314a5534ea92b26fa8adc30543f,U4aa9a7bd25e02c452f6d96d274e1628d,2025-11-28 00:28:23,2025-11-29,search,line_app_search
3813f976-0ec8-4f54-a6f9-9ec8d71b4443,U879eb903ad90cd9c2874f6df7651267a,d877c844a143f746c4bfcd092f09ab6a,2026-01-27 23:48:15,2026-01-27,link_share,messaging_app
3d96d680-acc5-457f-b55c-3aa8066d3450,Ub0341314a5534ea92b26fa8adc30543f,Uf640ef30e72c6a4f43021c8ab32f42dc,2026-02-20 10:29:28,2026-02-21,search,line_app_search
2d87ef7c-d18f-4c49-9ad6-a3ab78804e4f,U4784fc8a8e1e4eb2435ad84e0ad052f2,U202b381237a940284fa26d16ad8e74a4,2025-12-30 23:57:51,2025-12-30,search,line_app_search
1546747a-f86a-433d-97e8-499e25ed9730,U227d1cd1a801c367de206ec4bbca7330,Uc9f03eb5c5978982a662e4cf99640d6a,2026-03-04 03:02:12,2026-03-04,link_share,email_share
f1a16264-3c40-484b-8c96-c8e49687850e,U3bae1603803a839c0cb52f511d9cb8f6,U199ca934b1fdd049dc1e1a29f0c43548,2025-12-23 12:39:04,2025-12-24,ad,line_ads
c74e92bf-2f6e-4c22-93ef-c99d46245d9c,U3bae1603803a839c0cb52f511d9cb8f6,Ua223cd90b937c70c0526bf60c796665e,2026-04-07 06:43:48,2026-04-07,qr_code,receipt
5f58a652-c540-4630-88f0-cd73dfc800a9,U743849e63f8101ac616f8fd0ba84a167,42aae3f36aedc725478ea65d886e0133,2026-02-07 18:04:08,2026-02-07,search,official_directory
4fdc34e8-e53c-4351-a3f6-2a41bac3dd87,U743849e63f8101ac616f8fd0ba84a167,Ueb89d40a917e5b48a51c559145833059,2026-03-03 12:10:42,2026-03-03,qr_code,business_card
1dd6f34b-a2eb-4a1d-af36-8c66a68515a1,Ub0341314a5534ea92b26fa8adc30543f,U7cd3b235870dd5a67ee7e73095aeb7cb,2026-01-25 14:04:11,2026-01-25,search,line_app_search
cc9b3e05-615b-47f3-8cc2-29a4ceee149c,U4784fc8a8e1e4eb2435ad84e0ad052f2,U89e7c716af60801b6e252a4e64224df9,2026-03-19 02:33:41,2026-03-20,qr_code,poster
f09ac01d-6344-4537-a67a-e2243af96b75,U743849e63f8101ac616f8fd0ba84a167,U5bb22c901a77505e1fa81046aa3d951b,2026-01-07 21:27:12,2026-01-08,ad,yahoo_ads
7324692a-c45a-461c-a595-804ecfb93d65,U7e808d11d6f9901a954a542a7ee09918,Uf3250d931d9b2a6f8942ba9b57741c25,2026-03-24 05:55:57,2026-03-24,search,official_directory
af107a83-1bf4-4629-bf73-6f68e0bf46b2,Ud7cd4c737b35e126236570d6cf0e97f4,U80df237688ed894bfc4faf8da4dae3a1,2026-01-01 00:31:22,2026-01-01,ad,google_ads
189189bd-29cf-4c00-af0b-cb79ca2f42cd,U743849e63f8101ac616f8fd0ba84a167,bece2e7c34a219a55e8928c7be9f9959,2026-04-08 07:38:21,2026-04-08,qr_code,business_card
c7b012d9-e921-4098-a5f4-470c285c998c,U3bae1603803a839c0cb52f511d9cb8f6,Ua25fa6cf9f437b95efa7bf024066fb3a,2026-01-01 11:33:54,2026-01-01,search,line_app_search
dbd15a1d-f8fa-4665-a4df-381751116b5d,Ub0341314a5534ea92b26fa8adc30543f,Ua3f4e3f26763575bc4d6dec848b9917b,2026-03-08 11:59:34,2026-03-08,qr_code,store_front
4b01102d-b010-47c8-9e68-4c2e98e6c0a2,U1ca413826b7044d134c9c3132420c9de,Ud057f30fafe25a3c74320ef2ad9f746e,2025-11-12 07:13:42,2025-11-12,ad,yahoo_ads
37407ef6-f7e0-4c41-9163-b3607445eab7,U743849e63f8101ac616f8fd0ba84a167,Ubaf53a931297b310758c3f242f0733b2,2026-03-07 15:42:26,2026-03-07,search,line_app_search
63076ab8-8b00-4444-beb2-9b8f7ef2d335,U743849e63f8101ac616f8fd0ba84a167,U0368c4e039b1f2fe0db216306cd4a252,2025-12-20 09:37:12,2025-12-20,link_share,messaging_app
10c99ad6-d7b3-4ff8-ab91-f6861d280c12,U743849e63f8101ac616f8fd0ba84a167,Ue888dcfda0fea7a6bb9633e54b3dac53,2026-02-24 11:39:20,2026-02-24,search,line_app_search
1ab6fbdb-be3c-4ce9-99b4-446feba27e3f,Ue7310890b01058478be93761a56d0aa0,U154dcf85d231ee6a4e43454ea096022d,2026-04-11 18:48:58,2026-04-11,ad,facebook_ads
16e6145b-ae37-46ae-a18f-6cd3c2bd9d6f,Ue7310890b01058478be93761a56d0aa0,Uda57e47e00285a09b5dc47bfc4e2b35d,2026-03-31 21:00:48,2026-03-31,qr_code,store_front
5f53adc3-71e0-4b55-b0f5-7a7d6cafb2c0,U743849e63f8101ac616f8fd0ba84a167,Ue881a55bec1f729eee465eb1d28ba7d4,2026-03-23 22:47:33,2026-03-23,link_share,sns_share
2d7827de-5f37-4b9c-8f88-b2d07aa08bff,Ub0341314a5534ea92b26fa8adc30543f,Ud0c194a685f4eae5a9b608b919116d95,2026-02-13 00:37:46,2026-02-13,qr_code,event_booth
7edcd0cc-5959-4f2f-94a2-843706393271,U4784fc8a8e1e4eb2435ad84e0ad052f2,U44033f051fcf52e31781ae5b2bb22d78,2025-12-02 02:09:36,2025-12-02,link_share,sns_share
10529f1d-ebd3-44bd-ac37-c2ca42deb598,U743849e63f8101ac616f8fd0ba84a167,8f63027301d680fb71d077b770c70e9e,2025-12-13 07:45:33,2025-12-13,qr_code,receipt
e8b3d56a-3083-47cb-89d7-f96352ca48ee,U476acbdef8e9a16d24575e4f6d7b0f31,Ucfaa877e9cbb06e07848d5334b6ef41c,2026-01-25 02:44:01,2026-01-25,search,official_directory
a3b097c1-62c3-4e91-872c-13c128917b7a,Ub0341314a5534ea92b26fa8adc30543f,U2d98705f7517630bb8232ffc76d060d4,2026-01-07 03:21:02,2026-01-07,search,official_directory
a4c6e024-b024-4a32-8225-210352832bea,Ub0341314a5534ea92b26fa8adc30543f,U4657c5b9884c4ee240cc94a77d7794f3,2025-12-02 03:21:23,2025-12-02,qr_code,store_front
cd7ee7a8-7304-47c1-8520-63d737812c06,Ue7310890b01058478be93761a56d0aa0,U97eb355bd04afa303f60709f66a36f92,2026-01-11 01:52:21,2026-01-11,ad,yahoo_ads
ec672a96-2025-4104-83a5-217b3d248ab0,Ub0341314a5534ea92b26fa8adc30543f,Ufa6e76b042738fbf428dc847bd2aa66e,2026-02-15 19:15:16,2026-02-15,search,line_app_search
52f0deca-67a7-4452-ba84-e50ee4ababb3,U743849e63f8101ac616f8fd0ba84a167,U04f6bd4ab05dbc089f17daf9e64a1c49,2025-12-11 04:31:54,2025-12-12,link_share,email_share
2cc4d58a-04e0-4ac0-b46e-e135764da641,Ub0341314a5534ea92b26fa8adc30543f,U1f684ddff45b8eee5ee871d794d2adda,2026-02-02 09:51:22,2026-02-02,qr_code,event_booth
21aa4732-6c56-47ac-9f3b-d4bfe67de2e7,Ue7310890b01058478be93761a56d0aa0,U458a4351ed33d1df7fa3ad244598c7d8,2026-03-16 20:03:49,2026-03-16,qr_code,event_booth
1f3ab631-d621-440a-ab6a-a341be876e6c,U1fadb6bf4c876b4dd1e37960d23c5eb4,Uce6b293793ecd203f54134b1f1d9fafe,2026-01-20 02:54:50,2026-01-20,qr_code,store_front
c6cd3f7b-63a5-4985-bf70-8356f0f2204d,U879eb903ad90cd9c2874f6df7651267a,48c896dc1bfe8fb5424765db92d5a488,2025-10-17 23:06:36,2025-10-17,qr_code,store_front
6cae8de8-2e07-4484-bd41-47aff6b1fe6b,U3bae1603803a839c0cb52f511d9cb8f6,Ue3b8c2e39cd6c19323a0e39fe8b01e7a,2025-11-24 05:42:29,2025-11-24,qr_code,store_front
ed61f8e5-1de3-4f5c-8f23-2f7957d0b199,Ud7cd4c737b35e126236570d6cf0e97f4,U55a0bc7cd764a034a9061fbc07e0afdc,2026-01-20 18:18:06,2026-01-20,qr_code,receipt
a97582e9-cbfe-4d6e-a82e-cfc653219258,U743849e63f8101ac616f8fd0ba84a167,91cb1a751ee93ed89f0f87b164752312,2026-01-08 14:27:50,2026-01-08,qr_code,receipt
40c372ae-ff03-4c48-afc2-2317e66ea26e,Ud4a92c8c8050eed40ef171cc2784d638,U0d2ebe0530521d159a6adcae3a8671d3,2026-03-23 19:31:25,2026-03-23,qr_code,event_booth
416df059-ca97-487d-a4e0-e5ee2d5c2c79,U743849e63f8101ac616f8fd0ba84a167,U6504e94292f493a0274b2495284e91e8,2025-12-26 10:57:37,2025-12-26,qr_code,event_booth
ca7edb56-aa1d-4b6b-a1db-278bd7228661,U1ca413826b7044d134c9c3132420c9de,U15e2b0796832d387de915144e75f0a21,2026-03-10 16:58:26,2026-03-10,other,unknown
cd48eb91-746f-4ffd-9742-6b396a5b1fc3,U227d1cd1a801c367de206ec4bbca7330,U091de1d52a4e2145bc759f206e122eeb,2025-11-10 01:51:13,2025-11-10,qr_code,receipt
a85fccba-bb7e-438d-b874-36885cefcbcb,U3bae1603803a839c0cb52f511d9cb8f6,U4a9fb78a1225b9ccf4ab5d6287f3c03a,2025-12-23 23:34:14,2025-12-23,qr_code,receipt
36bb4368-221e-4d06-b2c8-25b1498a7e9a,U7e808d11d6f9901a954a542a7ee09918,Ueefd5194539b0797564967e038bfa004,2025-12-10 11:17:10,2025-12-10,search,line_app_search
c58ad036-6eca-4410-9884-123080770c93,Ue7310890b01058478be93761a56d0aa0,Ua9a601ee2bc8f86e286c4714ea1ce5d4,2026-02-21 01:21:03,2026-02-21,search,official_directory
21b54e4b-fca8-4481-aa62-1958067f00ca,U476acbdef8e9a16d24575e4f6d7b0f31,U0f9a69b0d31fd28c1a1bd6cc6de7af0d,2026-04-13 19:37:41,2026-04-13,qr_code,event_booth
927b0aa8-1bbf-430f-99d0-6b37051ed4f6,U3bae1603803a839c0cb52f511d9cb8f6,U3644e8d52984dc94c9d4e195945865bf,2026-02-06 14:24:55,2026-02-06,qr_code,receipt
058388a7-0f0a-4405-bc62-af16fb586fdf,U3bae1603803a839c0cb52f511d9cb8f6,Ua393d8c409adb7f3f4abb25eba895581,2026-02-11 23:52:29,2026-02-11,qr_code,event_booth
776dec08-e334-4e4e-a996-4b9efe1f2dee,U3bae1603803a839c0cb52f511d9cb8f6,Uc35414747c5f5377eb1fbd3fbb09559b,2026-04-09 19:24:33,2026-04-09,qr_code,event_booth
7e8f59af-7834-4a72-9c75-510f6a0f0b61,U7e808d11d6f9901a954a542a7ee09918,U4a6d2221f2ab0095d1b3616ecac8551e,2026-02-22 00:12:18,2026-02-22,search,line_app_search
9e50543d-11c5-4683-8a4f-f24450e617cd,U3bae1603803a839c0cb52f511d9cb8f6,U6f2f41417950467e4f09e5c1632654ad,2025-12-20 03:13:02,2025-12-20,search,line_app_search
6d59d990-0606-4422-917d-e65c7424a895,U743849e63f8101ac616f8fd0ba84a167,Ub2510761485d8b8ddcca71fa1d55db0b,2025-11-19 14:36:08,2025-11-19,qr_code,poster
bc181c3b-213f-4b7c-b23e-ab20ec0e09fd,U3bae1603803a839c0cb52f511d9cb8f6,Uf950e170ca541c0efd509d9bb447cf3e,2025-11-24 14:52:00,2025-11-24,search,official_directory
fb33d068-f11b-4d65-933c-5cb93b032252,Ub0341314a5534ea92b26fa8adc30543f,U4d7f65689f919abf7bf5ece5fe782384,2026-03-25 22:15:48,2026-03-25,qr_code,store_front
a12e981a-0483-4881-ad16-259b79699d49,U22a93bc29b1df104af6b1ba1cd91fc56,U628bfb64bc8016f2ed6fb77e95eff385,2026-02-11 02:10:44,2026-02-11,link_share,messaging_app
24782aa2-dbdf-49a1-9241-7c811f81094d,U476acbdef8e9a16d24575e4f6d7b0f31,U58c21705bbfa2c8c04159427560a54b9,2026-03-05 04:25:09,2026-03-05,search,official_directory
3ffb6b13-1f64-4bbd-87cb-92b20c68dfde,U3bae1603803a839c0cb52f511d9cb8f6,b11b1dc7c85b51204a420c1612ad3394,2025-11-01 21:53:06,2025-11-01,ad,line_ads
e542054e-628d-4e8a-bdf6-225beb5b0f83,U743849e63f8101ac616f8fd0ba84a167,U365adce84d8d8028b8d02a770a1f83b7,2026-02-12 18:30:33,2026-02-12,qr_code,receipt
49becc89-ecfe-4f8f-9c6f-43b18b856d33,Ub0341314a5534ea92b26fa8adc30543f,Ua961745d25fb87e170f7b3709504b8aa,2025-12-27 14:00:10,2025-12-27,search,official_directory
84725707-8356-46ae-a7bd-e40105650323,Ud4a92c8c8050eed40ef171cc2784d638,U0a7c7b604d6bba23bd7bbcd9c0e2830f,2025-12-23 09:51:32,2025-12-23,ad,line_ads
d119ebb3-7c1b-4996-bb8a-68c0567e815d,U743849e63f8101ac616f8fd0ba84a167,U89182ecb570f94d9a9438f9b11c199c8,2026-03-25 13:54:19,2026-03-25,other,unknown
09c581ca-d7ff-4724-89cd-b8b86d4953ac,U3bae1603803a839c0cb52f511d9cb8f6,U4f2cfb0f225cdbcde7001cde29f760cc,2026-01-26 07:56:52,2026-01-26,qr_code,poster
a35d859c-beb3-4181-8a21-f9eb99f75a73,U743849e63f8101ac616f8fd0ba84a167,U65904ed85217e9d12e5e88a4ae9c7756,2026-01-15 09:17:48,2026-01-15,search,official_directory
77d351ce-545c-48de-8ba4-a7e6bc9b91e5,U743849e63f8101ac616f8fd0ba84a167,U946c991716e71bfd02810a13f76c3554,2026-02-22 11:44:01,2026-02-22,link_share,email_share
5c32eb6d-489f-4fac-b8ad-0f819e1c822b,U743849e63f8101ac616f8fd0ba84a167,Uc2d31d8fa5dd864f2b016454758dbd7e,2025-10-22 02:15:52,2025-10-22,qr_code,poster
a256b1d8-0374-41e5-814e-bf20ad663af7,U837b70463a585f85743b5bfb3b49c9fd,U615ed3872ca0666afdd1ace887712267,2026-04-05 21:53:36,2026-04-05,other,import_bulk
c085c610-4342-4f1a-bbaa-dc66cc4dec6b,U4f8b2d7d97720f7d61a0294f1c9c3877,Uf1c7694c68c514a2567cb5ff9d754274,2025-12-07 10:28:37,2025-12-07,link_share,sns_share
5bbd0512-3d20-43f2-868f-650fcd41efb8,Ud4a92c8c8050eed40ef171cc2784d638,U1164d1323d4b567f5b01b677f44f5763,2025-12-13 01:58:14,2025-12-13,qr_code,event_booth
30a045c9-f813-4751-8e62-dd1fc7343739,U3bae1603803a839c0cb52f511d9cb8f6,Uda4933ff9234c9fc867b86f20295be83,2026-01-14 14:09:38,2026-01-14,ad,facebook_ads
75679369-7d6f-4784-a12d-c152bb9bed15,U3bae1603803a839c0cb52f511d9cb8f6,0c3db0107304fe3b17a32a48f85f7f70,2026-01-19 00:06:50,2026-01-19,qr_code,business_card
cfa8cd29-ee89-4110-9289-754759771c09,Ub0341314a5534ea92b26fa8adc30543f,Uc6e281370c57cf2e52bad438c02137a2,2026-03-17 13:38:43,2026-03-17,search,official_directory
9d9b714b-39b9-406c-b2e7-665b54a05abc,Ud4a92c8c8050eed40ef171cc2784d638,Ud5e34212bb68507b7cf41ce16b6c1f31,2026-01-11 13:55:58,2026-01-11,qr_code,business_card
760fe057-9e48-4c08-b285-832409907fe0,U7e808d11d6f9901a954a542a7ee09918,Ub9a5bceb253d42a187c3498e0c9dbe16,2025-11-30 07:22:16,2025-11-30,search,line_app_search
e0c31322-ee70-4ca9-b879-8497f8343fc4,U4784fc8a8e1e4eb2435ad84e0ad052f2,Ub18475e8eee4ac0a133f4a82d64fffc4,2025-12-02 17:27:35,2025-12-02,qr_code,event_booth
aff594e6-5958-4c25-ae13-dcc6cba5dbf2,Ub0341314a5534ea92b26fa8adc30543f,U06747755032070f0ac374980f714a48f,2026-01-21 21:48:14,2026-01-21,qr_code,poster
d60a52aa-e7d7-44e5-b0dd-60570f0a3c54,Ud4a92c8c8050eed40ef171cc2784d638,U714c1149b6118e1f2290f884487dfc71,2025-11-19 03:23:56,2025-11-19,ad,facebook_ads
53257f9e-65a1-4f58-8da7-739f2dd13eac,U227d1cd1a801c367de206ec4bbca7330,U0c419092a866adae4f7ed495d9f2e811,2026-01-01 04:35:50,2026-01-01,qr_code,business_card
04346ea0-4be4-46be-9fc3-833d6bb608c0,U743849e63f8101ac616f8fd0ba84a167,U273f56ac874ed53a1e944de21ecb87c8,2026-01-11 23:57:49,2026-01-11,qr_code,poster
41b52f21-2d9b-4896-b682-3b3e48feb9f6,U3e5dd3a641c58ad50e49f095c6f1e306,U8cdae1c128803ba4980c9e5137433a3c,2025-11-13 00:17:55,2025-11-13,qr_code,receipt
460c54de-f320-4e26-a595-cd943c6b4989,Ub0341314a5534ea92b26fa8adc30543f,Ufc955afa00050ed14ca456d0c008beaa,2026-01-25 03:29:24,2026-01-25,qr_code,receipt
45fa4a00-7b2f-4f0b-8003-c7849e63fe1e,Ud4a92c8c8050eed40ef171cc2784d638,Uee488989c59bad5d5ac64e0451dd5d12,2025-10-30 13:50:20,2025-10-30,link_share,email_share
b3d6d9b9-167a-457f-b306-bc5f7ee04d49,U743849e63f8101ac616f8fd0ba84a167,Uc1413822aceb99efcff8235ad3d77e8d,2025-11-03 02:57:45,2025-11-03,qr_code,receipt
4e40e2c9-9576-47bc-a4bb-bcbecd8f92b0,Ub0341314a5534ea92b26fa8adc30543f,U1cf2dce0daf7830c956e3211beeedf38,2026-03-19 02:55:22,2026-03-19,qr_code,business_card
a8371ece-36d4-429f-8c36-5d32caf27c3b,Ud4a92c8c8050eed40ef171cc2784d638,Ud65c6ec467728910d97771ced1bd7ba9,2026-04-01 19:44:10,2026-04-01,qr_code,receipt
173ae78b-ef88-495e-9c0d-d6578a9581a5,U743849e63f8101ac616f8fd0ba84a167,Ubbbce6aa96b0a6ec217fee0e5b198283,2025-12-16 13:51:42,2025-12-16,qr_code,event_booth
95349982-982d-4faf-8496-5302aad8593f,U3bae1603803a839c0cb52f511d9cb8f6,U7709f2f0cb49ec0060d96ea46b9dbbe8,2026-01-01 13:00:59,2026-01-01,other,import_bulk
841c6df3-e94d-4082-8252-8a44fa0f39a8,U3bae1603803a839c0cb52f511d9cb8f6,Ufabc63083e10cd24c6623c0020808447,2026-01-06 00:20:57,2026-01-06,search,line_app_search
8990c9c6-e891-45dc-b3b8-23abca3d56ea,U743849e63f8101ac616f8fd0ba84a167,U1b975ce17702963bf713ec978ad7ac59,2026-01-17 06:37:44,2026-01-17,search,official_directory
ae593e61-f615-41b1-8437-90d30dba0343,U3bae1603803a839c0cb52f511d9cb8f6,U558e52703df96a66f97ca4d6a0663afd,2026-01-09 11:03:53,2026-01-09,qr_code,business_card
2b67e587-1289-4dc8-9f82-13fdfdf4f196,U476acbdef8e9a16d24575e4f6d7b0f31,Uef9bbb4aeda358296d59a21fca428d44,2026-02-11 04:16:11,2026-02-11,search,official_directory
b570e531-664c-4623-9568-29622fcae24c,U743849e63f8101ac616f8fd0ba84a167,U0be152a2dec95f72eb270827c925d4fd,2026-03-25 18:31:59,2026-03-25,link_share,sns_share
aa1bf75d-1f75-412f-a7dc-894b42689814,Uc20f9c7e9b662bedec3cb78e127885c7,U350f99d22c3a7f4f5bf090a236ef0c3a,2026-03-07 09:17:14,2026-03-07,search,line_app_search
460f290e-a2a8-46bb-b60c-a55c9dacfab4,U3bae1603803a839c0cb52f511d9cb8f6,U0eb0dc4c3deb98ba9c1a13aa1a07ca7f,2025-12-30 16:23:21,2025-12-30,ad,line_ads
a5959f0d-964d-47b5-a9ef-af621ad365e0,U227d1cd1a801c367de206ec4bbca7330,U6860aa39c3b2e6215708cfb5e482052a,2026-02-03 17:21:55,2026-02-03,qr_code,receipt
33ccfe3d-3c40-4a30-b6ec-9b9b743d0c14,U3bae1603803a839c0cb52f511d9cb8f6,Ubd3d409f5f3844e71ce466957fa280df,2026-03-16 12:44:07,2026-03-16,other,import_bulk
ed6ae6ef-f593-4729-ad15-7c80209ea74b,U743849e63f8101ac616f8fd0ba84a167,Uc41501bb1de097d0be26fac8fb5a7351,2026-02-26 16:28:25,2026-02-26,search,line_app_search
07040119-1500-4907-8fef-1ac4b55fe6a2,U3bae1603803a839c0cb52f511d9cb8f6,Ue247cb4cdfdf7b5c1cd7a9e3bf3ff131,2025-11-09 09:15:13,2025-11-09,qr_code,store_front
ede33ab4-9922-4e7a-aadc-9b4b3fadc64a,U3bae1603803a839c0cb52f511d9cb8f6,U5a7ab758cc7545f615d642792cdd5b22,2026-03-05 03:33:25,2026-03-05,search,line_app_search
f96e3b28-ea84-4c80-8253-75b9cb633b6f,U7e808d11d6f9901a954a542a7ee09918,Ua33fe664bc2fc8a4af55b646ed5adafa,2026-02-28 06:11:39,2026-02-28,qr_code,business_card
4c029173-3370-4722-9fa9-4d417317422a,U879eb903ad90cd9c2874f6df7651267a,Ue1fe425d53f89a72b685979fe837c793,2026-03-07 21:54:25,2026-03-07,qr_code,poster
e74b5939-f8c2-4779-a9b3-c2e727cced72,Ud4a92c8c8050eed40ef171cc2784d638,U75b5f1964037b36866470b9b9aea6a3a,2025-11-03 19:15:56,2025-11-03,qr_code,event_booth
dcec569c-e260-4ef0-9e1b-c84e091eefd5,Ub0341314a5534ea92b26fa8adc30543f,U9ad49d7049fc90add11d84c99fbd6b50,2025-12-09 22:54:08,2025-12-09,qr_code,business_card
24d07828-147d-4f34-8da6-254ba3f8536e,Ub0341314a5534ea92b26fa8adc30543f,U945be46388cede81c01abc4b70ba562c,2025-12-21 22:48:56,2025-12-21,other,unknown
a62be91c-fe5d-4427-8291-548921ed926f,U3bae1603803a839c0cb52f511d9cb8f6,Ua716196bab268ce1b1b0c350546ab655,2025-12-18 09:00:25,2025-12-18,ad,google_ads
ed0d87de-f0c0-4aa0-848c-02812af6e41d,Ub0341314a5534ea92b26fa8adc30543f,Ua6b0fb68d80d4d7fa04730e4ada5ffc8,2025-12-01 06:42:19,2025-12-01,search,official_directory
2edde0c7-5a0c-452f-8d43-640fc687460d,U743849e63f8101ac616f8fd0ba84a167,Ud44581aa990ab3435d59dbb782dcb8da,2026-01-10 19:17:43,2026-01-10,qr_code,store_front
30492678-424f-43cc-bf43-873fc021c90a,U7e808d11d6f9901a954a542a7ee09918,Udacb13f8562d5f6b7f07cae037bae27b,2026-02-19 02:43:40,2026-02-19,search,line_app_search
336c83a0-46c5-43ee-9b38-3913d599bd42,U837b70463a585f85743b5bfb3b49c9fd,U2a65b03db2df1b5ecaf71a6eabe4e72b,2026-02-13 07:50:52,2026-02-13,ad,yahoo_ads
54e9ea7e-ed79-4f8c-85e4-7f6a9a335038,Ub0341314a5534ea92b26fa8adc30543f,U1a4b94f74cca04bb9202585084c53e18,2026-01-27 22:31:11,2026-01-27,qr_code,store_front
2c63d46a-c21d-4791-b374-68649ca45963,U743849e63f8101ac616f8fd0ba84a167,Ud993a92c6c0974f5860c83d3678d733d,2026-03-18 02:54:54,2026-03-18,qr_code,event_booth
248eec94-74db-4ceb-8c20-b257d3949938,U743849e63f8101ac616f8fd0ba84a167,810d56c85d1da1042527e0f70badfb52,2026-01-25 05:46:54,2026-01-25,link_share,email_share
8761fdb8-c4f0-460a-83ae-3a45bef9f9ee,U476acbdef8e9a16d24575e4f6d7b0f31,Uccf18cdfb4dd8310f486ecb1a6ee3cf1,2025-12-22 14:48:10,2025-12-22,ad,google_ads
4a29afb8-4ad7-48b7-9bed-e559727034de,U227d1cd1a801c367de206ec4bbca7330,Ubda63ec6f2dec418bce9a0f4aa710747,2026-02-10 19:59:55,2026-02-10,link_share,sns_share
8a20f2ad-81cc-4624-85e0-02cd0cabbd9b,Ub0341314a5534ea92b26fa8adc30543f,U47d6e235e2153d8d60c95bc055be03ca,2025-12-16 13:01:11,2025-12-16,qr_code,poster
1a28eb30-dee1-400b-9327-7d55b1a0b9cc,Ub0341314a5534ea92b26fa8adc30543f,U2a86f03fecb3ed86be2aad4e0476cb15,2025-11-11 09:36:24,2025-11-11,qr_code,event_booth
88d84241-d9d9-48c9-881e-77bde2e7f266,Ud7cd4c737b35e126236570d6cf0e97f4,5b8ab7c845187bdb4b228f7cb68965bf,2025-10-29 12:58:01,2025-10-29,search,line_app_search
846c6aa6-dcda-4050-82d0-b0170e976b8f,Ub0341314a5534ea92b26fa8adc30543f,cc45bd973051e7f2410d54baf53ea647,2026-02-02 09:41:12,2026-02-02,other,unknown
f3dabf2c-d64c-45c1-b944-38a15301d747,Ud4a92c8c8050eed40ef171cc2784d638,Uee3ff22897ec90f328a844e7451c53a4,2026-01-18 11:51:47,2026-01-18,ad,facebook_ads
46211f93-275d-40fb-88a3-e83f97690714,U743849e63f8101ac616f8fd0ba84a167,Uc4a36bd1b9c136e315e05da6ed6cc74b,2026-01-05 11:46:17,2026-01-05,other,import_bulk
de7b8b49-20a5-48a7-9f8f-64646c31ac70,U3bae1603803a839c0cb52f511d9cb8f6,U34c3e2b320020757a70aec660974ff59,2025-12-02 10:41:18,2025-12-02,search,official_directory
13daf771-a4fb-41ac-9548-9d51f6f42e7f,Uc20f9c7e9b662bedec3cb78e127885c7,Ue491b1d6b369e1fa7a555becfdfee966,2025-11-02 21:10:24,2025-11-02,link_share,email_share
ded42be6-5954-49c3-94dd-58138b3d66dd,U743849e63f8101ac616f8fd0ba84a167,8ce20d2f0319463115cb500f9ee37d5c,2026-03-27 12:52:46,2026-03-28,link_share,sns_share
4f10d71c-7af8-49d4-b20f-8bd333700f7c,Ub0341314a5534ea92b26fa8adc30543f,Uf49bc32ebb2c6466e37a9d251bcedf4f,2026-02-27 08:01:10,2026-02-27,search,line_app_search
84440a3f-3680-4291-a05f-5225c99c567b,U227d1cd1a801c367de206ec4bbca7330,Ue6f678c9798dc5399905ef353d2ea3b3,2026-03-19 17:54:50,2026-03-19,qr_code,poster
f6322530-56a1-45a8-ac3f-24da1aaa4020,U4f8b2d7d97720f7d61a0294f1c9c3877,Uf1c7694c68c514a2567cb5ff9d754274,2025-11-24 10:28:37,2025-11-24,link_share,sns_share
af588acd-a685-4ab9-a518-7f62f91feb25,Ue7310890b01058478be93761a56d0aa0,U7c5b8c6cdaed6e5a2ee7600968f06ef0,2025-12-07 08:19:36,2025-12-07,qr_code,receipt
a647b7d8-8d1e-4498-9d05-2789fd7fdc74,U3bae1603803a839c0cb52f511d9cb8f6,fe92b9cd9b3f98ed3b19fb5ad2c88fa4,2025-11-23 01:37:07,2025-11-23,qr_code,receipt
024f79d0-b826-4065-8913-72e961367664,Ub0341314a5534ea92b26fa8adc30543f,5ca6fe59f61cf363a4d692cf6b4dee15,2025-11-18 21:09:52,2025-11-19,qr_code,poster
4d593a4b-ac9d-4cad-ab0e-014df20ff327,Ub0341314a5534ea92b26fa8adc30543f,Ufdc5116d630f84e06c4647bd16347bda,2025-11-17 12:18:20,2025-11-17,link_share,sns_share
e719ac16-5a79-46c0-a8a1-e32fd44d49f1,U837b70463a585f85743b5bfb3b49c9fd,U76a547834e34ec385c3945653cb0d42e,2026-01-04 04:49:38,2026-01-04,link_share,messaging_app
f727703b-fccc-4faf-abfd-5e905cd936d4,Ud7cd4c737b35e126236570d6cf0e97f4,c623e8fb295859fbbdf31e9f0c6f321d,2025-12-21 07:10:11,2025-12-21,other,unknown
f1603151-c905-4bf8-979b-943f4545f713,Uc20f9c7e9b662bedec3cb78e127885c7,U86e03f4ee95c108b3d3d15555836eced,2025-11-11 04:01:16,2025-11-11,search,line_app_search
42519d10-5438-4a9f-aca3-0e060a3a0cc5,Ub0341314a5534ea92b26fa8adc30543f,Uc5e9bf3e105d929ad0ab2b28b1681e56,2025-11-14 03:04:26,2025-11-14,qr_code,receipt
354a554d-4033-4022-8ee1-ed7d7ff28866,U743849e63f8101ac616f8fd0ba84a167,U6900c22280a925ce72183edde99abb8a,2025-12-17 22:08:08,2025-12-17,ad,line_ads
bec5a28a-9ff4-4461-b0b8-ec00e3485333,Ud4a92c8c8050eed40ef171cc2784d638,Ue723aa8dcc2dc792b5be8abccb35cbc1,2026-02-28 02:17:11,2026-02-28,qr_code,store_front
4db854b1-5285-4ac0-9035-355f376b66e7,U743849e63f8101ac616f8fd0ba84a167,U6c3c7849e6cd2584ae59c8f0fb4619b1,2026-02-02 15:48:11,2026-02-02,search,line_app_search
9084cb4b-0cdf-47eb-897c-58f2e9bc1138,Ue7310890b01058478be93761a56d0aa0,Uefa50d7d645745bcb6d1f21a551f08f1,2026-04-12 12:36:36,2026-04-12,qr_code,store_front
5d6fd492-7182-4814-9dc1-799bfa5841e1,U4784fc8a8e1e4eb2435ad84e0ad052f2,Ua149e628068fd952b85a2b1453dc2365,2026-01-17 03:32:02,2026-01-17,search,line_app_search
6c8887a9-7006-4317-9f7d-96c9e7160305,U227d1cd1a801c367de206ec4bbca7330,U49d793f69bd7fe2e59cdb445a2fb2e3a,2026-01-10 04:35:27,2026-01-10,link_share,email_share
67e2ddeb-7b01-47b4-8a35-2790c79791b7,Ub0341314a5534ea92b26fa8adc30543f,Uc89099829a591fbf99688116c1650243,2025-12-08 15:09:29,2025-12-08,qr_code,event_booth
a3c181ed-85bc-47b5-ae55-acca473a4dcf,Ue9a1e8a5b83a6b296d43c957a8cfba4a,U96d466c62697914f5e9d307195015c29,2026-02-01 19:36:51,2026-02-01,qr_code,event_booth
204c7b81-2df3-4cd9-af25-177c78c986de,U743849e63f8101ac616f8fd0ba84a167,U73a42c60e692e8f52db5e6c4ea89472f,2026-01-21 18:44:57,2026-01-22,ad,line_ads
fbcbeb4a-aad3-484c-9779-1125f9918368,U4784fc8a8e1e4eb2435ad84e0ad052f2,U2ab8e8498e88bfe76fe184b589699327,2026-02-01 13:22:25,2026-02-01,search,official_directory
f96f18a1-dab2-4e88-abd5-c14250bc5f0a,U227d1cd1a801c367de206ec4bbca7330,U6337c155363c003ec8953ee8e3e577ab,2025-12-01 03:18:12,2025-12-01,link_share,messaging_app
daac6cd6-ba81-4303-b39a-893fc2513c9d,U3bae1603803a839c0cb52f511d9cb8f6,U17b82488b71c1a774ec252047f66fe66,2026-02-09 06:13:07,2026-02-09,search,official_directory
02877b67-5c3c-473d-9592-f2ff65b203a7,Ub0341314a5534ea92b26fa8adc30543f,Uafec2854dcb000af04a7da70c0e72cda,2025-11-07 05:26:56,2025-11-07,link_share,messaging_app
b1b769ef-9616-4f58-93fa-0727f137cf10,U743849e63f8101ac616f8fd0ba84a167,54c82425ad3f45719f146085e29a6faf,2025-12-07 12:11:57,2025-12-07,qr_code,business_card
e6b5fb31-20b6-42ae-968b-80268cdef929,U1ca413826b7044d134c9c3132420c9de,Ue6c230360f48857d72ad73b7db57c1c0,2026-03-13 05:15:27,2026-03-14,search,line_app_search
77639557-c28c-49cc-b9ab-41b86a84b373,U743849e63f8101ac616f8fd0ba84a167,U8a8b6a7277ecb694a5546be60d75a923,2026-03-09 09:54:09,2026-03-09,search,official_directory
6c9da0cc-e589-4bf0-9c36-a59c7fe21c4a,U22a93bc29b1df104af6b1ba1cd91fc56,U0943470810cc1765bb5ce73eafa319f5,2026-02-15 04:02:48,2026-02-15,qr_code,event_booth
5c693b58-bc9f-4ae8-b5f2-47c823676697,U3bae1603803a839c0cb52f511d9cb8f6,U4d77ea28b09daf331ccce6689af74119,2025-12-21 07:47:22,2025-12-21,qr_code,store_front
d9afcd20-edd6-4984-93dc-1cb8673161d2,U3bae1603803a839c0cb52f511d9cb8f6,U7634d064992412207b78437f11ec886d,2025-12-05 10:04:43,2025-12-05,search,line_app_search
057f4296-a7ce-49bb-898e-a547cccda2b8,Ub0341314a5534ea92b26fa8adc30543f,U8e06fbc60ca1dc9640150e127323c19a,2026-03-07 23:48:31,2026-03-07,qr_code,event_booth
8c9a2612-d7bf-4c3b-bac9-6af636e371b9,Ub0341314a5534ea92b26fa8adc30543f,U49d816fa7ff0e2efdcbca1a348ef7582,2026-03-31 18:59:31,2026-03-31,qr_code,poster
5123adb5-4ce3-4489-91b2-41d30e814ff1,Ue9a1e8a5b83a6b296d43c957a8cfba4a,U9a37c2092129a6a089e0e81dd1ffee62,2026-03-09 17:18:26,2026-03-09,search,official_directory
be1f03c7-3b53-4eaa-aabd-d44ce3200fc2,U3bae1603803a839c0cb52f511d9cb8f6,Uc3935051515dfaf05cb85e57dfa3dfce,2025-10-28 21:12:48,2025-10-28,search,line_app_search
d7789a6e-a66f-4339-85e9-5232c2dffd08,U743849e63f8101ac616f8fd0ba84a167,Ufeb1a833f9f63026f344654e8c4524d7,2025-11-26 23:52:57,2025-11-26,ad,facebook_ads
37b4d3a4-3253-4569-acff-69b9195cb032,U4784fc8a8e1e4eb2435ad84e0ad052f2,U0ad6fc125ff66f29b7bd5f9ec47fbd0a,2025-11-18 10:50:28,2025-11-18,qr_code,receipt
22b7a7d5-f115-4a9a-abec-b452301f8b23,U743849e63f8101ac616f8fd0ba84a167,U92c2b3d699de17edf40994ef8e17c3c8,2026-01-07 13:43:21,2026-01-07,ad,yahoo_ads
39a57546-f4fa-45e1-a856-b9e7e745da9e,U7e808d11d6f9901a954a542a7ee09918,U6906f31a08a9a9de2f3568a443aa133e,2026-04-12 15:42:29,2026-04-12,ad,yahoo_ads
e5da7867-8e65-4544-ade3-5f5ffb20d7ea,U3bae1603803a839c0cb52f511d9cb8f6,Uafe86d0e931c96598d66a5f6937b1cef,2025-11-15 05:35:56,2025-11-15,search,official_directory
c7cce503-5585-4f4f-92bf-dd5b5c42964c,U743849e63f8101ac616f8fd0ba84a167,U6966bd125cd70cad75ca9b0d44c21cef,2026-02-01 23:07:47,2026-02-01,search,line_app_search
9714a9c6-0598-45b6-817b-2c72cc456e31,U3e5dd3a641c58ad50e49f095c6f1e306,U0ab6e9d62d38cee26b89b82daf913b5f,2026-01-20 18:44:45,2026-01-20,ad,line_ads
226b92d8-2eed-4cd2-8700-a5944599350d,Ud4a92c8c8050eed40ef171cc2784d638,U3c46248b0f01f76b333bec1a4502ee6e,2026-03-20 20:19:57,2026-03-20,ad,line_ads
dc300ec2-8bdf-4393-a6b3-ba4d67421d0b,U3bae1603803a839c0cb52f511d9cb8f6,Uba19f5136374903d8e2c7dc6f7a8b11f,2025-11-02 11:51:18,2025-11-02,search,official_directory
8f5c5ba6-32b1-4233-b3fc-d2929a9878e3,U3bae1603803a839c0cb52f511d9cb8f6,19eed23b56d6a2c0010a93604531bbbf,2026-04-03 23:08:02,2026-04-03,search,official_directory
0468fd32-ea9d-4563-b106-fe47648ec175,U4784fc8a8e1e4eb2435ad84e0ad052f2,Ue1e2da13b8e70cf1215464c27ba2ed19,2026-03-17 11:36:10,2026-03-17,qr_code,business_card
1384880c-e474-4d9a-87f5-e94058927735,U743849e63f8101ac616f8fd0ba84a167,6a095d5b37785fd2f8de5e21309a37aa,2025-10-26 10:54:47,2025-10-26,other,unknown
9836d80a-bb26-4b7d-b743-82e8a25dff6c,Ub0341314a5534ea92b26fa8adc30543f,U258bd1393277c87b46a63af0b91d6dc3,2026-02-17 09:31:43,2026-02-17,link_share,messaging_app
9f61b127-06ec-4ae5-b93d-6f64fd3729b6,Ub0341314a5534ea92b26fa8adc30543f,21e487b1861a95f198cf6ba81dad48aa,2026-02-13 14:22:42,2026-02-13,qr_code,receipt
add956a0-3eaa-4eb5-8ace-6c42c1ddae97,U7e808d11d6f9901a954a542a7ee09918,Ua40fcc3b63c455a57687a5ad0139afcf,2026-02-25 17:20:31,2026-02-25,search,line_app_search
37780104-107d-4049-8738-674e8a22ef8a,U3bae1603803a839c0cb52f511d9cb8f6,91a8dfe35d115f5f525dcb00088a634c,2025-12-02 15:24:44,2025-12-02,search,line_app_search
3ecea484-b7e5-4e24-8976-bbd4c6390ad4,U227d1cd1a801c367de206ec4bbca7330,U3d50a5cef239d77ed635603ee7789b10,2025-11-11 11:24:15,2025-11-11,ad,yahoo_ads
8193ae05-edb3-4d91-ae06-5e891b5c91db,U743849e63f8101ac616f8fd0ba84a167,Uacdcde29a3874827d4662a1d5dd0146b,2025-11-18 10:43:37,2025-11-19,search,official_directory
476636a6-63b7-4312-a9e9-73cf5c28e6d9,Ub0341314a5534ea92b26fa8adc30543f,0c893dc26471e8b6f3a41210fc24c3e3,2026-03-19 02:49:16,2026-03-19,search,line_app_search
96235e9a-f50e-450d-967b-7a926e63fae8,U743849e63f8101ac616f8fd0ba84a167,317bf8afd052e3ad05ca812d05c4e063,2025-11-25 22:20:06,2025-11-25,search,line_app_search
c3f9cf1b-f200-462d-ab83-7caf5975cee7,Ue9a1e8a5b83a6b296d43c957a8cfba4a,Ud5d013d90be77e34d4c1378411d45ca7,2026-02-07 11:39:57,2026-02-07,qr_code,poster
32659437-b85b-4bc7-95f9-3072bfcab232,Ub0341314a5534ea92b26fa8adc30543f,2252b9a0c472eb0478fd3e3b1a48be92,2025-10-28 02:11:56,2025-10-28,link_share,email_share
806c50f1-9161-4368-9746-f17ddb6c3aed,Ue7310890b01058478be93761a56d0aa0,U00a46a92733e3c2b6df89969eee11da4,2026-04-13 05:39:45,2026-04-14,qr_code,store_front
9294ef04-57b5-4266-bc22-709190246d61,U227d1cd1a801c367de206ec4bbca7330,U12b20b011f3d6ce3a38e0e020a155d5f,2026-01-27 14:10:35,2026-01-27,other,import_bulk
10f8178b-2431-4b65-8beb-ec04e7178519,Uc20f9c7e9b662bedec3cb78e127885c7,U9d2198e5bac9229a2db55d6d39892306,2025-11-29 17:28:15,2025-11-29,qr_code,receipt
246b89bd-8797-450c-b0d7-8c222131a932,U879eb903ad90cd9c2874f6df7651267a,U0d3803f8cd6258a626fff9f9b6456365,2026-04-01 03:33:09,2026-04-01,qr_code,receipt
5110bd52-fa9a-41f6-9006-880f2787d581,U3bae1603803a839c0cb52f511d9cb8f6,U6e647c2eebc2edad7cc6a9a2a30e7c35,2026-01-28 06:32:42,2026-01-28,other,import_bulk
36887f85-16e8-4fbd-96bc-0358a4ae7386,U227d1cd1a801c367de206ec4bbca7330,Ude1375621a0f817c4fda8c4d9e192677,2026-03-10 23:49:54,2026-03-10,qr_code,event_booth
f67f43dd-1b1d-47f9-a0bd-f88d5c8e4ef1,U7e808d11d6f9901a954a542a7ee09918,7dce1e57affe3dbd5bdc7279d7ed0e17,2026-02-12 16:28:04,2026-02-12,qr_code,receipt
f64b9500-8995-401d-b7e1-13b26db56b15,U3bae1603803a839c0cb52f511d9cb8f6,U62d4bd9d67b5ffbb8e3f7bbf672f1771,2025-10-31 11:59:53,2025-10-31,search,official_directory
5c76494b-5d2e-41c2-a592-b133f09820e9,U3bae1603803a839c0cb52f511d9cb8f6,U077924140992311970a9d09047c0401b,2026-01-25 23:26:02,2026-01-25,search,official_directory
1770c039-baf6-46ee-aec0-af735f392d35,U743849e63f8101ac616f8fd0ba84a167,Ubff60019c79e64ab7b4d49c50c7fe19f,2025-12-25 14:46:25,2025-12-25,search,official_directory
1648095c-eaf7-4138-b25e-da5fe52100d3,U743849e63f8101ac616f8fd0ba84a167,U12c61acc59c322f3067c14725eae2497,2026-03-24 04:40:36,2026-03-24,qr_code,receipt
5da3e073-24d6-472b-989b-a8607ff6959b,U227d1cd1a801c367de206ec4bbca7330,U37ee3ff6f96a08ffedfd7f8fba9a11fb,2026-04-12 12:33:42,2026-04-12,search,official_directory
ac6eea72-fe06-4ac6-a0ae-7e497e57f62a,U3bae1603803a839c0cb52f511d9cb8f6,U2088733cc6fd09dc9ba6b3a8aa73143f,2025-10-29 04:58:18,2025-10-29,search,official_directory
127c30f7-c989-492d-808f-8bf1c0c01871,U3bae1603803a839c0cb52f511d9cb8f6,U7235303f9725e1cde54f7e361efc3f3e,2025-12-05 15:46:55,2025-12-05,qr_code,event_booth
1cf49016-62ab-47be-84da-a68b9c8ba9c7,Ud4a92c8c8050eed40ef171cc2784d638,608a4ea768263b56c090f1c5ffb923b5,2026-01-06 20:46:35,2026-01-06,qr_code,receipt
1f11bc01-f8ca-4b5e-b30f-12117f19e0a0,Ud4a92c8c8050eed40ef171cc2784d638,U833f799f25ddb4de434137287da70376,2026-03-25 18:43:43,2026-03-25,ad,google_ads
726022d7-20ab-4a7e-9a8b-1244e1e5f4cb,U3bae1603803a839c0cb52f511d9cb8f6,U067c1296619b24e1d0db02d9de0ee1ba,2026-03-12 02:28:43,2026-03-12,qr_code,event_booth
eb5360dd-57e8-4c38-9d84-a07e7248f089,U743849e63f8101ac616f8fd0ba84a167,Uff57dab4b5d09d73e37a8eb52f5219e3,2026-04-09 06:24:18,2026-04-09,qr_code,store_front
b66babd9-5614-4a70-87fa-beff72cf8d73,U743849e63f8101ac616f8fd0ba84a167,Uc6ebb900d592e92de8a63718b1eed72a,2026-01-03 19:32:50,2026-01-03,search,line_app_search
1fd51fc9-ae72-408c-8988-a2c3524393fc,U743849e63f8101ac616f8fd0ba84a167,U9974b3732f775d5fb3370c835b9174dd,2025-11-13 02:29:33,2025-11-13,qr_code,store_front
52b539a0-5ca7-4a3e-9124-f8caea31cc8c,U743849e63f8101ac616f8fd0ba84a167,U396ba673c49dae21bef3c789416366a6,2026-01-30 13:17:10,2026-01-31,ad,google_ads
81b86fb8-31ef-49f0-a30a-47c575c9e8c1,U3bae1603803a839c0cb52f511d9cb8f6,U91ecbea01f50985a34446e20e7d7a843,2025-11-07 08:58:08,2025-11-07,other,import_bulk
34e9ce26-96c6-4c6a-a3e7-91c886230688,U3bae1603803a839c0cb52f511d9cb8f6,U34cfc5e16313c0a0d214eda8773d8365,2025-11-19 02:22:24,2025-11-19,qr_code,event_booth
26766174-3a7d-43d4-b00b-76401e6ff3d3,U3bae1603803a839c0cb52f511d9cb8f6,U98d69c500aa40a25c294980911c9da15,2026-01-23 03:44:35,2026-01-23,ad,yahoo_ads
f822f066-e6f4-4864-9d3c-df23e4d4ae9c,U1ca413826b7044d134c9c3132420c9de,Ua6104000653e4530c7e30b86def60b47,2026-02-11 11:31:14,2026-02-11,qr_code,poster
a8cbfc3d-2ef6-405a-9d21-8dd6288c7a6e,U4784fc8a8e1e4eb2435ad84e0ad052f2,U48cf124041586b53eaab7b9cf6bf8467,2026-02-02 21:42:55,2026-02-02,search,line_app_search
fcdbed7b-0ef8-4086-8211-a0df7acdef9e,Ub0341314a5534ea92b26fa8adc30543f,U483e0a3f1d7cb1cf3d449d375f61ca2b,2026-02-21 10:43:35,2026-02-21,qr_code,event_booth
a573f580-83cd-4af7-9a0b-4765c6e9434b,Ue9a1e8a5b83a6b296d43c957a8cfba4a,U9a0d96f3f14a9b0dc0d83223246f1b53,2026-02-08 15:12:08,2026-02-08,other,unknown
b02f918d-fec1-4679-92ae-1a5827d60e71,U1ca413826b7044d134c9c3132420c9de,Ud26937fe16d62168b667e37788ae97c0,2026-01-15 09:48:44,2026-01-15,qr_code,business_card
412255a4-74f2-4d56-9655-2efab1d23945,U3bae1603803a839c0cb52f511d9cb8f6,U3d448c0b6c07323c95960556c8129c29,2026-03-13 11:07:39,2026-03-13,search,official_directory
a7535f22-73e4-4c95-bded-2868dc06811b,U4784fc8a8e1e4eb2435ad84e0ad052f2,22b9ec2e3a9c541a353a894c3f90fa62,2025-11-25 10:44:42,2025-11-25,search,official_directory
d944a953-0e08-4c52-99d8-a5b090ef9822,U476acbdef8e9a16d24575e4f6d7b0f31,Uf73312e05a70f19e67b64090d99e8669,2026-04-04 11:34:11,2026-04-04,search,line_app_search
be3a2896-f076-484f-bcc0-24852075aaae,Ub0341314a5534ea92b26fa8adc30543f,U16fd29e8aa45a7324c44e107c421b81d,2025-11-17 17:53:35,2025-11-17,ad,yahoo_ads
fce4bbb2-d175-44e9-9722-1d3fe5e94acc,U7e808d11d6f9901a954a542a7ee09918,U2f193686c52796b3e041892a69b2dc6d,2025-11-12 22:02:29,2025-11-12,other,import_bulk
c80c6197-bc0c-4e81-ab16-46d7c3429064,U743849e63f8101ac616f8fd0ba84a167,ebf5fe8bc00b170cda1f96bfcce32017,2026-01-15 03:24:27,2026-01-15,qr_code,receipt
a1025cad-82e7-4bfe-ba40-92a87efd05aa,Ue7310890b01058478be93761a56d0aa0,U3feeafd74f2ab1d75a518dfab6d97e1b,2026-03-06 14:52:35,2026-03-06,search,line_app_search
c17d64cf-3792-49d0-9b65-2b43d2c45591,Ue7310890b01058478be93761a56d0aa0,U8ed09055f53a3bd6047cfe73f19c0faf,2026-04-01 17:37:42,2026-04-01,other,unknown
05dcb20c-1e55-44e0-983c-86c67700169e,U3bae1603803a839c0cb52f511d9cb8f6,69d63daf190d40e795f2a6062136245e,2025-11-19 02:59:34,2025-11-19,ad,yahoo_ads
6713b76d-ebb0-4f6a-90a4-8a26723444d9,U7e808d11d6f9901a954a542a7ee09918,Ua3e5c053dd8a2c7f2ccb0c459b9ae868,2026-04-09 15:25:54,2026-04-09,ad,yahoo_ads
cb65bd08-355a-415d-862a-7d0be6d5c1e5,U1fadb6bf4c876b4dd1e37960d23c5eb4,U28ced17dd8f3d9d3a8cb2c5c7c5df172,2026-01-03 13:07:32,2026-01-03,ad,line_ads
bcaac84f-c081-4f89-972d-2ae06cc45652,U743849e63f8101ac616f8fd0ba84a167,Ucddfbfd4857e0e7d29d93624cf5ca51c,2026-04-02 12:02:30,2026-04-02,search,line_app_search
0639ca38-c004-46e9-881f-cbd2d822cfb6,U4784fc8a8e1e4eb2435ad84e0ad052f2,U0ed19b6b0b4ad9dfc6e9b028815c5747,2025-11-15 01:36:33,2025-11-15,ad,yahoo_ads
587afbe3-f9c1-45bb-92af-dd115aedcca0,Ud4a92c8c8050eed40ef171cc2784d638,U555fe790e21230e295d4b67c974ee511,2026-04-12 09:25:13,2026-04-12,search,official_directory
980b4060-92a9-4c8f-894b-247f082b1dde,U3bae1603803a839c0cb52f511d9cb8f6,U71b57d436a7f6cd9185952ab83e90a3a,2026-03-06 06:16:56,2026-03-06,link_share,messaging_app
84885711-34e6-4dae-8f5a-cb689ab2abfc,U22a93bc29b1df104af6b1ba1cd91fc56,U26927f561df2ab50d445ffb274aca077,2025-12-07 04:22:31,2025-12-07,ad,yahoo_ads
00419d4a-9e00-497f-b658-1fcdde653af5,U4784fc8a8e1e4eb2435ad84e0ad052f2,U84184296aa597b5d4ff8651f2c265043,2026-03-31 19:57:59,2026-03-31,link_share,messaging_app
d7159f7c-1bb3-4865-b408-9be11ba7f31c,Ub0341314a5534ea92b26fa8adc30543f,Uf92cbaf5ef207a4ef6c1b94a9298ff88,2026-01-18 16:15:19,2026-01-18,qr_code,receipt
8952bda4-9903-4709-b616-99d62b9d98b0,U3bae1603803a839c0cb52f511d9cb8f6,U25529c2963406605853cfa2975699b7c,2026-02-26 21:56:51,2026-02-26,qr_code,receipt
0cca6675-cf73-4bd2-bffe-f2c69078e9b8,Ue7310890b01058478be93761a56d0aa0,U6ef9202d267103d4244f0fb1368c90c4,2026-03-12 17:41:39,2026-03-12,qr_code,event_booth
c3cbacb8-47b0-4f26-bfec-f80db83496a1,U3bae1603803a839c0cb52f511d9cb8f6,Ucdd534a3f5642007e01be19c662ddcd5,2026-04-10 13:03:24,2026-04-10,search,line_app_search
2a389b3b-1e01-4cc9-b7ab-4c035f1db433,U743849e63f8101ac616f8fd0ba84a167,588eb0994a54f6946a75c006a3330866,2025-11-22 12:26:14,2025-11-22,search,official_directory
8d535d11-b111-4438-b02e-93f56397d161,U743849e63f8101ac616f8fd0ba84a167,U5888ae6a3be68d1448de373ae9ce07b2,2025-10-28 02:02:00,2025-10-28,qr_code,event_booth
3c94eecb-53ff-49fd-821b-4f9fd3ec0cf0,U3bae1603803a839c0cb52f511d9cb8f6,Udbd130be35e25679dffd3d41e94682e5,2026-01-28 16:45:44,2026-01-28,qr_code,event_booth
241308cf-c1b6-4892-8ea4-c5cc700cf68a,U3bae1603803a839c0cb52f511d9cb8f6,U05329eabd436b1cce82fe1c1897e257c,2026-03-29 20:30:12,2026-03-29,qr_code,business_card
a4c0f19c-f8e9-4bdf-9d33-18a124a91b25,U3bae1603803a839c0cb52f511d9cb8f6,U91926b0abbcd3c855428ff60c971e37e,2026-04-05 18:59:23,2026-04-05,qr_code,poster
47df2c38-97ad-4588-b632-46e8b8373916,U1ca413826b7044d134c9c3132420c9de,Uefd6f8fd94a8955ec23bdd2542ee7ba5,2026-02-08 13:38:49,2026-02-08,qr_code,business_card
48c595b2-59ea-4e33-ac96-be2260f800db,Ub0341314a5534ea92b26fa8adc30543f,Uf2960a7bd1d23b6a677c3712d920c36c,2025-12-08 06:52:55,2025-12-08,search,official_directory
fa22370e-8383-4c40-be49-a5136d9730de,U743849e63f8101ac616f8fd0ba84a167,U20dff4cde9035768adad90d7a4a74dc1,2026-02-23 20:26:42,2026-02-23,ad,line_ads
e61db643-53b8-4c22-b0cb-210590a3fe5b,U3bae1603803a839c0cb52f511d9cb8f6,U6ded4655f6bc17874e809b697f59ab59,2026-02-03 23:48:54,2026-02-03,qr_code,store_front
b6344c04-038b-42e2-ab4a-c59788bc0593,U7e808d11d6f9901a954a542a7ee09918,Ufe40e11b79f0d92ce61b99ace3eb6e2f,2025-10-29 21:15:09,2025-10-29,search,line_app_search
74bc6936-2d68-4a57-85f9-60d796e64835,U743849e63f8101ac616f8fd0ba84a167,U45d54257d6c77bf07b1f2845697fe60f,2026-01-16 06:01:38,2026-01-16,ad,yahoo_ads
490346da-725b-40c0-86b5-225117783250,U3e5dd3a641c58ad50e49f095c6f1e306,ffeb1d49e5199a45c2570656e87e3cff,2025-10-24 07:38:03,2025-10-24,search,official_directory
a2cea7a7-388d-4182-8fab-c4ad63966ab6,U743849e63f8101ac616f8fd0ba84a167,Udc23c6be9db3e208f773059171ec2e61,2025-12-10 07:36:08,2025-12-10,qr_code,receipt
62f1882d-3d38-491d-a7a0-921ca395cbb0,Ub0341314a5534ea92b26fa8adc30543f,Ubc408e4915c2338ca61951cb7a56eaec,2025-12-02 12:59:58,2025-12-02,link_share,sns_share
0e30eac7-e8a1-4f5b-b8af-ab91f108c959,U3bae1603803a839c0cb52f511d9cb8f6,Udc75503f297bf4fb7866d19bb2baca1c,2025-12-08 02:03:39,2025-12-08,ad,yahoo_ads
3334df9a-41b1-474e-8945-fd907436c082,Ub0341314a5534ea92b26fa8adc30543f,U6bacf9320fb45bc8f571a6511e1d76ca,2026-02-07 01:00:44,2026-02-07,qr_code,receipt
ba5fa2a1-d2d7-405e-b8af-b4293087c8f4,Uc20f9c7e9b662bedec3cb78e127885c7,U72fa7a4be2c55af2747615b9e6cb206c,2025-11-29 02:20:55,2025-11-29,ad,facebook_ads
131f7683-ec33-4382-bd9a-3ec91ef35d8a,U743849e63f8101ac616f8fd0ba84a167,U3b13bf34f9d3388a0c3fc04c879bc797,2025-12-02 20:38:01,2025-12-02,search,official_directory
6123daae-3f4c-4c32-8830-bc44cb87229e,Ue7310890b01058478be93761a56d0aa0,Uc3ffa94d6849226db3333286b3863828,2025-12-23 19:31:18,2025-12-23,ad,facebook_ads
bacc80b1-d259-4cee-87d5-f332260ca23c,U3bae1603803a839c0cb52f511d9cb8f6,Ufc020be96fa6bd2d86dc58577f2543f2,2026-04-04 18:48:21,2026-04-04,search,official_directory
fee35910-42fd-4564-9d43-d82b1f9bdbb4,Ub0341314a5534ea92b26fa8adc30543f,U465459d8fa750cc0fe4d40e59ac78fc2,2025-12-15 04:18:14,2025-12-15,qr_code,business_card
40cf8b48-f29a-45e4-8f6b-5a3c85fb5894,Ud7cd4c737b35e126236570d6cf0e97f4,Uf01a67ab0630a519397cf712838a0c6d,2025-11-16 18:08:20,2025-11-16,qr_code,receipt
1debc3ed-3d05-4713-b4e6-eca09a91a1fa,U3bae1603803a839c0cb52f511d9cb8f6,f014ed38e6b44551a4333d34e95944f5,2026-04-05 00:52:57,2026-04-05,qr_code,store_front
e26d0e29-242f-44c3-b762-0ecf2de1ff06,U7e808d11d6f9901a954a542a7ee09918,Uab74f1d00c1f3c6b3f12a429d4faca61,2025-12-14 11:36:57,2025-12-14,search,line_app_search
c990f0f9-91e8-478d-a1f5-f9d628ee507e,U1fadb6bf4c876b4dd1e37960d23c5eb4,U0b2a306422e0514600c88607b4625118,2026-03-20 15:05:06,2026-03-20,ad,line_ads
711adc4f-7c3a-4564-9cbe-cefda1a88f7a,U743849e63f8101ac616f8fd0ba84a167,3e787d378d3bade62cf4c70b36df44c6,2026-03-20 20:00:33,2026-03-21,link_share,messaging_app
714ec093-4614-4aad-ab83-4dab999e285c,Ud4a92c8c8050eed40ef171cc2784d638,Ufc43a6c4ddb50ec0ce9f14f420799e8f,2026-01-29 13:17:10,2026-01-29,qr_code,event_booth
a7e947c2-a496-4b77-90f7-cfc7d9c41245,Ue7310890b01058478be93761a56d0aa0,U43a412624bc6b70daae53e265a069e99,2025-12-09 10:11:06,2025-12-09,qr_code,store_front
ee04c439-63bf-4ea0-ac62-00ae31648cf7,U3bae1603803a839c0cb52f511d9cb8f6,U91926b0abbcd3c855428ff60c971e37e,2026-04-19 18:59:23,2026-04-19,qr_code,poster
752079c0-22ac-4686-8459-b77489b0f200,U879eb903ad90cd9c2874f6df7651267a,7a088e9ce330062be2ccddb948df5d02,2026-01-15 19:16:03,2026-01-15,search,official_directory
0dcfe750-3907-49e1-aab3-d113957df25f,U743849e63f8101ac616f8fd0ba84a167,Uef6943385f296b21eda11a1e58489261,2026-03-29 12:36:56,2026-03-29,search,official_directory
0a94b733-9253-4185-af63-2a1f34a04f3a,U3bae1603803a839c0cb52f511d9cb8f6,25779205f34cdcd42deedf0ccb8028b5,2026-02-22 22:25:19,2026-02-22,ad,facebook_ads
02b602a2-c8b2-43ac-bb2b-710d22aad771,U743849e63f8101ac616f8fd0ba84a167,U5ea035594a3b1e538bb0ccc41a910ebf,2025-11-05 16:21:58,2025-11-05,qr_code,event_booth
fd297af1-5e9a-4257-8f20-2baa76ac9407,U7e808d11d6f9901a954a542a7ee09918,U4a7cd83ca23307b75494b00d1381f4ea,2025-12-03 09:17:47,2025-12-03,qr_code,receipt
8489f323-0a79-4765-aa97-387fabb9d583,Ub0341314a5534ea92b26fa8adc30543f,bbbec19d1904a210100aaba2e13faf6c,2025-12-24 06:13:22,2025-12-24,ad,facebook_ads
b7610b7a-ed61-4818-a5b6-b471aa517f31,U743849e63f8101ac616f8fd0ba84a167,U1a80f9d1db475a46e6ead8a6b8a0d66e,2026-02-13 13:27:50,2026-02-13,search,official_directory
8a2f8fa7-27d1-430e-b770-22e6fc65a3a9,Ub0341314a5534ea92b26fa8adc30543f,Ud5f71a75900ebfacec0f1f84952dd86e,2025-12-15 20:26:04,2025-12-15,search,line_app_search
324d1028-3e20-43ee-a0c4-6a67ca55d095,U4784fc8a8e1e4eb2435ad84e0ad052f2,Ub54030473a3882baa62a9f14bf3e0df2,2026-03-14 13:29:32,2026-03-14,qr_code,store_front
a6f8b934-e08b-473f-8adf-2bce4fabeb85,U3bae1603803a839c0cb52f511d9cb8f6,U11a21337f21866d1b2fef3abcfc8dc9a,2026-02-25 06:49:29,2026-02-25,search,line_app_search
12ff7d0d-d1c7-480b-991b-7055894d3766,U743849e63f8101ac616f8fd0ba84a167,U5796e66412707fd790855d3689ae0549,2025-12-30 06:04:08,2025-12-30,qr_code,receipt
c8289189-ea8b-476e-9c0a-82e3bc459d6d,Ub0341314a5534ea92b26fa8adc30543f,U25efe344196c1eabf275c1602b9ad8c4,2026-03-14 05:42:12,2026-03-14,qr_code,poster
0fbf287e-f06c-4508-8650-5034ce9b7ce9,U7e808d11d6f9901a954a542a7ee09918,U915e0aa491065b93cfacc4cb072a89a5,2025-12-14 08:54:35,2025-12-14,qr_code,business_card
0ea8a02c-f0ae-44ac-8086-3746bfcd6b8a,U743849e63f8101ac616f8fd0ba84a167,a7066ae1962c5d1169bfc6d09961410e,2025-12-24 17:55:27,2025-12-24,search,line_app_search
c7976bac-f166-4f20-b9ae-7b466b8196d7,Ub0341314a5534ea92b26fa8adc30543f,U772c02718e8d0ebb119686c7c575e47f,2025-11-10 19:23:50,2025-11-10,link_share,messaging_app
1560bd92-44b2-4e9f-890a-6dc20d8ab547,U3bae1603803a839c0cb52f511d9cb8f6,U0d5cf630a4f30b9712a5db2029677bcd,2025-10-24 03:17:55,2025-10-24,other,unknown
cc172486-525a-4af9-bfba-f74222434086,Ub0341314a5534ea92b26fa8adc30543f,U73e1179009c2e3e26fd20086bc584776,2026-03-08 11:44:42,2026-03-08,qr_code,receipt
398e1808-a4da-435b-8376-8da556ae62c1,U743849e63f8101ac616f8fd0ba84a167,ffb4b7d215711d4c471af8f21248882a,2025-12-02 21:57:09,2025-12-02,search,line_app_search
98ffc83c-f017-49ff-a077-9c64047d4543,Ud4a92c8c8050eed40ef171cc2784d638,Ud935642790cc8a1ffc5f358e6e4c070e,2025-10-17 15:49:01,2025-10-17,ad,google_ads
dafbb178-25ac-4031-8668-92698ee6554c,U3bae1603803a839c0cb52f511d9cb8f6,U29ac838afa227cd81757ea896dc63404,2026-04-10 23:57:36,2026-04-10,other,import_bulk
95c07bb1-8f9d-46f3-95ab-f733e7848fb2,U4784fc8a8e1e4eb2435ad84e0ad052f2,U6ce67a984892fbfd043b6af32d1a0423,2026-01-31 08:16:59,2026-01-31,qr_code,receipt
58b77648-6d62-4cdb-bdce-3ab802579e9f,U743849e63f8101ac616f8fd0ba84a167,Ubaf53a931297b310758c3f242f0733b2,2026-02-22 15:42:26,2026-02-22,search,line_app_search
aa20b8ba-b164-45ae-88a5-1c396d2b16b5,U4f8b2d7d97720f7d61a0294f1c9c3877,U268bccb61e67c0ae319a0244d3a43f25,2025-11-20 04:15:34,2025-11-20,qr_code,receipt
086afc47-aa2f-4f3a-8a60-2239d7b31f98,U743849e63f8101ac616f8fd0ba84a167,Uaf6098136c9858300deabe706f9bbe87,2026-02-05 02:34:17,2026-02-05,search,official_directory
13c4b79f-7662-478e-a14a-faa0f137cebc,U743849e63f8101ac616f8fd0ba84a167,8e7a2c872f280f6bba76f5c3b8a59215,2025-11-09 10:49:32,2025-11-09,search,line_app_search
ccdffb22-f88b-4957-800c-a87173a4d147,U743849e63f8101ac616f8fd0ba84a167,U4ce120fee6da7be244dc4aab828ea256,2025-12-15 13:32:34,2025-12-15,search,line_app_search
cd58e06f-e79e-4c28-944b-2772fc250d60,U3bae1603803a839c0cb52f511d9cb8f6,Ubadb49271e190606e9381f94e6f733aa,2026-03-09 03:20:08,2026-03-09,search,official_directory
618610a3-d31c-46e4-a1ba-347ae41419af,U3bae1603803a839c0cb52f511d9cb8f6,Uaf5ceea2e61a7f71b2666e7997bf203f,2025-10-21 17:52:39,2025-10-21,qr_code,event_booth
fcff8e21-79ab-4991-b9b4-a407f38d6eb3,U7e808d11d6f9901a954a542a7ee09918,Uca22a13f4b4b765529c68d49983f8d40,2026-01-01 09:05:15,2026-01-01,search,line_app_search
eb631775-4547-41e5-b96a-978e7d1cfb52,U3bae1603803a839c0cb52f511d9cb8f6,Ub3fb3e7d330d0db5ad9c985cfabbc035,2025-12-28 12:40:55,2025-12-28,search,official_directory
c2d3a4d1-c9d9-4fa3-8762-1b91542cc4cd,U4784fc8a8e1e4eb2435ad84e0ad052f2,861376a412912c4eda415b122771d601,2025-12-27 10:43:56,2025-12-27,qr_code,event_booth
5ae691ac-4892-464d-b230-90cfbd0e06ce,U227d1cd1a801c367de206ec4bbca7330,U91d88bb8ddf9ff19668fe386814ef7f3,2026-02-08 04:58:17,2026-02-08,link_share,messaging_app
3f2600d7-ea6c-47cd-9c67-bb2fc3270b41,Ud4a92c8c8050eed40ef171cc2784d638,Udbf2d3a3d506aa67b05aad9112624ca2,2025-10-20 16:27:07,2025-10-20,ad,facebook_ads
19071924-0209-498f-a654-0115e9178ee9,U227d1cd1a801c367de206ec4bbca7330,Ue26b9e3f481120ada1409bfeedb1e623,2026-03-04 01:22:31,2026-03-05,search,official_directory
15edaf54-08be-4b96-a08e-83aea91fab73,Ub0341314a5534ea92b26fa8adc30543f,U7480d1800fd2aba16e426c1030d207eb,2025-12-19 19:18:35,2025-12-19,search,official_directory
6281eb17-1a08-4e9b-bcd4-be8d8a4617f1,U22a93bc29b1df104af6b1ba1cd91fc56,U430a8226cf0e68e460e64c0183afb9d1,2026-01-23 05:04:54,2026-01-23,ad,yahoo_ads
cb0a9b86-8cb0-47f3-a300-ca801c6332a8,Ub0341314a5534ea92b26fa8adc30543f,Udcd5b104e466f61f67434a22c975a671,2025-12-26 20:03:25,2025-12-26,qr_code,receipt
6cf64ced-6cb6-406c-a8c9-b89643d07ca2,Ud4a92c8c8050eed40ef171cc2784d638,U4e8ad3f776b62c3387cfc6181be9e61b,2026-03-23 01:50:59,2026-03-23,search,line_app_search
567b1271-062a-4b41-b687-b8d13dd7e7fe,Ue7310890b01058478be93761a56d0aa0,Ua067f804ca7dd5eb9bf34adb5651ac49,2026-03-06 20:25:36,2026-03-06,qr_code,event_booth
14bb3b0f-b44f-433d-8400-6848502a18d9,U7e808d11d6f9901a954a542a7ee09918,228a9d4b503fab10fd52ae777de8b48c,2025-12-22 22:29:59,2025-12-22,ad,google_ads
d353352c-b20f-4470-baf5-237edf22e91b,Ub0341314a5534ea92b26fa8adc30543f,Ue2fd9912fcdea020fa48580a9b15d0bc,2026-01-18 02:39:00,2026-01-18,ad,line_ads
da9e2426-69f9-4e82-98f5-3a9a7ad5141d,U1fadb6bf4c876b4dd1e37960d23c5eb4,6a5151790ac9a4e6c593da38092c5180,2026-01-22 15:53:43,2026-01-22,qr_code,business_card
b62d7673-2a48-4d74-878e-9afa1dd50281,Ub0341314a5534ea92b26fa8adc30543f,U77fcbb42166b287201de432ebc6de2c7,2025-11-30 19:07:51,2025-12-01,link_share,messaging_app
1c9e57db-7743-4b79-9459-81da17751e6e,U743849e63f8101ac616f8fd0ba84a167,Ubf83c25c1254dfdc1cceba0efb56bbc8,2026-02-18 05:07:21,2026-02-18,qr_code,poster
6abe4218-ce8d-46b0-85c8-3c163748d037,U7e808d11d6f9901a954a542a7ee09918,Uac5959bd8243323f190a3e553804e4e2,2026-01-20 17:07:50,2026-01-20,search,line_app_search
cd613b6c-895d-4959-a3e3-cec6fae12632,U227d1cd1a801c367de206ec4bbca7330,U363c464f74d8ff50c10cd6e13a031911,2025-10-30 19:37:05,2025-10-30,qr_code,store_front
660adc21-241f-4fde-8655-da8a39f964e5,U227d1cd1a801c367de206ec4bbca7330,U4d37b6d49190bb3183f794119d31e9fd,2025-12-03 14:23:06,2025-12-03,qr_code,poster
210e4f29-0be6-4659-8fd4-9819c2c94cfd,U743849e63f8101ac616f8fd0ba84a167,U59e69c9ab770628b96a4c4e1db4ed3f5,2026-02-10 12:49:09,2026-02-10,qr_code,receipt
c5b98b12-f1b6-4ff6-aad8-0f4c2c33a548,U743849e63f8101ac616f8fd0ba84a167,U4dc32ae7eda2541987b1a12fa45ee318,2026-02-12 22:57:57,2026-02-12,qr_code,receipt
af37db13-e2f1-4db5-bc7a-f9fa7d10bcda,Ue7310890b01058478be93761a56d0aa0,U88de574362d075f9b59f99308789d30a,2025-12-24 12:53:27,2025-12-24,search,official_directory
22a67408-3556-448b-9f48-6950ea3d4188,U743849e63f8101ac616f8fd0ba84a167,U3c2263b8c8f08a0cd67a962b3e774592,2026-04-06 16:38:05,2026-04-06,search,line_app_search
ee25d301-d6b2-4b7c-9567-1b25d8cda94e,U4784fc8a8e1e4eb2435ad84e0ad052f2,U0f208090d689078059ba345922d14a2d,2026-01-06 20:06:11,2026-01-06,search,official_directory
1730149e-257e-4996-94e7-be47c421f4bd,U743849e63f8101ac616f8fd0ba84a167,Ub08f725ac6a848327ff5db399b7bb1d9,2025-12-17 21:09:20,2025-12-17,ad,line_ads
7137f910-d6b0-4105-844d-d9c42f4a1253,Ub0341314a5534ea92b26fa8adc30543f,17c68d8529b0665ab717b1d78bedb779,2025-11-12 00:30:11,2025-11-12,qr_code,store_front
8c9c659c-874f-4454-b773-0ae42bf12179,Ue8d9224ecde331ce692edfce0b5ecdc4,U65e22e5964b98db5a5d4fe4ba9100d3d,2026-02-28 14:51:53,2026-02-28,link_share,sns_share
f76cc086-6459-4c11-a3bd-1526591612c6,U743849e63f8101ac616f8fd0ba84a167,U2ca88902c35fb735d59515068dd05ad5,2025-10-19 18:22:47,2025-10-19,search,line_app_search
f977f404-0f6a-494a-9c25-337bffabc0ee,Ub0341314a5534ea92b26fa8adc30543f,Ub122957d74f2f7c5b8f3a05881426917,2025-12-16 15:57:03,2025-12-16,ad,line_ads
c575d62b-1b91-4eef-a7fd-0e49b2853ea6,Ue9a1e8a5b83a6b296d43c957a8cfba4a,Ub94949f4b3b3695b5bf7509a55063e62,2025-12-14 12:54:16,2025-12-14,qr_code,business_card
d133feea-7827-4381-9cfe-55c912913f31,U1ca413826b7044d134c9c3132420c9de,U2d406a6df71df645cd29cbf284f0fdae,2025-12-11 08:12:23,2025-12-11,search,line_app_search
8c15db51-4396-490c-aad0-641866309ef2,U743849e63f8101ac616f8fd0ba84a167,Ua41cd09c43f07d860de8083b52ca6b19,2026-02-22 23:35:33,2026-02-23,qr_code,store_front
535c8f4b-07eb-4dd6-9663-d5531d04021f,U3bae1603803a839c0cb52f511d9cb8f6,U929ba1118f2b0e261fc2ac1a9194a2bf,2026-03-11 00:37:55,2026-03-11,link_share,email_share
af89cca6-aabc-4714-bc31-21a889df4558,U3bae1603803a839c0cb52f511d9cb8f6,Ucffa11b433cd6287c65703d356e5129a,2025-12-22 04:46:17,2025-12-23,search,official_directory
270afd62-8efd-49b6-bf47-fcec205125a3,U879eb903ad90cd9c2874f6df7651267a,278cb5d79b82eaca7f7c6d7394d11e0e,2025-11-04 07:32:29,2025-11-04,qr_code,poster
7d0e657b-704e-4795-8e1e-9612a652b222,U7e808d11d6f9901a954a542a7ee09918,U957fef838dcbd6e21feaad580e673a84,2026-01-04 23:43:21,2026-01-04,qr_code,store_front
7d8591a6-06c3-4200-afa7-994cca46a67e,U7e808d11d6f9901a954a542a7ee09918,U58f095e172761fa05e119cbd155e0e00,2025-10-26 10:36:45,2025-10-26,search,official_directory
06be5a7b-5420-4f48-8506-5f6ce1b1e799,U743849e63f8101ac616f8fd0ba84a167,Ud637639b128aaf69ae37bf6afafe1383,2026-01-09 16:16:36,2026-01-09,link_share,email_share
93940b0c-126c-4348-89ed-91304254fe30,U743849e63f8101ac616f8fd0ba84a167,Ub93d29f29458343e2c283a17b6d0fa05,2025-12-15 12:48:04,2025-12-15,qr_code,business_card
5b245800-dcfc-48af-82af-0025d969af8c,Ub0341314a5534ea92b26fa8adc30543f,U2bc6a242040888f7dd5be59946b94a3e,2025-11-03 12:33:46,2025-11-03,ad,yahoo_ads
71373eea-0fab-428a-a130-497340261375,U743849e63f8101ac616f8fd0ba84a167,Ub577501f736d72664a42dcce7606486f,2026-03-10 18:43:36,2026-03-10,qr_code,poster
eaa70aba-4415-4454-8016-e3a3287bd732,Ub0341314a5534ea92b26fa8adc30543f,U0ca42ac26e30eed6921c73c0f9813cfb,2026-02-27 21:09:23,2026-02-27,qr_code,store_front
e7fc2bdd-f6b1-420a-9de6-5d0252e607bd,U879eb903ad90cd9c2874f6df7651267a,U9e99ccebb98850a3fb61f7cdd6c94d1f,2026-03-18 22:42:17,2026-03-18,qr_code,poster
1c613991-0190-4e59-bd76-014f988560a4,Ue7310890b01058478be93761a56d0aa0,U8ce2ddd1f03a4b84c25fa87fcbc608b2,2025-11-07 04:49:58,2025-11-07,qr_code,receipt
9cd5847e-0753-4c87-aa46-a5e2a00c3501,U743849e63f8101ac616f8fd0ba84a167,Ue3b5fdaf89ef396ca785897b2fe2119a,2025-12-20 03:45:26,2025-12-20,search,line_app_search
c28f68f7-9e9a-4159-a599-ec5b878c8e58,U3bae1603803a839c0cb52f511d9cb8f6,Ufec7d140a08b18f1a878bea6b430e130,2026-03-31 21:29:32,2026-03-31,qr_code,receipt
9369b829-25a8-480b-8439-3695e45dcc53,Ud4a92c8c8050eed40ef171cc2784d638,U7ecce36b5756db96b9c69bec9fe11ea1,2025-12-02 01:35:56,2025-12-02,search,line_app_search
4bdd47d3-d510-4f6e-8fe3-90891cfebb8f,Ud4a92c8c8050eed40ef171cc2784d638,U5abd2eddeb5ba5686652afef303d2f25,2026-01-07 14:25:14,2026-01-07,ad,line_ads
9c6da4f6-3580-4181-abca-410119f7fdf7,U3bae1603803a839c0cb52f511d9cb8f6,U679aa82f9901b578b6c42aa83173e7c3,2026-03-15 14:50:14,2026-03-15,ad,facebook_ads
8e24bdfb-e724-45fa-a528-25a273d265ec,U837b70463a585f85743b5bfb3b49c9fd,Udde0bfaf32f1df32ee3efbad8ab5031f,2026-01-06 00:10:36,2026-01-06,ad,facebook_ads
aff1dcd1-420e-4023-8531-149e3c894059,U3bae1603803a839c0cb52f511d9cb8f6,U387c68fa0f1a7422f42b7468348901e3,2025-11-10 00:55:15,2025-11-10,search,line_app_search
dd328f4a-68bd-4047-9cad-5aac2ac5089e,Ub0341314a5534ea92b26fa8adc30543f,U9650a705ac34e6869a45151c4a5ed387,2026-03-08 22:20:41,2026-03-08,qr_code,receipt
e95a0d6c-d10a-4c27-b21b-0052993b3f85,U743849e63f8101ac616f8fd0ba84a167,Ufb6e8aaeb7e096a04cb806d190019a22,2026-03-22 03:56:34,2026-03-22,qr_code,poster
01fed6db-1c01-49bb-9e09-3c7e9f163cc1,U879eb903ad90cd9c2874f6df7651267a,U39e29f633999bb57f49c3efa9d4f4516,2025-12-21 02:33:26,2025-12-21,qr_code,store_front
871d0bf5-b5e1-4246-8865-b25dece8ac6b,U743849e63f8101ac616f8fd0ba84a167,Ud6f3fefb6b7af1077dc63ba63a702669,2025-11-06 17:03:09,2025-11-06,search,line_app_search
a413d77b-d3fc-4272-8428-1d932ab1893d,U3bae1603803a839c0cb52f511d9cb8f6,U24571e2febc6fa905953ba21054f9077,2025-12-30 02:59:50,2025-12-30,search,line_app_search
310e0f5f-034b-4bb6-89e3-50aca56ac8f7,U227d1cd1a801c367de206ec4bbca7330,U961171079dd803fa5535d05a1f68442c,2025-10-20 07:25:29,2025-10-20,search,official_directory
ae29438d-38e9-4445-b545-ef055088bce7,U3bae1603803a839c0cb52f511d9cb8f6,U56d58dfb0ce1bf06cd768033134b9e80,2025-12-02 10:28:49,2025-12-02,search,official_directory
d8b9092a-a5a4-4f36-b091-b0877c9d3aa3,U7e808d11d6f9901a954a542a7ee09918,Ua371d0f6d845fca2d651482b57d94998,2025-11-18 18:59:21,2025-11-18,qr_code,event_booth
579a03f0-194e-4788-b540-703ccbe69679,U743849e63f8101ac616f8fd0ba84a167,U5119ef830d3bd53f9b742c96234900f3,2026-04-11 01:59:18,2026-04-11,qr_code,event_booth
4184aace-cf86-4a35-972b-49ff4ca85cf6,Ub0341314a5534ea92b26fa8adc30543f,U03bd82c27af772c9d3985984c7613c31,2026-02-02 12:50:27,2026-02-02,other,unknown
d1ffc93a-b07b-4846-b41a-23e9cbafa6ce,Ub0341314a5534ea92b26fa8adc30543f,Ud05fa696e8fc49e28af0ce8d3dfe249b,2026-03-02 05:09:46,2026-03-02,qr_code,receipt
84a7c216-6e6a-4bfe-92ae-2aa41d990a48,U3bae1603803a839c0cb52f511d9cb8f6,U35b2162d28e87417b1fec5b17096c316,2026-01-30 07:09:21,2026-01-30,qr_code,store_front
69f16cc4-5ff0-4e28-86a2-89e5cded0d3f,U3bae1603803a839c0cb52f511d9cb8f6,U5e0a058d10592f662126feb84b280e65,2026-01-18 05:55:55,2026-01-19,qr_code,receipt
359c416b-7eec-472e-8c51-549dad7c1967,Ue9a1e8a5b83a6b296d43c957a8cfba4a,Uf8903419f766a5043a97eff6df30bf91,2026-03-19 09:01:29,2026-03-19,ad,yahoo_ads
f701431a-1652-4a49-9ba8-446c275cc798,U743849e63f8101ac616f8fd0ba84a167,U25fab9b6b22a08627a9a4ebb2eb3798c,2026-03-04 16:08:27,2026-03-04,search,line_app_search
003a66aa-0da4-45f3-86f6-5ac928e78a4c,Ub0341314a5534ea92b26fa8adc30543f,U66da51271834ed1c29284d5087194031,2025-11-19 09:01:10,2025-11-19,link_share,sns_share
5c610638-d0c3-439a-ae4d-aca14157c63f,Ub0341314a5534ea92b26fa8adc30543f,Ue5ec97b0dfeae4e9b0e534245e67afde,2026-04-08 13:21:05,2026-04-08,ad,yahoo_ads
8c1f57cf-24f9-40bd-b3cc-74b9c8ecb276,U3bae1603803a839c0cb52f511d9cb8f6,U432de4085d5bc055fb8c8dab8150ec9e,2026-01-02 03:04:00,2026-01-02,search,official_directory
85bd492d-62e9-4b39-8a7a-8c5b3964a3fa,Ub0341314a5534ea92b26fa8adc30543f,Ub000b53679426c0ffd2dc26409200be9,2026-02-28 18:52:04,2026-02-28,qr_code,poster
24b39c1f-dad1-4579-8805-0d726b38a94f,U743849e63f8101ac616f8fd0ba84a167,c1982c766553e296e3dcc874ca935c83,2026-02-11 21:37:49,2026-02-11,qr_code,event_booth
e243465e-39d4-4f1d-8bd0-8169bb7451f3,U227d1cd1a801c367de206ec4bbca7330,U9e8b17ad8116df9cfd2d3b2d0b56177b,2026-03-22 20:10:08,2026-03-22,search,official_directory
29d69633-a338-4c6d-b993-ef7d4e230ae5,U743849e63f8101ac616f8fd0ba84a167,U4c2c460b931a26b247b37578c04e0d50,2025-11-25 08:41:04,2025-11-25,search,line_app_search
0b72788d-f3b7-421e-99bd-81e52b312417,U4f8b2d7d97720f7d61a0294f1c9c3877,Udbadb738be1ef6a31d6cc1fe0b3549fc,2026-03-30 11:49:46,2026-03-30,qr_code,business_card
b808f39e-375f-499e-af5c-fb49dc42dff2,U7e808d11d6f9901a954a542a7ee09918,U4d9c7a0c8f363d0d6ae21590c67fa767,2026-04-13 01:27:49,2026-04-13,qr_code,business_card
cf8502d8-055f-4814-977e-eb7c400a78f4,U1fadb6bf4c876b4dd1e37960d23c5eb4,U9e456bc7f09165574de0b1dc10ec3569,2026-03-28 05:21:30,2026-03-28,ad,google_ads
8919a49b-46a3-4aa5-9dfa-d493aab3c0a1,U3bae1603803a839c0cb52f511d9cb8f6,U9d6706c3c232f63b7131a2205e4c5617,2026-01-17 21:50:20,2026-01-17,qr_code,poster
286d4e02-345b-4e7f-ad78-1d26bbcc4e7f,U743849e63f8101ac616f8fd0ba84a167,U8febd0f1151be456862d32dbda51e3c9,2026-01-09 13:02:09,2026-01-10,search,line_app_search
99ee7607-99c4-449a-a582-2d4ca7272e80,Ub0341314a5534ea92b26fa8adc30543f,Ud696b97f5dfb04fbd1ca1a842ca7c154,2025-11-14 15:56:36,2025-11-14,qr_code,business_card
131770b7-38ad-40d9-8b1f-a95f29c5d94e,Ub0341314a5534ea92b26fa8adc30543f,U8661112a2a83609abb0e4409e5c82eb5,2025-11-04 05:23:39,2025-11-04,qr_code,poster
e0392161-6277-4702-bf2b-37abd9ee7ba9,Ud4a92c8c8050eed40ef171cc2784d638,U5c833c49b8b6aab7b36f7ecf520e100a,2026-01-14 15:15:21,2026-01-15,search,official_directory
f3451843-de5b-4ac0-9d89-ae551a4526b2,Ud4a92c8c8050eed40ef171cc2784d638,U50929e414228ba35628b02b1e09a9c0f,2025-12-29 07:39:28,2025-12-29,qr_code,poster
13052c85-28c6-4cf9-a263-2e8f13b84c62,Ub0341314a5534ea92b26fa8adc30543f,U11bb68666365cb259da14e3d81f5e85b,2026-03-21 15:10:01,2026-03-21,qr_code,poster
2e5f88f2-c1e3-448f-82a3-61f5bffa524f,Ub0341314a5534ea92b26fa8adc30543f,96f28ac23b0d1daf77fc7fd1ef4522ac,2026-04-07 04:13:05,2026-04-07,qr_code,business_card
bb3b3777-b10f-40aa-ad8c-3e95664440f4,U3bae1603803a839c0cb52f511d9cb8f6,Uee9438db678801813defe1b6365e4f28,2026-03-15 01:46:32,2026-03-15,link_share,messaging_app
db58ff32-365e-4b68-998a-ca0cbe9e3550,U3bae1603803a839c0cb52f511d9cb8f6,U53599e9d6f5bcf0d43575efd5fc5f2b9,2025-11-04 05:50:47,2025-11-04,qr_code,poster
043dc583-2be8-4da4-9478-6487cbb59099,U7e808d11d6f9901a954a542a7ee09918,U7a9d2a68ed658e4c26cdc1961fd7f8df,2025-12-11 02:55:33,2025-12-11,qr_code,event_booth
e0676aac-2f64-444b-885a-6c1b8ad7dec1,Ub0341314a5534ea92b26fa8adc30543f,Ub7fcb43f239207e0432b42d2f06d4285,2026-04-09 15:03:02,2026-04-09,qr_code,business_card
a23e1a66-b359-4ba1-ba06-db629a2a295a,U7e808d11d6f9901a954a542a7ee09918,Ua9fe929d5b60166eedeac98b7b2e9033,2026-03-28 12:06:35,2026-03-28,search,line_app_search
86bba76d-4645-440f-aeac-34241bdb440a,U3e5dd3a641c58ad50e49f095c6f1e306,U00392e4ec71d4547372631192c07250e,2025-10-20 18:25:22,2025-10-20,search,official_directory
4a1e339c-b6a6-4079-8208-672cc06c1472,U3bae1603803a839c0cb52f511d9cb8f6,U39285fb37a901650073b8cd2bc8f2ebc,2026-03-04 06:36:11,2026-03-04,qr_code,event_booth
a1840ebc-323f-44e1-ae92-599435865745,Ue7310890b01058478be93761a56d0aa0,U28ff2adbd10eeaaea3ff9422d3bd467c,2026-01-08 05:53:48,2026-01-08,qr_code,poster
d078ee85-946e-41bb-965e-2129e9bd9eaa,U3bae1603803a839c0cb52f511d9cb8f6,Ub8de72f8711b8fd30c4300b37d176f1a,2025-10-17 18:40:35,2025-10-17,search,line_app_search
2cbad32c-ec24-4f3d-997e-88c99dd62a0a,U879eb903ad90cd9c2874f6df7651267a,U06ac1c85a5cd2a9e71764b6596416562,2026-02-17 21:26:52,2026-02-17,search,official_directory
348bb279-168f-4f78-a8aa-be941d65b1a5,U3bae1603803a839c0cb52f511d9cb8f6,Ub6b82538596e6401e7881838f329d222,2026-03-10 22:25:54,2026-03-10,ad,facebook_ads
d9e47b21-9196-4ad0-8091-53da58ddbc1c,Ud4a92c8c8050eed40ef171cc2784d638,U193e51615d2b796ccd11fae2749a9f9c,2026-04-09 04:06:33,2026-04-09,ad,yahoo_ads
1028c1f0-89bf-4cfa-ba13-4842fbf31441,U22a93bc29b1df104af6b1ba1cd91fc56,276cb4a9e19e129451e9b251b992c0e5,2026-04-04 07:00:32,2026-04-04,ad,yahoo_ads
7f2b635f-1ce7-413c-a393-9df9d93e1ea6,Uc20f9c7e9b662bedec3cb78e127885c7,U12440c45a6c1c1bcefae43b19a4b58fc,2025-11-03 13:17:42,2025-11-04,ad,yahoo_ads
350cd23f-13e1-4d34-9089-e0ffd5c3e344,U743849e63f8101ac616f8fd0ba84a167,Uf3ea78f633beb831b048587dc4c32b2c,2026-01-04 10:52:24,2026-01-04,link_share,email_share
18f81cc2-76d5-419c-a750-b1ccf034eb5b,U743849e63f8101ac616f8fd0ba84a167,Uf041e6f924ec17139e09d7014f6264d3,2026-02-16 16:59:57,2026-02-16,qr_code,event_booth
0841ba4b-5104-4195-9500-3a8d8be43d55,U3bae1603803a839c0cb52f511d9cb8f6,U8d0f9024464ef05a63885c44ad28eac1,2026-02-15 00:56:00,2026-02-15,ad,line_ads
0c17b5b6-851c-4a26-8b9e-9483deebdcfe,Ub0341314a5534ea92b26fa8adc30543f,U4c4fcff235bca2dabd371fb955a251f7,2025-11-10 02:03:35,2025-11-10,qr_code,business_card
260bec81-6cc2-4f02-84e7-b08fdb8ec421,U743849e63f8101ac616f8fd0ba84a167,Ua6682552ecf81f5870661aeb5da99944,2026-01-08 08:46:28,2026-01-08,ad,google_ads
be7c3566-977c-40e5-ad04-3aa849299e39,Ub0341314a5534ea92b26fa8adc30543f,Ucc5e780cb8cf8f2071b6193aaef2751a,2025-12-07 14:45:11,2025-12-07,qr_code,receipt
990564f6-cd00-45b1-b6ca-8a7d675163b5,U743849e63f8101ac616f8fd0ba84a167,Ubed09d4ed3408a6eef38a1cd566c64e9,2026-03-11 17:13:51,2026-03-11,qr_code,poster
760ddbf1-a260-466f-bd45-e623dae8b4f2,U743849e63f8101ac616f8fd0ba84a167,U70a1e76cd6b8bc71d59c4e7f9c034a3f,2026-03-02 16:31:21,2026-03-02,ad,google_ads
37f158b4-fb56-4ca6-a03f-a27ae4631a6e,U227d1cd1a801c367de206ec4bbca7330,Ud3d08750c58c6eafbb87010419d0839d,2025-12-28 20:36:39,2025-12-28,qr_code,receipt
d087b18c-1c69-4de1-bb29-e258405a17c6,U743849e63f8101ac616f8fd0ba84a167,Ua96f43eddfa73bd74fb91564b6fb1dd6,2026-02-11 06:15:46,2026-02-11,qr_code,business_card
b21b377f-2adf-42d1-ab8e-8f4d1fb0af6a,U3bae1603803a839c0cb52f511d9cb8f6,Ucbca2e6049a18895a36a859ee74ffbdb,2025-11-08 11:29:56,2025-11-08,ad,line_ads
d4217520-2be4-4670-888c-d0a5aad683f4,Ub0341314a5534ea92b26fa8adc30543f,Ueda690b9d1a297f5a1b7c529c6eadcd9,2025-12-25 12:10:24,2025-12-25,qr_code,poster
2dc44a94-f776-417f-8ee2-d504c8a6a03a,U3bae1603803a839c0cb52f511d9cb8f6,U1a54b70dc4dc72113724a3ee3436499b,2026-04-09 23:58:56,2026-04-09,qr_code,store_front
54dd788c-6fa2-4348-91d5-7d197395b032,U3bae1603803a839c0cb52f511d9cb8f6,U4dc8fc95c944f3f573e42ce30559883c,2026-03-07 06:20:44,2026-03-07,link_share,sns_share
eea5c808-a2f0-430b-b39c-f8be4250de69,U7e808d11d6f9901a954a542a7ee09918,U737ee7a3ed1db4d69c1018f50742288f,2026-02-26 01:00:32,2026-02-26,qr_code,event_booth
06cbabc8-07bf-49c4-aea2-60c61a57ae7d,U743849e63f8101ac616f8fd0ba84a167,U1332e2aea540ec620b1edd3b260eb6df,2026-01-13 15:45:10,2026-01-13,search,line_app_search
1b2d5fca-23d4-461e-a930-b295d68c94d8,Ub0341314a5534ea92b26fa8adc30543f,Ubc394b1a389362c68c70ee1bf6452525,2025-12-28 05:28:21,2025-12-28,qr_code,event_booth
e21df804-768b-480b-bffc-039ea18fe0b6,Ue7310890b01058478be93761a56d0aa0,U9923fb100dc5dad9769cfa730b668791,2025-12-07 12:35:49,2025-12-07,link_share,sns_share
5e0a780a-4874-430b-be50-19f8c6735a0d,U743849e63f8101ac616f8fd0ba84a167,U1f698dbcc89b550feb58df40128e39cd,2025-11-06 03:42:43,2025-11-06,qr_code,poster
e20898ff-444d-4e07-9747-3b137ce9f10d,U227d1cd1a801c367de206ec4bbca7330,Ue7fd86c3fd0f9697de4e24acad16f389,2026-03-04 18:21:33,2026-03-04,other,import_bulk
f659b5e5-880e-4128-aa31-94bfff0b7ceb,U3bae1603803a839c0cb52f511d9cb8f6,91a8dfe35d115f5f525dcb00088a634c,2025-12-16 15:24:44,2025-12-16,search,line_app_search
096ecfee-f04c-4a5d-a7ce-8707329f9002,Ud7cd4c737b35e126236570d6cf0e97f4,U5bc31fe86fad8b935b6386c8fe4ebcbb,2026-01-25 19:23:41,2026-01-25,link_share,email_share
e1b627e9-1db8-4cc7-a90e-e755fb9f125c,Ub0341314a5534ea92b26fa8adc30543f,d2d2fd8d19189e9c34f68cbaf9fe3c37,2026-04-13 15:14:38,2026-04-13,qr_code,event_booth
0fd11ae1-0f80-42fe-aa04-69130e42dc01,U3bae1603803a839c0cb52f511d9cb8f6,Uab5a7215e4ba1fa4eb5676c5adb94b69,2025-11-04 06:31:54,2025-11-04,qr_code,receipt
9c454e85-8b0b-463d-a749-55e5a5f64c92,Ud4a92c8c8050eed40ef171cc2784d638,U0de508a444adf2b50d95651b9c8268b0,2026-03-18 11:35:51,2026-03-18,qr_code,business_card
438c442d-0e34-4987-8cd9-86a8944c5140,U743849e63f8101ac616f8fd0ba84a167,Uea4c79363a13e73a5f8319769b96bfc7,2026-03-03 07:52:30,2026-03-03,qr_code,receipt
c437553e-fb45-43cb-8fce-101040a5f377,Ub0341314a5534ea92b26fa8adc30543f,U533f6560d627387730216aac45f292c2,2025-12-16 09:12:16,2025-12-17,ad,line_ads
f3ee6781-0e85-4b6a-a2b3-01741df7fcd8,U743849e63f8101ac616f8fd0ba84a167,U149c821d57e5528d337ca3bf6ce59948,2025-12-23 06:52:18,2025-12-23,ad,google_ads
6e89051a-30af-4263-b0f3-2c72662fed3c,U3bae1603803a839c0cb52f511d9cb8f6,U6284f5185e2f1ef63bb6b85c308e765f,2026-02-28 18:55:46,2026-02-28,ad,line_ads
f403e38d-2d42-4647-9d71-b835554c8207,U3bae1603803a839c0cb52f511d9cb8f6,Ufd3e7cd0bd4c8d8392793723ff3adf29,2026-03-31 05:30:49,2026-03-31,link_share,sns_share
6a2ee01e-24b1-4160-9adf-2aafd3a53b76,U743849e63f8101ac616f8fd0ba84a167,U0e792db51438dc181cd909ecb1a8eb8a,2026-04-09 22:32:23,2026-04-09,search,line_app_search
a1c60145-f72f-43c2-b9b1-01867d53439e,Ue9a1e8a5b83a6b296d43c957a8cfba4a,U516447ea482159097a1167bffaf4503d,2026-02-20 05:16:17,2026-02-21,qr_code,event_booth
c911f217-9b90-457b-879d-5fc7bf3de3ff,U3bae1603803a839c0cb52f511d9cb8f6,U5746cf74d5dd3c9b829885d64d799e7b,2026-01-24 00:44:45,2026-01-24,search,official_directory
394096d2-1141-49ef-b7d4-f63b364d2ef0,Ub0341314a5534ea92b26fa8adc30543f,Ud64fd6c2c41b0ce8a34ef0e989a30a3b,2025-12-28 19:14:16,2025-12-28,search,line_app_search
f7f43e60-e8a2-48c1-a5ca-518ff3809677,U3bae1603803a839c0cb52f511d9cb8f6,Uafb87476c1c3cca8f459fd9bb489b2ce,2026-03-14 20:17:55,2026-03-14,link_share,sns_share
f489944d-5167-4b69-bc37-1fca65a6629c,U3bae1603803a839c0cb52f511d9cb8f6,6493889a1da917ee1773383e64917ca3,2025-11-09 08:51:48,2025-11-09,search,official_directory
1d1e95f5-4b79-47a3-8b12-355f73b698cb,Ud4a92c8c8050eed40ef171cc2784d638,U311661faac3cdfa7c51012ab5f7d4f3f,2026-02-07 03:26:25,2026-02-07,ad,facebook_ads
847b528b-97ec-403e-b99a-df64483786b7,U3bae1603803a839c0cb52f511d9cb8f6,Uf8569b7e567edfd97b81c61de3a420e6,2026-04-14 20:04:45,2026-04-14,search,line_app_search
06089ab1-30df-404b-b36b-9a72c38b5a9d,U7e808d11d6f9901a954a542a7ee09918,U9cc4ad8e358e71c2216c40a247b39747,2025-11-16 19:41:31,2025-11-16,qr_code,poster
f3dffa76-9aab-492a-b004-aecb05b2fdd4,U1fadb6bf4c876b4dd1e37960d23c5eb4,U3f2fa5f0c32cd62eaf12e2c1c05e60e7,2026-01-18 08:03:25,2026-01-18,qr_code,poster
176a9c45-8545-4e21-b97c-9ece1dc01ee9,U3bae1603803a839c0cb52f511d9cb8f6,U4ac7fc9f39fa216f6de9b5c866f55cf4,2026-04-08 20:54:10,2026-04-08,search,line_app_search
caea9dfa-1205-4682-bab0-7040961869fd,Ub0341314a5534ea92b26fa8adc30543f,U12af654606b1145e7eee236a6af8f548,2026-02-14 23:18:53,2026-02-14,ad,google_ads
cf68caaf-2213-4a84-87c5-5e780f563b7b,Ub0341314a5534ea92b26fa8adc30543f,Uc7e58753b564004f7c859df3010ca679,2026-03-29 06:56:17,2026-03-29,other,unknown
1a9927e5-f905-4ce6-b39f-74087957e5aa,U3bae1603803a839c0cb52f511d9cb8f6,U4701abefc7921e7e63bb02e78d592b81,2025-10-29 14:34:11,2025-10-29,ad,yahoo_ads
398cadd1-6598-4d06-9c2e-f4f23eaab921,U743849e63f8101ac616f8fd0ba84a167,U57fb3aa008e72990b9550b5a8102ae28,2025-10-19 05:42:08,2025-10-19,other,import_bulk
360fb243-b69c-410d-80e6-7a9b5d2eda42,U743849e63f8101ac616f8fd0ba84a167,Uf7491568e81c2f6b30cbec941b947f18,2025-11-05 16:00:25,2025-11-05,link_share,messaging_app
d64ab85c-7e3a-4e8b-ae84-9cc04efe5d9d,U7e808d11d6f9901a954a542a7ee09918,U00f8f349c00d3bdaba1f0538ba9e040c,2025-11-11 14:47:36,2025-11-11,qr_code,store_front
cc64d8b2-5cde-46f7-8e86-3ae2bf7508be,U743849e63f8101ac616f8fd0ba84a167,Ua32627b8fb37aed49d57b6545f438b45,2026-01-05 03:46:19,2026-01-05,qr_code,receipt
37895ade-bcf2-409b-be7d-5529cf7c9e43,U3bae1603803a839c0cb52f511d9cb8f6,U2adb7d58ef2e625cfc062e8a493e6dbf,2025-11-30 08:13:21,2025-11-30,qr_code,store_front
ca5fd218-923a-4cde-9829-3a9d1b2a66b4,Uc20f9c7e9b662bedec3cb78e127885c7,U0792717abad4ff88cf8dacb77fbaccbd,2026-03-13 15:42:24,2026-03-13,qr_code,poster
f9444207-016d-4dd4-9c35-22044af2b8cc,Ub0341314a5534ea92b26fa8adc30543f,Ub2737701c2c39c5671d01c941c9d8ef5,2026-01-30 21:29:23,2026-01-30,search,official_directory
e398ef6e-d600-40bc-b558-4d709f6883b2,Ub0341314a5534ea92b26fa8adc30543f,Uffa066cd777ba3b3a50a0830ffd7f4ac,2026-03-24 15:41:18,2026-03-24,other,import_bulk
66b84f9d-5f4d-49cc-9719-a5e594a6a490,U22a93bc29b1df104af6b1ba1cd91fc56,U06749f59a82312f5766d83d9d9c07234,2025-12-04 15:30:04,2025-12-04,other,import_bulk
fd8bc9ad-c61a-423b-b454-76ec94b4c0ab,U743849e63f8101ac616f8fd0ba84a167,784ee74a1cc89d83ba15d9c2870c0b4e,2026-02-11 07:08:00,2026-02-11,ad,yahoo_ads
39f99046-a628-4694-81ce-41eb29c8c15b,U743849e63f8101ac616f8fd0ba84a167,U2de682a604c566a166c707c1455bc53b,2026-01-15 20:54:59,2026-01-15,qr_code,receipt
064c147c-a972-4f0f-9cae-9fa22002f327,U22a93bc29b1df104af6b1ba1cd91fc56,U1186f775573c6e8d574c8a58b99b8527,2026-01-27 12:15:14,2026-01-27,search,official_directory
0accd422-d9b0-4b95-8f97-dfdd02e6d902,U3bae1603803a839c0cb52f511d9cb8f6,U55b2cce89c6ad23eabef5723adce1028,2026-04-08 00:48:54,2026-04-08,qr_code,receipt
c812173d-980d-4194-9cef-b53bd3b93b27,U3bae1603803a839c0cb52f511d9cb8f6,U86e37fc366e6ef07b7502969b45e3fa1,2025-12-19 20:48:35,2025-12-19,other,import_bulk
ef4568de-4642-494e-83f9-b39c59e9fc6e,Ub0341314a5534ea92b26fa8adc30543f,U8c66b7ec96d8662aa8285b97a0220c7b,2025-12-04 19:55:56,2025-12-04,qr_code,receipt
d6d73519-74b4-4fac-b6ff-a379828f5c38,Ub0341314a5534ea92b26fa8adc30543f,U853edf61e144255a6dc8079b1e7cbaaf,2026-04-10 11:48:01,2026-04-10,link_share,email_share
ceab86f1-3810-476f-8b95-85e79b05496e,Ub0341314a5534ea92b26fa8adc30543f,U5853bb5ea6b7bba82028d0e7158e53c6,2026-03-14 10:46:10,2026-03-14,search,line_app_search
a1ada193-8c4e-4a79-aec9-2a3a7ec09bed,U743849e63f8101ac616f8fd0ba84a167,6d26c79b259589c314135197d08e7acc,2026-03-12 01:51:13,2026-03-12,search,line_app_search
e6d9c601-dbc8-498b-b49d-0c032c51bb55,U3bae1603803a839c0cb52f511d9cb8f6,Ub5e5570a7adc4bdebe197acd34fd9631,2025-10-18 05:48:34,2025-10-18,search,line_app_search
abafc482-2568-4467-81fb-4e9c91a240ca,U7e808d11d6f9901a954a542a7ee09918,Ub7efc4163d776f09d3e97fd6e6073853,2026-03-28 21:31:07,2026-03-28,qr_code,event_booth
2b098d8e-71d7-4445-928a-ed818d78a369,U3bae1603803a839c0cb52f511d9cb8f6,Ud750be342a12daa087755a01aa5dfd8c,2026-04-14 09:46:22,2026-04-15,search,official_directory
66e5bca8-e84f-4eb9-8151-6f9bdd345799,U3bae1603803a839c0cb52f511d9cb8f6,6f99085ebb9d98e815a6e979e1bf6b31,2025-11-05 11:12:27,2025-11-05,qr_code,business_card
4b917f41-586d-4232-88a5-482f2385f5f7,U3bae1603803a839c0cb52f511d9cb8f6,Udb5440a338665fd1479ed66adfc203a5,2025-12-07 09:46:28,2025-12-07,qr_code,poster
b8f7505b-5ab4-4063-9812-a9bdd25e70ac,U743849e63f8101ac616f8fd0ba84a167,U38caa65775c7e3bbaf701c2d010bff05,2025-12-16 23:28:21,2025-12-16,search,official_directory
09b4582a-f68f-4803-8bb1-3d731417efb3,U743849e63f8101ac616f8fd0ba84a167,U53a823178dda4cb1495d120484e008f8,2026-01-19 19:54:07,2026-01-19,qr_code,event_booth
599a7cca-05fa-4f84-8716-490a41f47433,Ub0341314a5534ea92b26fa8adc30543f,U5b09759a18a1df7b7a7f18eca51d778a,2026-04-04 21:04:43,2026-04-04,search,line_app_search
7da40c9e-8097-4a49-8f73-f3c3c9416014,U3bae1603803a839c0cb52f511d9cb8f6,U3916a8b1c68e37b1feb2f01429afc356,2026-03-28 01:39:59,2026-03-28,search,official_directory
61c15521-ca24-45d6-9db3-4b23efbcd0f4,U743849e63f8101ac616f8fd0ba84a167,7a960717cf13f2d12dbed4d70a71485d,2025-12-12 21:25:12,2025-12-12,link_share,email_share
66281d32-f9fc-416b-a579-8bae2ff58e18,Ub0341314a5534ea92b26fa8adc30543f,U07451b5aa2300e920ed83d132a3b96e5,2025-12-23 01:11:00,2025-12-23,search,official_directory
b54c921f-f955-493e-b362-cffd273cbee6,U227d1cd1a801c367de206ec4bbca7330,U811ef098dd5599b059f13e3686e1c825,2026-03-05 04:00:03,2026-03-05,other,import_bulk
99334253-7ddd-4e2a-8936-d01400496ab9,Ub0341314a5534ea92b26fa8adc30543f,f8bbd708ba819be522b092676c8d8062,2025-11-07 04:37:10,2025-11-07,link_share,email_share
9dcf1b5e-10a6-45e4-9969-3a4ab4e47626,U743849e63f8101ac616f8fd0ba84a167,cea44e8c942b1be836a7c377794ceb09,2026-03-25 08:28:51,2026-03-25,ad,yahoo_ads
f4f15681-7077-4f99-b116-c858ad40f9dc,Ub0341314a5534ea92b26fa8adc30543f,U753a1f5fd07af0a11a0f64f9a26806f3,2026-01-01 20:50:37,2026-01-01,qr_code,business_card
bf239352-759a-4ca2-a6b2-03ac8ccc34f5,U476acbdef8e9a16d24575e4f6d7b0f31,Ube229b62561d5d042d1de0dd271c4d80,2025-10-23 14:21:46,2025-10-23,qr_code,event_booth
a33663d7-1218-4f1d-980f-739435d2d285,U7e808d11d6f9901a954a542a7ee09918,U112421767c619674c33d4fdd02e5f558,2026-03-31 03:37:06,2026-03-31,link_share,email_share
38daf757-eec6-415c-8334-56955997f2bf,U1ca413826b7044d134c9c3132420c9de,U80b3ef9f6eabd89b986284313de60c76,2025-12-16 08:44:28,2025-12-16,qr_code,receipt
b9fb2134-8783-4a8d-909c-9ba71b42a3e5,Ub0341314a5534ea92b26fa8adc30543f,U403f2ad8a52aa49462ce12f501904cbe,2026-01-25 06:40:40,2026-01-25,qr_code,event_booth
f24745b3-e89a-4d8e-8ad8-ca6db803d08c,U227d1cd1a801c367de206ec4bbca7330,Ua7a77610e9fbab47c9068358667eacce,2025-12-02 08:53:13,2025-12-02,link_share,sns_share
bf69f125-4702-45ec-af6f-bd555837aaeb,U743849e63f8101ac616f8fd0ba84a167,Ua57194c88abfa852cc1208dcb67bfcba,2026-03-12 20:32:30,2026-03-12,qr_code,event_booth
f1e56a48-3d59-4453-8eea-295bca1b1f11,U7e808d11d6f9901a954a542a7ee09918,601d2bbe3a0d98362426f617459b4669,2026-03-04 07:38:31,2026-03-04,search,official_directory
4a76edbe-9812-4645-af3b-5c30eb9d5cb2,U3bae1603803a839c0cb52f511d9cb8f6,U46d85134d102ffbf6031fc76c6abfd64,2026-01-30 23:28:08,2026-01-30,qr_code,business_card
4e83ca55-5ee0-4221-9d67-ebf4f7e29b08,U476acbdef8e9a16d24575e4f6d7b0f31,Uf73312e05a70f19e67b64090d99e8669,2026-03-19 11:34:11,2026-03-19,search,line_app_search
88c811b7-7e50-48bf-b013-ab2fe3587880,U743849e63f8101ac616f8fd0ba84a167,U5d635affd1236f5a07a9ede8b8d8bc8a,2026-03-11 20:19:26,2026-03-11,qr_code,store_front
64af0614-2b76-4421-b583-aa42205eb6cb,U3bae1603803a839c0cb52f511d9cb8f6,8860585d7dd0e7c33293e68aa6870da9,2026-01-19 03:40:22,2026-01-19,ad,yahoo_ads
11cc97c8-d1e9-4eb4-8c1f-383dc2c90a92,U7e808d11d6f9901a954a542a7ee09918,U24900add964af42df37fb321da512c53,2026-02-10 00:45:29,2026-02-10,search,official_directory
1aa52579-a0d4-4268-a4f3-4902b1812fa5,U4784fc8a8e1e4eb2435ad84e0ad052f2,U97d0512604d946ff613562e58d78e7f8,2025-12-28 02:43:19,2025-12-28,link_share,messaging_app
7d005142-bc86-4f58-9611-19b54c2c7161,U3bae1603803a839c0cb52f511d9cb8f6,Ue8562b22e7c54ad0061f7369eaa34caf,2025-10-23 18:03:54,2025-10-23,qr_code,event_booth
04ec4985-cf9b-4546-b32c-6c73d06c2d15,U3bae1603803a839c0cb52f511d9cb8f6,U2fe1dcfe2b5d5743dd26e34720beba96,2026-01-09 21:57:50,2026-01-09,ad,line_ads
bb7d266c-24eb-409f-b30d-27af72b45233,Uc20f9c7e9b662bedec3cb78e127885c7,U9d829508baa84a82b735f56d6dabed3e,2026-01-01 19:00:31,2026-01-01,link_share,sns_share
b02a1037-cff5-4417-9731-2d996cd5caa4,U3bae1603803a839c0cb52f511d9cb8f6,U3a11c646e750a9ce4db2be9f24e837a3,2025-10-29 06:52:04,2025-10-29,qr_code,business_card
8aff433a-3c1a-40e6-8e2f-ffacd72d0139,U3bae1603803a839c0cb52f511d9cb8f6,Ub3ef0c6705bf6ab275f9bcbd78a6f601,2026-03-23 18:47:34,2026-03-23,other,import_bulk
757b44f8-d691-429f-8070-82f0afc9d020,U1ca413826b7044d134c9c3132420c9de,U2d1b340a9f2130f133d3b3f4e1a5c396,2025-12-18 21:45:00,2025-12-18,qr_code,event_booth
947a9e74-4953-4c41-a415-35ee328b4ab4,U3bae1603803a839c0cb52f511d9cb8f6,U381633da8061d75c57f16c2e5f7dd06e,2026-02-23 16:23:27,2026-02-23,ad,line_ads
1e004bbd-ead2-41c7-bf6d-2ad948a5a322,U3bae1603803a839c0cb52f511d9cb8f6,Uc42585eed57d8f8520d63db78d33b269,2025-12-31 17:34:00,2026-01-01,qr_code,store_front
8424f6cd-944c-489e-b151-57017466754e,Ub0341314a5534ea92b26fa8adc30543f,U7dcd22abb2b6d4917a7f688b701767a3,2026-01-29 18:23:38,2026-01-29,qr_code,business_card
95150512-5df8-40f1-a356-f25c4dc51229,U476acbdef8e9a16d24575e4f6d7b0f31,Uf6c0ee737ce3233f7e3bd09b58f0f3ae,2026-02-01 05:59:51,2026-02-01,ad,yahoo_ads
0b4c0366-c23e-4e8d-9f94-6833b6ef5fe0,U3bae1603803a839c0cb52f511d9cb8f6,Ub16791bdfe5c107a74e5d6607ab96d91,2026-01-22 10:40:59,2026-01-22,qr_code,receipt
ce34cbc2-6006-4745-962e-c3f441e339c6,U7e808d11d6f9901a954a542a7ee09918,U659415b829fdecc759ea9f99af45d0c8,2026-03-21 09:48:24,2026-03-21,qr_code,store_front
cccedd87-361f-4f59-b6d2-cfaa2cd8a473,U3e5dd3a641c58ad50e49f095c6f1e306,Ua553f6865167cf8cf5c2f294d690ddc8,2025-10-22 15:04:04,2025-10-22,ad,line_ads
9024053a-ca40-41a0-8236-adf52868949a,Ub0341314a5534ea92b26fa8adc30543f,U4e2ac5c49815500143fa76a9049d9015,2026-01-16 09:02:02,2026-01-16,link_share,email_share
bbae61c3-3101-4636-beed-dc2694476a29,U743849e63f8101ac616f8fd0ba84a167,04447e24011499c6c67f30582ff1a585,2025-10-19 03:31:32,2025-10-19,other,import_bulk
35dfa78a-0296-4208-a86e-1a1e46d4bbc6,U743849e63f8101ac616f8fd0ba84a167,597fb62ac37d9127e5bae833a95211e4,2026-03-16 05:03:04,2026-03-16,qr_code,event_booth
dba0415a-dcc0-4fbb-8fea-abf1d6b03b42,Ub0341314a5534ea92b26fa8adc30543f,U96b8847dc7a94e5e54a0a3d5b553bd19,2025-11-08 16:22:27,2025-11-08,ad,google_ads
0f0da857-fb2b-404e-bc25-e1f15beeab10,Ue8d9224ecde331ce692edfce0b5ecdc4,51fb1876bd62fccc41a79229de21aae0,2025-12-29 14:34:03,2025-12-29,ad,yahoo_ads
87ced2aa-e9f2-4b8b-9e45-6a1228bba273,U3bae1603803a839c0cb52f511d9cb8f6,Ue604eb51e969e516ef47c144ed96bdc6,2026-04-11 13:49:55,2026-04-11,link_share,email_share
126594b8-c181-4457-82ac-834734084e31,Ub0341314a5534ea92b26fa8adc30543f,7f793b4554c9773542d24d399ee4396d,2026-03-27 02:16:54,2026-03-27,search,official_directory
4525b299-1222-42df-98c0-f3d5d4343397,U3bae1603803a839c0cb52f511d9cb8f6,Ub9705edba696b93d42113dd7f2443f4b,2025-12-15 22:45:42,2025-12-15,qr_code,event_booth
3929c406-d74c-4366-a430-fa7073af3403,U743849e63f8101ac616f8fd0ba84a167,U0f6d1626242e4e1518f28a9c9292ae0b,2026-01-30 12:04:17,2026-01-30,qr_code,receipt
41da79ba-d176-4d3a-b2f6-8768cdd49f80,U3bae1603803a839c0cb52f511d9cb8f6,63125a0f56427e31759354f1bc520331,2025-11-08 12:48:58,2025-11-08,qr_code,business_card
e3777e06-b19a-4659-87a7-87e3110cca11,U227d1cd1a801c367de206ec4bbca7330,U1ffb725826252b9855b7e4c3f44e5a0d,2026-03-13 12:04:40,2026-03-13,search,line_app_search
76816141-d213-4dd0-96ba-00670572c721,Ub0341314a5534ea92b26fa8adc30543f,U744b2de741c39e35a3bee4e005f0eca7,2025-10-21 17:31:07,2025-10-21,ad,line_ads
cf77e27f-36c2-4d48-b103-2c7741c031d2,Ub0341314a5534ea92b26fa8adc30543f,Ub8961c44cf14280980978ca7ea9ec114,2025-12-27 00:44:12,2025-12-27,qr_code,business_card
04e3bcd0-c6d1-4c93-9189-12667a79297a,U743849e63f8101ac616f8fd0ba84a167,Ubbd85aef25374b6fdd1d9b4e96d49244,2026-01-21 07:13:26,2026-01-21,qr_code,event_booth
04242aaf-dcda-4079-9be7-e121cf004604,Ud4a92c8c8050eed40ef171cc2784d638,Ud56af712bdc83afc3add26c0faabca7d,2026-03-05 17:06:34,2026-03-05,search,line_app_search
d54d947e-0200-4e95-95af-11c8c04f60ac,U227d1cd1a801c367de206ec4bbca7330,U612e380274c147edbb84f97ffcc152c1,2025-12-18 10:42:13,2025-12-18,qr_code,poster
a8101cea-432f-47e2-b016-e387bc5e0d84,U743849e63f8101ac616f8fd0ba84a167,Ua3a0acf88ea4d9249ea6b4c770638141,2025-11-04 03:40:48,2025-11-04,search,line_app_search
522fee2e-9e3b-45d5-b249-669987f24073,U7e808d11d6f9901a954a542a7ee09918,U71288ffa1f5f15ccaeeb710df269f0be,2025-11-08 11:58:07,2025-11-08,link_share,messaging_app
9c629358-6917-442d-8f31-aae1deea493d,U743849e63f8101ac616f8fd0ba84a167,U7ffdb0a7c619201e00f825ed994587b5,2025-11-24 15:24:29,2025-11-24,qr_code,poster
5e7873be-4e9e-4614-b9e8-985249b18cbc,Ub0341314a5534ea92b26fa8adc30543f,U6b07d11b8b8e6739dc7fcee23d319a09,2026-01-02 13:31:59,2026-01-03,qr_code,event_booth
5bd8f7d1-17cd-44db-bd21-6ab915c745f4,Ub0341314a5534ea92b26fa8adc30543f,Ud71cb099f4d6a678d10daf1025fd62e7,2026-04-04 11:32:41,2026-04-04,link_share,email_share
6f656583-7385-452e-8c17-f638daef656b,U7e808d11d6f9901a954a542a7ee09918,Uc4662b99627ad2b085a00e68cd72b1f0,2026-02-10 02:19:35,2026-02-10,qr_code,event_booth
dbf087db-b5d1-4c18-abdf-466c276598cb,U743849e63f8101ac616f8fd0ba84a167,U7f61cc72c715736950918b9bf8cdad29,2026-01-14 19:40:38,2026-01-14,ad,facebook_ads
5a89662e-754b-4bfb-b6eb-b662c4538bb8,U743849e63f8101ac616f8fd0ba84a167,U0643bd3cba0665613e07e0eae0b6880b,2025-12-19 14:21:26,2025-12-19,qr_code,store_front
81a3287e-12bc-4b0a-9764-63fe2a9bac9a,Ub0341314a5534ea92b26fa8adc30543f,U51406910b6207553f28068c584309608,2026-04-07 17:47:09,2026-04-07,ad,line_ads
1be6926a-0207-4707-9fc0-18aab0767f79,U4784fc8a8e1e4eb2435ad84e0ad052f2,U3d0a41620e1298713c1070a48363d4da,2026-04-03 07:26:14,2026-04-03,search,line_app_search
da965b92-ef1b-4067-8e5c-18d432dfe9b0,Ub0341314a5534ea92b26fa8adc30543f,U073bb2c82f37eb863ddcbc6a477f5236,2026-03-05 01:23:16,2026-03-05,search,official_directory
da0e5d31-527c-40e2-b38c-6f9895c32282,U3bae1603803a839c0cb52f511d9cb8f6,Uaadde4593fe580bcf11ba37ad7079e73,2025-12-01 09:49:23,2025-12-01,search,official_directory
15b39847-c767-43dd-983a-3cf10c434a78,Ub0341314a5534ea92b26fa8adc30543f,U1dab2aaf443797b0ac27fd4dd1a6fd17,2025-12-13 09:01:52,2025-12-13,other,unknown
9a3ddc00-5e98-42ca-ac0e-e8a67a2031dd,U3bae1603803a839c0cb52f511d9cb8f6,U6dd7c965a9c22072f4010931a39449e6,2026-02-23 12:29:00,2026-02-24,search,official_directory
fa765b10-942d-436a-a764-b36b5cd351a0,U3bae1603803a839c0cb52f511d9cb8f6,Ua07fdd7a74e7a0242d436c200e23014f,2026-02-23 15:15:21,2026-02-23,search,line_app_search
9bfcfa13-f8b8-4090-badb-8cf1d6db729d,U1ca413826b7044d134c9c3132420c9de,685f128f6c57e1d7f1cdba454b10df0c,2026-01-28 08:10:07,2026-01-28,search,line_app_search
38ac301c-c37b-443d-85b5-0a7413bfbaf8,U3bae1603803a839c0cb52f511d9cb8f6,Uf5eccb254a78670187dea19dde716552,2025-11-29 06:20:05,2025-11-29,other,import_bulk
eb922f15-262e-437c-85c6-6f08f03a61ab,U743849e63f8101ac616f8fd0ba84a167,5d9f0643efabb1c93bfef8bfb944fee7,2025-11-05 01:38:19,2025-11-05,search,official_directory
36d573ed-66f6-4a7f-888c-9ab6a8d95750,U3bae1603803a839c0cb52f511d9cb8f6,4d900e74a29f581affc85310bedd9c1b,2025-12-09 21:10:42,2025-12-09,ad,yahoo_ads
9c7207d8-1458-418a-aa05-02e8c1928b0a,Ub0341314a5534ea92b26fa8adc30543f,Ufe9c07b8193b206f5ea37adb85cce0aa,2025-10-25 19:04:53,2025-10-25,search,line_app_search
705f07bc-863c-477b-8045-3865716cd4fb,U3bae1603803a839c0cb52f511d9cb8f6,3fb2141f6ca29670a38d4e1e9ba5bc3c,2026-02-21 04:53:36,2026-02-21,qr_code,poster
fd2f2f63-2e2e-4ec7-ba91-c96d38b8d655,U3e5dd3a641c58ad50e49f095c6f1e306,U518caaeef3557c60d1b9fa9609ccdc14,2025-12-26 16:09:45,2025-12-26,search,official_directory
4dc9eb79-0abd-4941-981c-676581716ec4,Ub0341314a5534ea92b26fa8adc30543f,U3757f955c0af02ac84b2ec4f1acb9f9c,2026-02-25 23:53:49,2026-02-25,ad,yahoo_ads
21a199b9-8b73-4abf-bd88-3ff9e3c59072,U3bae1603803a839c0cb52f511d9cb8f6,U20fcbdc77c8305f7a96610629ccf9210,2026-01-20 14:19:20,2026-01-20,ad,facebook_ads
cd2a869e-7b6b-4c08-94dd-139e7bbba711,U743849e63f8101ac616f8fd0ba84a167,U40257c31be36006deabf692635ad9991,2026-01-04 08:18:46,2026-01-04,link_share,sns_share
dc539c4c-aaa1-445f-82f3-dd840b8a0cba,U4784fc8a8e1e4eb2435ad84e0ad052f2,85055170b313306e1098dca4622b79fb,2025-12-20 06:45:34,2025-12-20,qr_code,business_card
82a36c3d-522a-4c04-a47c-76e3ad7c659c,Ue7310890b01058478be93761a56d0aa0,U1d5ae7db3314f5d3d59c40f883bf8d15,2025-11-01 12:44:14,2025-11-01,search,official_directory
d8826a66-408f-4db6-9eb1-4b9160bf8e2d,Ub0341314a5534ea92b26fa8adc30543f,U3ea67b4baa72553c57a40b7980eadc36,2026-01-09 23:53:22,2026-01-09,ad,line_ads
c8e9748e-667c-4665-abd4-8d333ef64971,Uc20f9c7e9b662bedec3cb78e127885c7,Uca619fa7acf6a93c803132a7d07d2cb4,2026-01-12 03:18:17,2026-01-12,ad,facebook_ads
80485ed9-c3e4-4f78-b30c-989bbe4bc45b,Ud4a92c8c8050eed40ef171cc2784d638,U4d817e541c0f1537185b68f2b98ce4c0,2026-02-11 11:51:50,2026-02-11,ad,google_ads
6afa15ca-cb51-4726-b8fc-f1c588519fb1,U743849e63f8101ac616f8fd0ba84a167,8056103d451f90290114cb953da43c4b,2025-11-20 12:25:44,2025-11-20,search,official_directory
3200d7c2-d912-427f-a22b-d9a38a8999f5,Ub0341314a5534ea92b26fa8adc30543f,U817f680dc9046e4ae22b6b6cf5b70eab,2026-01-18 04:12:24,2026-01-18,search,line_app_search
669ddf7e-0aa0-48c8-8c44-aff8750d4659,U879eb903ad90cd9c2874f6df7651267a,U3d7198b158878b9bf6faa870fb98fefe,2026-03-31 20:00:19,2026-03-31,search,line_app_search
e54210b6-ce51-4817-9e0e-6345a0ae38b3,U743849e63f8101ac616f8fd0ba84a167,Udb20a9c38166940eb0d8b6a042d6669a,2026-01-25 19:17:12,2026-01-25,ad,google_ads
0fdd088c-9525-4080-a3bd-1182b82a228f,U3bae1603803a839c0cb52f511d9cb8f6,13e97198adee74ffa563150e5537849a,2025-11-27 11:39:02,2025-11-27,search,line_app_search
c78f111b-e8aa-4186-b68d-fc6d2752ebb7,Ub0341314a5534ea92b26fa8adc30543f,16a97fd8e6b6faf14628c529e64c5764,2025-11-27 11:42:29,2025-11-27,search,official_directory
748d5165-90a9-4a8a-95d5-99742cbcf88e,U3bae1603803a839c0cb52f511d9cb8f6,Uaa92f58f3d8b5f85909323dbf72aec24,2026-02-10 18:46:50,2026-02-10,search,official_directory
933f173f-9b49-4715-934c-3a3c075cb1e9,U3bae1603803a839c0cb52f511d9cb8f6,U503955482a4c973aeeb51e7ad908ec0a,2026-04-08 07:50:29,2026-04-08,search,line_app_search
cf9194ed-4b0c-4dd7-8070-c7587cb78f06,U22a93bc29b1df104af6b1ba1cd91fc56,U6b5cdfa29969e098391a7a83dbecb4c2,2026-03-01 05:34:41,2026-03-01,search,line_app_search
5aa82b63-7dbb-4a69-a251-77f46e4344af,U22a93bc29b1df104af6b1ba1cd91fc56,U7c717a4c41ec9ef82fd6a726a39f2626,2026-04-02 06:49:59,2026-04-02,link_share,messaging_app
312ef265-2e25-44d2-95ac-7583390391ea,U743849e63f8101ac616f8fd0ba84a167,U3610175325d43f909d611cb07427b0db,2025-11-08 10:52:18,2025-11-08,search,line_app_search
6342d307-fb54-4f26-a5d2-d68a9f90df55,U743849e63f8101ac616f8fd0ba84a167,U1930dd6437f0ec9df10a25a2fd0b1099,2025-10-21 06:27:20,2025-10-21,search,line_app_search
27806c33-5f7c-4fbc-9c8b-a76f96ebf46f,Ue8d9224ecde331ce692edfce0b5ecdc4,U343bf5c5b5e50162b90b1fe2e1fcdc13,2025-12-22 21:30:47,2025-12-22,search,line_app_search
fdd8cfbe-fa3a-48b1-81ff-82e372ea970d,U743849e63f8101ac616f8fd0ba84a167,1418f5c4cbb25f3c6252f3da62ecd72f,2025-10-20 16:59:42,2025-10-20,ad,google_ads
7d81cace-cedb-47b2-a53e-1d6b13a2514b,U7e808d11d6f9901a954a542a7ee09918,Ua27651bb79cda7f68e9fb06fba05bd11,2025-10-25 00:04:36,2025-10-25,link_share,email_share
fb559cce-99c8-4c68-8434-f588235241ec,U743849e63f8101ac616f8fd0ba84a167,Ub7c1d19878deed6eafa798c9dd881588,2026-01-06 11:31:15,2026-01-06,ad,google_ads
58e2bd9f-057b-485e-91c5-ab0580c2a024,U3bae1603803a839c0cb52f511d9cb8f6,Udae437e353ff3c8ec2b48e9d626f0285,2025-10-24 21:51:37,2025-10-24,qr_code,poster
afaa2d4f-1e71-43b0-8286-94ad39a6e8c1,U743849e63f8101ac616f8fd0ba84a167,Uaa131d88ab0916245db93a074415cde1,2025-11-10 20:56:31,2025-11-10,qr_code,receipt
7a6d377a-6739-4067-9069-1ed8c017fd87,U3bae1603803a839c0cb52f511d9cb8f6,Uc4b0de5ab1dddb5bd4532b160a6520af,2026-02-01 17:11:04,2026-02-01,search,official_directory
b89195fb-b799-4e7f-9c38-e5945ec750b6,Ub0341314a5534ea92b26fa8adc30543f,e10dffb39aad224365f5020d209aacba,2026-01-05 02:42:12,2026-01-05,search,official_directory
1e299da6-b4a0-48bd-9dc1-5a2a8b408271,U743849e63f8101ac616f8fd0ba84a167,Ua804af526b9f56ee0e88eecbff48bbdc,2026-03-25 14:35:42,2026-03-25,ad,yahoo_ads
cf100724-fb4a-41d2-ad3d-0a8ca70f636c,U3bae1603803a839c0cb52f511d9cb8f6,Ue40bf1bb8eee25aec8d611210a97105f,2026-01-19 19:36:14,2026-01-19,qr_code,event_booth
22a19d74-d5a4-4b20-bcb2-c5679a45a24f,U3bae1603803a839c0cb52f511d9cb8f6,Uad362e52f85f6e9c0362afeee5ae6522,2025-10-23 08:49:01,2025-10-23,search,line_app_search
bb0674ec-ecca-4cdf-891a-8504dafb95df,Ub0341314a5534ea92b26fa8adc30543f,U80e115e1b4b6bc220ad79062d5cedb7e,2025-10-20 13:12:45,2025-10-20,qr_code,event_booth
c1202c08-70df-481e-bfca-ec14782eb4af,Ub0341314a5534ea92b26fa8adc30543f,Ucf0fa531f9e8eefa82eda4d68f7e046d,2026-02-20 15:25:48,2026-02-20,qr_code,business_card
5b6cdda7-a748-4ff3-a7b5-4ff06cdaf8d0,U743849e63f8101ac616f8fd0ba84a167,U71f4ee1fc2963df80642e6c934955296,2025-11-08 15:59:53,2025-11-08,ad,line_ads
e728195e-b87c-4331-bce2-829dface4293,Ub0341314a5534ea92b26fa8adc30543f,U236049fc3c12b39234557943556cab0a,2025-10-24 17:17:47,2025-10-24,qr_code,event_booth
48eceac9-908f-4450-97b3-fae4149af918,U3bae1603803a839c0cb52f511d9cb8f6,fe608a69855df5cd34a24f56bebbe258,2025-10-30 20:39:39,2025-10-30,link_share,email_share
4ae160a5-7d2a-41b8-bd64-f1cdac577277,U743849e63f8101ac616f8fd0ba84a167,U827fad482078a7631e7dbf7749cf7754,2026-01-16 16:08:10,2026-01-16,search,official_directory
db0b87d0-3f99-4e07-a3a1-c3e945ac8980,Ue7310890b01058478be93761a56d0aa0,Uddb4805a61cb9b06fca2bc5981dc8ad6,2026-02-06 04:48:02,2026-02-06,ad,google_ads
b2173a97-b43a-4448-8e62-112dbdf86684,U227d1cd1a801c367de206ec4bbca7330,U7c42b90f645de7ed0a8c99555458e794,2026-02-06 11:31:50,2026-02-06,ad,line_ads
98a6aadc-dbb3-4a88-9c28-f1e0b13e8dd9,U3bae1603803a839c0cb52f511d9cb8f6,U5157d391200370e549a56d91f16754a3,2026-04-09 09:50:31,2026-04-09,search,line_app_search
6653913e-cc87-46f1-bee4-d10938a64df2,Ub0341314a5534ea92b26fa8adc30543f,Uf2512b56d0d2d8ecd8ec6d24893a5198,2026-01-08 11:54:00,2026-01-08,search,line_app_search
e99f5a5d-6b37-4a2a-9e82-96b0e24a654f,U743849e63f8101ac616f8fd0ba84a167,1c6daa4b49b593d9d39b3668e0f3d9f3,2025-11-05 13:30:15,2025-11-05,search,official_directory
92b93a63-be2a-40a8-927a-fa3faf5ffd63,U743849e63f8101ac616f8fd0ba84a167,U885682d7051003ce8e66c0bad11a3c6c,2025-12-03 19:22:15,2025-12-03,ad,google_ads
b977f9e8-e88e-4031-86c8-78f1b7ec5791,U1ca413826b7044d134c9c3132420c9de,U5356a1c8b10aeb405135c5b9603c9752,2026-01-23 14:12:56,2026-01-23,qr_code,event_booth
5aa1f5f7-f41c-41ad-9026-d37878431457,Ub0341314a5534ea92b26fa8adc30543f,Ud3c972c29e4fa31d095677cabf3875f4,2026-02-28 21:44:27,2026-02-28,search,official_directory
8b61553f-c1d5-4633-9830-e6e3279ff2c4,U227d1cd1a801c367de206ec4bbca7330,Ucc5637a7175eb2be4dd1dfec9dd72ee6,2025-12-07 17:31:03,2025-12-07,qr_code,poster
ed5b1d37-48a9-429d-a8f2-759024368620,U743849e63f8101ac616f8fd0ba84a167,3f565e3e72e8d3849988ac8cc92327d9,2025-11-11 00:15:52,2025-11-11,qr_code,store_front
b59dbf0d-b437-48b6-88d6-d0025032abc5,Ue7310890b01058478be93761a56d0aa0,U8f28d7fdc9ade2fcdb57db82085bb170,2025-11-23 01:50:20,2025-11-23,qr_code,event_booth
72c61180-56e0-4bcd-ba67-b4c2db7041ee,U743849e63f8101ac616f8fd0ba84a167,U40f188415b0410e7d662ffcd10e65d32,2026-02-28 00:33:16,2026-02-28,ad,facebook_ads
f6d92691-4547-495d-a93c-69f2e3f7e16d,Ue7310890b01058478be93761a56d0aa0,U480b201e8a8676b9865f82beae4d4cfc,2026-02-19 06:42:05,2026-02-19,search,official_directory
f074675b-aa23-4619-a75c-8207efc3dfdc,Ue7310890b01058478be93761a56d0aa0,Ua0ff863b2d6aa3bc51ff8fa013e222d6,2026-03-10 22:07:14,2026-03-10,ad,yahoo_ads
0b7cabe5-172f-4fb7-823e-a7ce8e74165b,U743849e63f8101ac616f8fd0ba84a167,Uc8c5bfe61419d0f46734a75af4689944,2025-10-26 07:56:41,2025-10-26,qr_code,receipt
90c79275-ce91-4249-8775-a88d04af0776,Ue9a1e8a5b83a6b296d43c957a8cfba4a,U71e2fae24d8364011215ca010199c39a,2026-01-31 21:50:40,2026-01-31,search,official_directory
35e3bed9-d02e-438f-ab91-167343994890,U4784fc8a8e1e4eb2435ad84e0ad052f2,93c184b10cc0238be5f5e667220bac4c,2025-11-07 09:19:15,2025-11-07,ad,facebook_ads
08a34783-3456-4082-bb32-75f63958f3ca,Ub0341314a5534ea92b26fa8adc30543f,800d798fc8dbad897c4db9d55327172e,2025-10-27 08:39:33,2025-10-27,search,official_directory
a1ab7f2e-c8cb-461c-9f62-e675a47f9fa1,Ue7310890b01058478be93761a56d0aa0,Ubb54ff1396f55c1a59590582160a906f,2026-03-17 06:36:53,2026-03-17,qr_code,business_card
74473631-5ac0-4c76-80bd-80a47c907df9,Ub0341314a5534ea92b26fa8adc30543f,Uccf68acfe0e734c5e10cbce7d993a1c4,2026-02-06 12:08:32,2026-02-06,qr_code,event_booth
713f7ced-260b-4695-b087-5b8067649e56,U3bae1603803a839c0cb52f511d9cb8f6,U8f6edb607520f15162ca5e1d6068a306,2026-03-17 05:51:07,2026-03-17,qr_code,poster
d7bf392b-e57d-4e13-949f-6fd9e636d69f,U743849e63f8101ac616f8fd0ba84a167,U586165190306a5f61f09715d38dbfd0a,2026-01-12 04:49:58,2026-01-12,qr_code,poster
23e5404c-b677-4d20-96b9-55dc99dd733a,Ub0341314a5534ea92b26fa8adc30543f,Ub7cce4a279303e80277a41f0ad342549,2025-12-03 08:22:32,2025-12-03,ad,line_ads
0c6fc230-424b-41d1-9553-43a227cb3c93,U3bae1603803a839c0cb52f511d9cb8f6,U0c5814c09cfffb9d42bb3577a2661f90,2026-03-18 19:53:09,2026-03-18,link_share,messaging_app
55fdb9ea-a536-4aab-9973-4b394bba6fd3,Ub0341314a5534ea92b26fa8adc30543f,Ud1433f6d224cbd861a9d9119574ad904,2026-03-14 17:51:56,2026-03-14,qr_code,receipt
baba5b1a-d7ac-4b89-9489-be468e5e4737,U227d1cd1a801c367de206ec4bbca7330,dc10b738a131b2f5483e8cc658c06d9e,2026-02-22 08:00:48,2026-02-22,qr_code,receipt
5ca085d6-931b-40f0-a4ca-b85a0cbe8f63,Ub0341314a5534ea92b26fa8adc30543f,U8f57c1d7ec65178d348d8ca5dde969e3,2026-02-05 12:48:19,2026-02-05,link_share,sns_share
d6a49ed6-b29b-47b7-a2ee-105fc8cefceb,Uc20f9c7e9b662bedec3cb78e127885c7,Ufcc74737befaa5744029aee6ad4a45d2,2026-02-13 06:06:43,2026-02-13,other,import_bulk
01f57a75-e6a9-4daa-b944-993c3365f7b9,U743849e63f8101ac616f8fd0ba84a167,U279f19262a4404c507a674487b52d275,2025-11-10 18:47:01,2025-11-10,qr_code,poster
ebdf8b5b-1d40-41a9-94ad-494bdc67b0f0,U743849e63f8101ac616f8fd0ba84a167,Ud377b80943687ce56183ee69aa2c2786,2026-03-14 17:32:47,2026-03-14,other,unknown
f346e3bc-9ca9-472e-a8f5-7e764b788a63,Ud7cd4c737b35e126236570d6cf0e97f4,U1a761f180b79389613df886bd0f7a8c1,2026-03-27 10:59:18,2026-03-27,link_share,messaging_app
2482bafb-0f2b-426c-a742-ead62bd26099,Ub0341314a5534ea92b26fa8adc30543f,Ub847745742c55cb74c375f39802ec32f,2025-11-22 12:04:23,2025-11-22,ad,yahoo_ads
94f0bc61-fcdb-418f-aca0-f6fc7f056892,U743849e63f8101ac616f8fd0ba84a167,U670550c137f6abdfff540baa96a7ab22,2026-01-19 20:19:12,2026-01-19,search,line_app_search
2d15694e-2664-4c8d-aa3e-e704abb92fb5,U743849e63f8101ac616f8fd0ba84a167,e14809344a1f098a3eb7ad058f211ab1,2025-12-14 07:51:06,2025-12-14,qr_code,event_booth
d0395ea9-fb2d-46e5-b88a-5adc5316a8c7,U743849e63f8101ac616f8fd0ba84a167,5a525d2401d6a2c820469c983dac10fa,2026-02-07 01:06:59,2026-02-07,qr_code,event_booth
16fe132a-8010-4354-b57b-edf1b88840ac,Ue7310890b01058478be93761a56d0aa0,Uec571095daef360f47263fc6c22c4719,2025-12-09 00:41:27,2025-12-09,other,import_bulk
2436f46e-0853-488a-a962-378500041ab1,U3bae1603803a839c0cb52f511d9cb8f6,U94b4a649cd082c0273803cb40fcbde74,2026-04-03 20:42:34,2026-04-04,qr_code,event_booth
ba2ea610-8e9f-4587-b448-f56a45d25860,Ub0341314a5534ea92b26fa8adc30543f,U053ee653cc1e30f9f024c4ffcab43158,2025-11-12 03:16:32,2025-11-12,search,official_directory
206df5d5-f004-4976-84bf-9e2a945749ba,U743849e63f8101ac616f8fd0ba84a167,8e9a82449a5ddd9cd6c65234b7ed6b0e,2025-12-23 05:27:56,2025-12-23,search,official_directory
a830458b-eba3-4028-92d6-d5bee8afac19,U3bae1603803a839c0cb52f511d9cb8f6,Uf6c6d5ebb835c47796f5d366b78454f2,2025-11-01 00:59:33,2025-11-01,search,official_directory
f0d79542-32d1-404b-a276-089b99e81d4d,U476acbdef8e9a16d24575e4f6d7b0f31,U29073d5623adf8e40cdf7840c6474610,2025-12-30 15:43:37,2025-12-30,search,official_directory
1cb5dc30-9cba-4f1f-a4c3-4d4a04ce86e7,Ub0341314a5534ea92b26fa8adc30543f,U7ae5b29138ee02c790d5c169a66fdf89,2025-12-20 13:40:20,2025-12-20,search,line_app_search
7376389b-5340-4c1f-a574-ca3150322ebf,Ub0341314a5534ea92b26fa8adc30543f,Ud00674088051e7dde94b10eb7d465b56,2025-12-11 05:02:34,2025-12-11,link_share,email_share
88789b5c-f0ee-4c82-8f6a-bc4f0a6b41f2,U3bae1603803a839c0cb52f511d9cb8f6,U44dee271ad87e09dfb6c23a860f44dae,2026-01-05 14:19:28,2026-01-05,qr_code,poster
91f07b7e-f9d1-41ff-bb4c-d95fcb268b6f,U743849e63f8101ac616f8fd0ba84a167,Uc48954ef8c862e4b61f44af3e8b0e67a,2026-04-11 01:29:30,2026-04-11,other,import_bulk
62d96a45-5861-4855-b314-8e24ee061a0a,U3bae1603803a839c0cb52f511d9cb8f6,Ue42d659b01ce571a53a007f16d5b9ec8,2025-12-30 12:27:50,2025-12-30,search,line_app_search
a9a00b6a-a541-4779-9a02-6084c59079c0,Uc20f9c7e9b662bedec3cb78e127885c7,48bf01cc9138894208c5067e86e1e87d,2025-12-07 03:52:52,2025-12-07,ad,google_ads
ce25837a-6bfa-48d8-80cf-cb8792f823c7,Ub0341314a5534ea92b26fa8adc30543f,Ucc247894c0dc0480062f2aab6bcc50c2,2026-01-02 13:46:51,2026-01-02,search,official_directory
46b658a0-5c77-45f2-813c-2f4fa266097a,U3bae1603803a839c0cb52f511d9cb8f6,Ue97a77eac294f863f15244bc7324d503,2026-04-11 03:33:23,2026-04-11,qr_code,event_booth
07c09f4f-25a4-45e3-a86e-d8e8c92f8685,U743849e63f8101ac616f8fd0ba84a167,Ud327d652185bdf8a92f7f0639c0fd0a3,2026-01-01 06:34:24,2026-01-01,qr_code,store_front
139ac45e-62df-4082-a55c-cfe6b7887fd8,U743849e63f8101ac616f8fd0ba84a167,U0a1abfdb593e586be7568c2fdf49beeb,2026-03-06 05:58:18,2026-03-06,search,line_app_search
88a4916b-32d8-4feb-915b-b6b524f83c1d,Ub0341314a5534ea92b26fa8adc30543f,Ue7965d532ff4bfbd8858561e616c2888,2026-04-11 11:14:26,2026-04-11,ad,facebook_ads
101bfc49-fa6b-4781-b3a0-9c728a334138,Ue7310890b01058478be93761a56d0aa0,Ub37b219d71e1be45ba65b866f5b40fb1,2025-12-09 15:21:04,2025-12-09,qr_code,business_card
f53cb5af-7ea7-4812-a808-001a5a78eac5,Ub0341314a5534ea92b26fa8adc30543f,Ubac4f530f6b6f2d92c7803e7f8cd1721,2025-11-22 00:52:05,2025-11-23,ad,google_ads
5a9cbb08-4781-4604-becd-43fd8c33d70c,U3bae1603803a839c0cb52f511d9cb8f6,U38b33ff8db30b101c5d0bdd9bc40e1d9,2026-03-31 10:36:04,2026-03-31,qr_code,receipt
0a4e113b-2280-4e4b-a75b-3e401a1d8d3a,U1fadb6bf4c876b4dd1e37960d23c5eb4,U90586eec3d55dcdd5f8e361a3e0457e1,2025-12-05 00:18:47,2025-12-05,ad,facebook_ads
49ac644c-faf8-481a-8a26-bfb8d7f136dd,Ub0341314a5534ea92b26fa8adc30543f,Uf537f702dc93e37bd02596081c691c16,2025-10-25 11:23:44,2025-10-25,ad,google_ads
5e2f3019-f4bf-4d4f-8d8f-adb301d3eb4b,U743849e63f8101ac616f8fd0ba84a167,U61a6a74eb17517cbe521e9d61cf2f473,2026-03-17 03:36:09,2026-03-17,qr_code,poster
66bf8b87-fa63-491a-8758-17e7fa7dcebe,U3bae1603803a839c0cb52f511d9cb8f6,457ce45500a9498a48fa29d7c0ede55d,2026-02-24 05:15:52,2026-02-24,link_share,messaging_app
7f1428ad-fa74-43a2-a9dc-748c2eb7745a,U3bae1603803a839c0cb52f511d9cb8f6,a904c0bfe12dee79123ca5b4e81d835f,2026-01-16 01:21:45,2026-01-16,search,line_app_search
4252bfc8-ace9-45d5-b91a-5ea6dd3bb974,U743849e63f8101ac616f8fd0ba84a167,U49142237b97f03ab5fa3cd5aad3b5a81,2026-01-05 22:49:09,2026-01-06,search,line_app_search
3274d06c-4b0f-432d-ab27-e2217274828b,Ub0341314a5534ea92b26fa8adc30543f,U2aaa30affe425fa9c4ad5658a1d8513f,2026-03-29 14:37:59,2026-03-29,qr_code,business_card
f9e152b9-49c2-4ad8-bad3-045330a26cde,U3bae1603803a839c0cb52f511d9cb8f6,U63095daf777302240b20d9b4b87ed223,2026-03-03 12:45:47,2026-03-03,search,official_directory
4cddada5-e8ae-4747-a49b-d71354490a12,Ue7310890b01058478be93761a56d0aa0,U96794a379c51af1c1c1aa2558677c2e7,2026-04-08 09:48:08,2026-04-08,qr_code,poster
41275b34-9ce2-4be9-b705-83612ee3093e,Ub0341314a5534ea92b26fa8adc30543f,Ued94e0de400e74b16e8c6e944d4bd6d9,2026-03-27 00:26:31,2026-03-28,search,official_directory
2df5015d-7c81-499b-b4f4-d3ed8d9b79c9,U743849e63f8101ac616f8fd0ba84a167,U28813e467dc4034032a85b96be406481,2026-01-20 08:22:28,2026-01-20,ad,yahoo_ads
deaaa8f0-3bd6-4969-8726-55f47ff7f75f,U3bae1603803a839c0cb52f511d9cb8f6,Ud95ac69745ea86adad35f3cd7f906ecd,2026-01-11 13:48:04,2026-01-11,qr_code,receipt
6c157e0d-77ca-49b9-8e74-7e9b8d0a39dc,U3bae1603803a839c0cb52f511d9cb8f6,b913877554f98df378304c7b91fe35b0,2026-02-04 00:16:13,2026-02-04,search,official_directory
b57d18d1-2229-490b-9501-34898821a96b,Ub0341314a5534ea92b26fa8adc30543f,U46e285985b33bebabf7ac1055bd25878,2025-11-05 04:42:24,2025-11-05,ad,line_ads
6d90f6ad-6775-4c1c-ad59-bb92968b988f,U3bae1603803a839c0cb52f511d9cb8f6,U983fcbb77b86c7b6a8ffed0b29b8e684,2026-03-08 14:36:44,2026-03-08,search,official_directory
c4eda217-9fd1-4936-9263-1ce26836ddf9,U743849e63f8101ac616f8fd0ba84a167,U09bdfba0253cbf8bbb8d5655e50217fa,2026-02-05 23:31:10,2026-02-05,search,official_directory
d3a1e934-86a1-4b84-85ec-9abce20dd5be,U743849e63f8101ac616f8fd0ba84a167,U1c2d878632470a209f95c4c0425fac37,2026-01-20 14:55:26,2026-01-20,qr_code,store_front
d127b8c1-ccde-4064-8cd1-6d93d25068e7,U743849e63f8101ac616f8fd0ba84a167,c9a0a60900a66038591cb63b35e13703,2026-01-24 14:27:28,2026-01-24,qr_code,event_booth
d5101944-e8b5-4687-9d33-1aaf47431603,U743849e63f8101ac616f8fd0ba84a167,Ua9b861d8413bff3b5db558a9c214c786,2025-10-30 02:16:51,2025-10-30,search,official_directory
5cba5f2f-3fb5-4bc4-bca6-dfe6bd2484f5,Ub0341314a5534ea92b26fa8adc30543f,U4b84a902234fab707f7b24df10e51a88,2025-12-16 23:41:44,2025-12-16,ad,line_ads
f39bc7d9-09ed-4957-927e-eafa8ced3d34,U3bae1603803a839c0cb52f511d9cb8f6,U3543d5b8ad3aac22ab45f2666ce2edee,2026-03-30 12:06:00,2026-03-30,qr_code,business_card
9c270655-d3c3-44d3-b097-a6e37e14c4b1,Ub0341314a5534ea92b26fa8adc30543f,2931a5f41f53a31ce3cff44dc73e7243,2026-02-16 10:09:29,2026-02-16,qr_code,store_front
c8199aee-d18a-4cac-b7e8-786a66406797,Ub0341314a5534ea92b26fa8adc30543f,ae0ae4434fc96e0eb11c7c01232ea04e,2026-03-31 18:45:56,2026-03-31,search,official_directory
57ee6c69-3a46-40dc-989c-1f1bf6a86569,U4784fc8a8e1e4eb2435ad84e0ad052f2,Ud8b12b13a940525c3af84eae154f369c,2026-02-01 12:11:54,2026-02-01,search,line_app_search
cbf51257-5a5b-49fb-9dba-e63d6f46fc5e,U3bae1603803a839c0cb52f511d9cb8f6,Uc9d90aace49cac2917dd15e1146796ca,2025-12-10 05:22:01,2025-12-10,search,line_app_search
19d8e047-4d75-4847-b041-36e2d495b278,U743849e63f8101ac616f8fd0ba84a167,U0d2fc12377647c22a15a3cf7a7756508,2026-02-15 23:37:05,2026-02-15,search,line_app_search
40005308-0a96-4dd5-964e-ac3848949ed9,U3bae1603803a839c0cb52f511d9cb8f6,U81342a8be71540ade9f17916c321a686,2025-11-23 20:00:55,2025-11-23,search,official_directory
6ffb4305-fa01-4f55-a3a2-d3b85e6a0a56,Ub0341314a5534ea92b26fa8adc30543f,Ub1d94e00ff12004e18ebc91582e340bf,2025-10-28 21:06:36,2025-10-28,search,line_app_search
3c17ed6a-380b-4f62-aa79-2107a3f5b3d1,Ub0341314a5534ea92b26fa8adc30543f,U982b837019018953bb0808220bba371e,2026-03-23 17:52:39,2026-03-23,search,official_directory
c52d884f-9266-4669-8623-f12c2defb862,U743849e63f8101ac616f8fd0ba84a167,acea7965dbb02aa9c76dcc2db1d83417,2025-10-29 04:52:05,2025-10-29,qr_code,store_front
86d74828-1fed-4f2d-b2dd-2c4bfa2b1434,U4f8b2d7d97720f7d61a0294f1c9c3877,Uc0e60c12bf65e963cdaf1c446f19f597,2026-01-24 15:41:51,2026-01-24,search,line_app_search
74fcb31a-2381-4a98-939b-cf81cecde53d,U743849e63f8101ac616f8fd0ba84a167,Uf36c274466d2e7e55602a4358bc3826c,2026-01-28 15:29:21,2026-01-28,qr_code,event_booth
87cb31dc-1e46-490f-ab35-45e69721849e,U743849e63f8101ac616f8fd0ba84a167,Ue2921e39f26ba3926e93158682728e5d,2025-11-08 02:53:16,2025-11-08,search,line_app_search
216ace70-fd64-4f8a-9a0a-2b87c2a31e8e,U3bae1603803a839c0cb52f511d9cb8f6,U05ef229204f2ea1296f3eaf04ccd78ec,2026-02-25 18:53:03,2026-02-25,search,official_directory
724583aa-16cb-48b9-8453-5c1005eb6370,U7e808d11d6f9901a954a542a7ee09918,Ufaf09e142faf0e0fd96ee72d32edbbe0,2026-03-26 17:41:42,2026-03-26,link_share,email_share
42368aea-20de-4269-b91a-49fee763ba3b,U227d1cd1a801c367de206ec4bbca7330,Uc16261efb1b6298367b5fd1a6bfb4afe,2026-03-25 10:01:15,2026-03-25,qr_code,event_booth
a8eb99c8-0c12-4a8e-b27c-09c46d7b4da2,U3bae1603803a839c0cb52f511d9cb8f6,U8d7879cc6c935636e9b0cf386c039ebc,2025-12-22 09:47:05,2025-12-22,ad,line_ads
fd6c22e9-ddb0-4fa1-8354-0386dffa30ab,Ub0341314a5534ea92b26fa8adc30543f,U1bc8371872736242882ec207eb5a0953,2025-12-01 02:32:40,2025-12-01,other,import_bulk
037e9309-6f8a-427e-b0d9-18b9105acb9c,Ub0341314a5534ea92b26fa8adc30543f,Ubfcefb4a5e8db7c468054fff67768f1e,2026-04-10 00:13:15,2026-04-11,search,line_app_search
bd928167-1ec9-49b9-9086-38d4352db12e,U4784fc8a8e1e4eb2435ad84e0ad052f2,U04241a9b324e419cbb5768afbf2708aa,2026-04-05 23:16:56,2026-04-05,qr_code,receipt
0b623d38-4e3f-44f5-ae39-4d58a36161da,U743849e63f8101ac616f8fd0ba84a167,289a142c98fed8e7eaae97a20cdf49ad,2025-12-12 02:36:23,2025-12-12,qr_code,poster
d0b9031b-c00d-4ae0-810d-d556c156097d,U3bae1603803a839c0cb52f511d9cb8f6,Uf9400f9a8fafce5236d2c3fabe117c23,2026-02-10 05:23:07,2026-02-10,ad,facebook_ads
b22336bb-98a8-4386-af98-7f73a6e56442,Ub0341314a5534ea92b26fa8adc30543f,Ufb1b1c0c15177d0c3d995e5111c93216,2025-11-22 05:18:38,2025-11-22,qr_code,receipt
a76e06dc-9e1f-46dc-bc7c-05847da0ef71,U3bae1603803a839c0cb52f511d9cb8f6,U496270622258ee68f1611ab5ddb2948c,2025-11-11 01:21:05,2025-11-11,qr_code,event_booth
d365ace3-b1f1-4001-8f12-f3446031bbf3,U743849e63f8101ac616f8fd0ba84a167,Ufa9704191dacdfc4276d4d3e99e93fe6,2025-11-05 04:31:33,2025-11-05,link_share,email_share
a02afaf1-c56e-481d-8f57-d7fe437ca930,Ub0341314a5534ea92b26fa8adc30543f,Ub7aed8d7e2d1110dfad67f3562e9ad01,2026-02-22 20:52:51,2026-02-22,qr_code,store_front
4793bff8-b5e4-4ebc-8c13-88f9d525f5a9,U3bae1603803a839c0cb52f511d9cb8f6,U021b7257e88e22dba6940dd4a793501a,2025-10-18 15:36:33,2025-10-18,qr_code,poster
d2be481a-5d05-4644-92d5-e25e759e6378,U3bae1603803a839c0cb52f511d9cb8f6,62d18c7c1edce4fca08620a27c60af37,2026-01-14 10:25:14,2026-01-14,qr_code,store_front
ed2ec6d9-4b4a-427a-8998-7ee4e62239cd,U3bae1603803a839c0cb52f511d9cb8f6,Ud624ab0b42997904f232ef1087c22e51,2025-11-05 01:54:55,2025-11-05,qr_code,poster
478f5890-6234-42c0-aeaa-8c850bc9268d,Ue8d9224ecde331ce692edfce0b5ecdc4,U3954f86bd0a7fde3b29efcea7d261b7f,2025-11-11 03:54:00,2025-11-11,search,line_app_search
27bbd9a8-54bc-4f04-b0ca-53d322134aab,U4784fc8a8e1e4eb2435ad84e0ad052f2,U3d7285fe91eb1b08282d368bb7c6037c,2025-10-22 10:35:17,2025-10-23,search,official_directory
28aa7ad6-096a-4166-a232-82446a500b2a,U743849e63f8101ac616f8fd0ba84a167,U825b603ff276dfdd606f5b34c527348f,2025-11-12 09:32:25,2025-11-12,qr_code,poster
251291bd-bc53-44d1-9ba2-b2aef19b96d0,Ud4a92c8c8050eed40ef171cc2784d638,Ufd60810dde8815376313966121588233,2025-11-29 02:17:35,2025-11-29,search,line_app_search
1d6a99d4-714f-4ae1-83b2-b83f856b463b,Ue7310890b01058478be93761a56d0aa0,Ud2c812827a2bb3482079d42a4e6457d0,2026-01-12 16:35:18,2026-01-12,ad,yahoo_ads
1f713b86-50db-41fb-9af3-4307ac44f236,U743849e63f8101ac616f8fd0ba84a167,U20cf3876ed71c1821580bbb566f08e05,2026-01-23 21:35:45,2026-01-23,qr_code,event_booth
6ad3f6d4-7cb4-450d-84a1-f696c353998b,Ub0341314a5534ea92b26fa8adc30543f,U68316ae053daab2f619d1692d27cffaf,2025-11-29 12:00:42,2025-11-29,search,official_directory
4afb5557-d6fe-4846-9e1e-c0876f40f9e1,Ub0341314a5534ea92b26fa8adc30543f,8c3f9dd19d7e55379f31dadfee0d5320,2026-03-26 06:07:01,2026-03-26,qr_code,business_card
474383ae-8c78-4bb1-84a3-4a5074e8f450,U743849e63f8101ac616f8fd0ba84a167,U7801eb9cb7e1d828d5d8d56cb58b6a6e,2025-11-14 16:49:28,2025-11-14,search,official_directory
bc7e2d45-10dd-4ae8-8e45-8ce39cf06c80,U4784fc8a8e1e4eb2435ad84e0ad052f2,U3b0a60631b8c935b324ea7010c6345a3,2026-02-03 01:56:28,2026-02-03,ad,line_ads
c5e3ec22-4fe0-454e-a59d-9e8b60f258c2,Ub0341314a5534ea92b26fa8adc30543f,U6885421e88e6ded9fdcf0a261a70da49,2026-04-07 08:08:21,2026-04-07,search,official_directory
2312ae70-7c0f-4ad8-a5ab-d4c5667b64c7,U743849e63f8101ac616f8fd0ba84a167,Uedca6ff63de915320bc87a74ca627f45,2026-01-30 02:46:55,2026-01-30,qr_code,event_booth
a648e4f9-276a-4259-a428-c495506af0cb,Ub0341314a5534ea92b26fa8adc30543f,0e204ea917ac2a27e1a11f291b22160c,2026-03-31 00:37:23,2026-03-31,qr_code,business_card
55915573-29a9-496f-9e75-54c53bfb45dd,U743849e63f8101ac616f8fd0ba84a167,U54cefe9d37abf35c78e7723fa96e8cbc,2026-04-13 01:01:44,2026-04-13,qr_code,receipt
435ddc5e-c0ef-47e1-a0f0-b930e728bd36,U743849e63f8101ac616f8fd0ba84a167,Uffd0c435917b1c09356913ff3e156ab9,2025-10-31 04:27:46,2025-10-31,link_share,email_share
e9dc60ab-fc32-4a81-84bd-4ac979c60029,U743849e63f8101ac616f8fd0ba84a167,fc98d9ea0948d9b186dfc0347eec4df3,2026-01-30 17:13:57,2026-01-30,search,official_directory
839b367e-2618-47f9-a4a1-d4a92dbce502,U3bae1603803a839c0cb52f511d9cb8f6,U37f4473966935a70cc45ea419b0c50e5,2026-01-05 01:32:23,2026-01-05,ad,line_ads
159d3c0b-0a01-4f19-93a5-1a79c247ca91,Ub0341314a5534ea92b26fa8adc30543f,U707ef5565088b70884541fe60e9023e2,2026-03-22 19:32:27,2026-03-22,link_share,sns_share
65ec48f5-dc8d-43c9-bacc-7e20fe58cd8b,U3bae1603803a839c0cb52f511d9cb8f6,Ueb79de2719b3d6beb7dad28476f1bdb3,2026-04-11 15:09:26,2026-04-11,qr_code,poster
ab7e38fe-1e11-4bad-bf4b-48bc723f6c06,Ud4a92c8c8050eed40ef171cc2784d638,U021c3e70b5634c83502c4670a78fb4a8,2025-11-15 04:33:06,2025-11-15,search,line_app_search
de8291fd-1d89-4a4c-94d3-d24f7d4a56fb,Ub0341314a5534ea92b26fa8adc30543f,U35b07ef333ae0a041e17c851e3f2385b,2026-03-03 00:15:28,2026-03-03,search,line_app_search
6bf4c9b9-fdcf-45f7-acf2-35076734a041,Ud4a92c8c8050eed40ef171cc2784d638,Uaecdea1d522d0adc13432ebd0251847e,2026-01-01 20:51:37,2026-01-01,link_share,sns_share
55b92c2f-7f36-42fc-8718-030227f14d10,Ub0341314a5534ea92b26fa8adc30543f,Ub46985c24522878df8dcf953fb37e12e,2026-03-23 02:41:58,2026-03-23,qr_code,store_front
65824fa1-2184-44da-b32c-1a2ef06138fe,Ub0341314a5534ea92b26fa8adc30543f,Uce32875963f0aeac2bb6147f7a64954e,2026-02-21 07:48:33,2026-02-21,link_share,email_share
fd03b5e0-737a-4916-a623-028246766c98,U4784fc8a8e1e4eb2435ad84e0ad052f2,7c37757ec34fec3dfd0ad7ef42cc8883,2026-02-22 02:11:17,2026-02-22,qr_code,business_card
2ecfd4d8-4f81-41fe-8a0f-974c9429a4c4,U3bae1603803a839c0cb52f511d9cb8f6,Uf0839699c3e102c405705e9de8e6d8f4,2026-04-02 18:52:42,2026-04-02,search,official_directory
68b6aed5-1556-4fcc-894c-88f1c211ba6c,U743849e63f8101ac616f8fd0ba84a167,U6c5eeb9a99ca6feda28cbac83d176545,2025-12-26 00:39:31,2025-12-26,qr_code,receipt
9b561263-3446-44de-ad8d-1b5b4c41d646,U227d1cd1a801c367de206ec4bbca7330,U2503de0c654b474bec740ffadb92e2b0,2025-12-02 07:44:54,2025-12-02,qr_code,store_front
f9b55cb5-45fc-4ea0-96e2-7030ea3215ac,U227d1cd1a801c367de206ec4bbca7330,U1ece54ad21a5436b30d1b5b653c711a1,2025-12-11 10:51:43,2025-12-12,qr_code,store_front
410fe460-0f05-449d-b6a7-dddd9cf1b225,U743849e63f8101ac616f8fd0ba84a167,Ue7a1b4e5998a88d362bd83a8a6ab08ac,2026-02-05 19:13:49,2026-02-05,search,official_directory
a94372fd-be23-4e88-938e-a8117c7eaf9f,U743849e63f8101ac616f8fd0ba84a167,Ua7fcb6c3803e2c7e773d61c7164b567c,2026-03-03 14:04:44,2026-03-03,qr_code,receipt
783b8802-eae6-436f-ad0b-b244d9a5c8d7,Ud4a92c8c8050eed40ef171cc2784d638,Ub8f7c63920b63b60d80a9b8abe22ed28,2026-02-02 08:29:42,2026-02-02,qr_code,event_booth
ad6200eb-2768-411b-85d7-2f2f449f27a6,U227d1cd1a801c367de206ec4bbca7330,U0b58cc4df6597cb4ce842a8bebab2d3e,2025-12-16 19:06:34,2025-12-16,ad,yahoo_ads
edc2ae3b-3a63-47f9-8aa8-9c1a67a58932,U3bae1603803a839c0cb52f511d9cb8f6,Ud2a4579d694582e43d008059350cf259,2026-01-05 18:31:40,2026-01-05,search,line_app_search
83d581c9-04ff-42f2-b54b-32ca5bbb402d,U743849e63f8101ac616f8fd0ba84a167,Uf3f17cbaebe593a02852c320d0463327,2026-03-27 18:31:55,2026-03-27,qr_code,poster
56fa1105-bd92-4306-916b-1c40b6ea1363,U3bae1603803a839c0cb52f511d9cb8f6,Ua056f128ee7056fe8b12413161c53e4b,2026-04-02 05:35:58,2026-04-02,other,unknown
63ca6f7d-b622-49a2-aead-363487aee81f,U227d1cd1a801c367de206ec4bbca7330,1b8566cb22ff608dd0612e6bf601002d,2026-03-15 11:05:51,2026-03-15,link_share,email_share
c650c237-a0a0-414c-bedb-f4e7e3de5f62,Ub0341314a5534ea92b26fa8adc30543f,U3c0603d3150c99369f76f3a647256e23,2026-01-18 13:49:08,2026-01-18,qr_code,store_front
d4fe59d4-27eb-444b-b9f2-2e4e2e04710f,Ud7cd4c737b35e126236570d6cf0e97f4,U8483b889e35f499e553e4bdf509eb549,2025-12-22 06:54:28,2025-12-22,search,official_directory
bc139660-ba85-48cf-a075-25960e947b55,Ud4a92c8c8050eed40ef171cc2784d638,Ua8116897d30dc2d6e6e6827f2eca9d17,2026-03-26 09:05:05,2026-03-27,qr_code,receipt
a97485c8-0f4d-4689-bbaf-e455600e0858,U3bae1603803a839c0cb52f511d9cb8f6,U73839c338ed3c8a210df2789d5418261,2026-04-14 11:48:04,2026-04-14,qr_code,business_card
95872172-4951-4461-8e6f-34b3e8aa5180,U7e808d11d6f9901a954a542a7ee09918,U8952a93220a5cc400f7bbbc0d43e567f,2026-04-11 06:04:38,2026-04-11,search,official_directory
a652d5db-79f3-409e-b749-85274fa94021,U7e808d11d6f9901a954a542a7ee09918,U235ae4d12f1e37b353f5627f931c0fd0,2025-11-29 01:16:53,2025-11-29,qr_code,poster
4a8bebfe-bdf8-4131-9d10-3a6e7738bd52,Ub0341314a5534ea92b26fa8adc30543f,U21f9d0c6859d21a344edec9cb1c5363a,2026-03-02 14:37:28,2026-03-02,search,official_directory
79019cb2-d058-4031-a047-762c5efca20b,U3bae1603803a839c0cb52f511d9cb8f6,U2ae64cb94f014ef1d3920462ba389fa3,2026-01-21 01:22:23,2026-01-21,search,line_app_search
a324a28a-36f5-4d2b-b698-aea5582665d0,U3bae1603803a839c0cb52f511d9cb8f6,U16352255761d61c66110a96ff68bdccf,2025-11-02 13:54:03,2025-11-02,link_share,messaging_app
c88c0f03-039b-43f0-8238-b050a1fa90f6,U3bae1603803a839c0cb52f511d9cb8f6,Ub5eeaefd143a5bad15d839b04dc74be2,2025-10-19 02:49:45,2025-10-19,search,line_app_search
c92f90ab-b0e1-4a6d-b07b-804ba6ed73d3,Uc20f9c7e9b662bedec3cb78e127885c7,U380b40bd53c1189aeb8fad741f2d2394,2026-02-03 11:42:44,2026-02-03,ad,line_ads
d95be081-9123-442c-82ac-500d28204aa3,U1ca413826b7044d134c9c3132420c9de,Ud7f35c0241186f6afd932384b7f4a344,2026-01-22 17:16:44,2026-01-22,link_share,sns_share
ceefbaa6-166d-4231-8dc9-1d901b854d26,U7e808d11d6f9901a954a542a7ee09918,U25d0069ae2f39792fe0bea14f6331399,2026-01-30 14:18:09,2026-01-30,ad,google_ads
ac3d935e-5692-447f-82a0-87a86ff12ccc,U743849e63f8101ac616f8fd0ba84a167,U05edfe5f509e92878250601649d44146,2026-02-25 02:54:41,2026-02-25,search,official_directory
fc43474d-fd7d-4cc1-8246-e0b4f747e102,U3bae1603803a839c0cb52f511d9cb8f6,U9501bcdbe36104db14794d9db90f1016,2025-11-02 11:35:12,2025-11-02,qr_code,receipt
6c95e296-d80c-4bc3-85b1-a5f84db7096f,U3bae1603803a839c0cb52f511d9cb8f6,013b66ac45593602f6349d3bf439fb3f,2026-02-10 18:47:27,2026-02-10,search,official_directory
d3b3f0e2-9a6b-4a1f-97aa-b1c19f1b831b,U743849e63f8101ac616f8fd0ba84a167,abd5bc49334fbf4193aead759265d3ff,2026-01-21 18:13:18,2026-01-21,search,line_app_search
ee3c0f2c-23ac-4a3e-95b9-2afca6e9bc2f,Ud4a92c8c8050eed40ef171cc2784d638,U215630ead4c15927c0552d3393ae290a,2026-01-29 09:38:40,2026-01-29,qr_code,poster
65218c03-5218-4f8c-9022-ac6154176e87,U743849e63f8101ac616f8fd0ba84a167,U74e0e44b09d8b0b0edf093acad304144,2026-02-03 04:42:34,2026-02-03,ad,google_ads
3e7e7e74-2ccf-4a2f-b5c5-7caa3e2cfe89,U743849e63f8101ac616f8fd0ba84a167,U024da16763d496634bd9f626ca5e60f4,2025-11-20 13:11:21,2025-11-20,qr_code,receipt
3bc92fb1-0f50-4a29-9e9b-44d795f080cf,U7e808d11d6f9901a954a542a7ee09918,b04494bbedbaa0d089a901074409e89d,2025-12-19 17:10:17,2025-12-19,search,official_directory
3397a404-855f-4331-9ef2-bb1cfe824258,U3bae1603803a839c0cb52f511d9cb8f6,U78b6994844249acf4d804563cc256403,2026-01-18 18:32:07,2026-01-18,qr_code,receipt
fda16b38-52c9-46fa-a52e-a5ab5b2abe41,Ud4a92c8c8050eed40ef171cc2784d638,U54eda41e7f986a1eaa0655a583c4ced1,2025-12-11 14:37:21,2025-12-11,link_share,email_share
9b995228-1f80-497c-9faa-a300fb7cd6ab,U743849e63f8101ac616f8fd0ba84a167,Ud764f7411bc474b84ff5600ed903670b,2026-01-06 08:47:42,2026-01-06,search,line_app_search
b8e03d27-e5cd-4017-b746-d3b183f1dd36,U3e5dd3a641c58ad50e49f095c6f1e306,Ucefc8372ae35c144e0e4030701aeb81f,2026-01-12 06:27:38,2026-01-12,search,line_app_search
f8cf3d78-f1a6-471d-b03c-2d3e93d187e8,U743849e63f8101ac616f8fd0ba84a167,U537dd071894f4ca59aad728d816dbfe5,2026-01-15 04:21:52,2026-01-15,qr_code,store_front
bacbc477-ecb4-49a0-b112-dec9501a907e,Ub0341314a5534ea92b26fa8adc30543f,97ca4df45c63620ba0994033194dd0b1,2026-01-21 11:57:24,2026-01-21,qr_code,event_booth
1f2cf1bc-b64e-4f55-8494-43f5b0ab4af1,U227d1cd1a801c367de206ec4bbca7330,Ufbea8a259211beb103a2628222e90a59,2026-01-02 02:59:06,2026-01-02,qr_code,receipt
e5980c26-5bc6-49d0-a862-687d22a94d73,Ue8d9224ecde331ce692edfce0b5ecdc4,Uf584df9ade737fe0882215219a77e13c,2026-03-04 17:25:16,2026-03-04,qr_code,event_booth
61e48582-f309-4fea-9d62-6645c94bea57,Ub0341314a5534ea92b26fa8adc30543f,U38dd0137585eaee1fb67cef5ee486c26,2026-03-14 06:05:14,2026-03-15,qr_code,receipt
cdf93d2c-f1c3-4cfd-a644-78ac48adb488,Uc20f9c7e9b662bedec3cb78e127885c7,U17ecdd9b3eed68d0aab78a4d0ce42f0f,2026-03-01 03:17:29,2026-03-01,qr_code,business_card
769102da-b318-421d-aad5-40b1c5ab83aa,U743849e63f8101ac616f8fd0ba84a167,U98f990749198f496396ca5cdaf783559,2026-01-20 11:41:00,2026-01-20,link_share,messaging_app
63e2322d-4dbc-4546-9a04-5e100dfd8a13,U227d1cd1a801c367de206ec4bbca7330,U501061afef40b4e25bf91bff3e6b2c9c,2025-11-22 02:53:19,2025-11-22,search,official_directory
a88f64e5-3f08-4b29-bde6-ab447e839e6c,Ue7310890b01058478be93761a56d0aa0,287c3d3caf298d0fd66bff507c3b207b,2026-03-13 09:44:20,2026-03-13,link_share,sns_share
c65473d7-c25e-4e17-b834-7a36f282ed3e,U3bae1603803a839c0cb52f511d9cb8f6,U2913eb1a9077b9b13b39e9450d2bfb46,2026-03-14 17:36:18,2026-03-14,ad,yahoo_ads
ea7dc636-dec8-4a10-ac86-ac58e3e99fc9,Ub0341314a5534ea92b26fa8adc30543f,U768d8e5afcd2a9f28d39e38672490ee0,2025-11-17 07:19:12,2025-11-17,search,official_directory
ef52d821-4d4d-40a0-8a6d-96c8aeddbfb9,Ub0341314a5534ea92b26fa8adc30543f,Uf9eaa7902d1736fe88ccc64efd94c874,2026-03-27 18:20:52,2026-03-28,search,official_directory
a19a2384-c9e0-4c78-9e2e-9afb90618230,Ub0341314a5534ea92b26fa8adc30543f,84083e6b53c1991a256305d8149848b4,2026-03-13 08:31:57,2026-03-13,qr_code,business_card
c15bc303-e2db-44f0-a8cc-6ffe2fffa6af,U3bae1603803a839c0cb52f511d9cb8f6,U13375a63d6ff72aaee173fef37e5fe37,2026-02-24 09:33:44,2026-02-25,qr_code,receipt
2cfd5576-93e5-491f-9261-88ae9ae9e2f6,Ub0341314a5534ea92b26fa8adc30543f,Uc5b5f9ff083909223bd3ad17156f1c01,2025-12-31 11:30:11,2025-12-31,qr_code,receipt
a2628e03-e37c-4e2d-aa87-81026f40a35f,Ub0341314a5534ea92b26fa8adc30543f,Ud36c9161ed702931c6ed7989efbb2d63,2025-11-03 07:08:31,2025-11-03,search,line_app_search
c710d1da-3c44-4ac3-9f19-8119eb19fb64,Ub0341314a5534ea92b26fa8adc30543f,Ud20cdc184c75f10bda3e696c608c3b03,2025-10-17 11:44:29,2025-10-17,link_share,email_share
6db1816e-18ee-4b1a-a15a-22de61dbe52e,U743849e63f8101ac616f8fd0ba84a167,Uc6858e1b462186295e09e0aab2f9b240,2025-11-30 09:31:00,2025-11-30,qr_code,poster
c2275572-91cc-45d2-b41a-dce1a9e11750,Ue9a1e8a5b83a6b296d43c957a8cfba4a,U23600bba07b3330da372df8338e2973f,2025-12-20 06:45:49,2025-12-20,qr_code,poster
ec5111a6-8026-422f-af3a-8a3d0f4e00b5,U879eb903ad90cd9c2874f6df7651267a,U0a3540e6d0157ba073004709c1105850,2026-02-27 20:42:13,2026-02-27,qr_code,business_card
2207831e-d475-4fcd-9145-40a4783a626a,U3bae1603803a839c0cb52f511d9cb8f6,U185ce5360acaf381e80e80daaedd5b8d,2025-10-31 19:00:48,2025-10-31,other,import_bulk
09c362cd-5f42-4e6c-ada8-343f773ec227,U743849e63f8101ac616f8fd0ba84a167,U5f120f1605a58dfba98be051537ff43d,2025-10-18 16:56:31,2025-10-18,search,line_app_search
0d859fc5-3f50-4407-95b1-d0b2df9a2200,Ub0341314a5534ea92b26fa8adc30543f,Ua7e4e466ee464d2862bb30d4f1d36b85,2026-01-09 15:18:04,2026-01-09,search,line_app_search
96046ad5-9e74-4b60-b8bc-9eb524c636a1,U743849e63f8101ac616f8fd0ba84a167,Ub26ce9ccef5fbf221ccca2075863b498,2026-01-09 19:41:16,2026-01-09,ad,google_ads
0f613a6a-2305-4352-9e61-5c9204ca31c5,U3bae1603803a839c0cb52f511d9cb8f6,Ue34947205b8a08351897a3206d803dbe,2025-12-27 13:31:19,2025-12-27,search,line_app_search
38acc015-e96d-4b6a-9a40-8da0bc2f45ae,U4784fc8a8e1e4eb2435ad84e0ad052f2,U964b994c77fd2ae7942e1f1a674c2726,2026-01-12 08:27:17,2026-01-12,search,official_directory
72244761-38af-4daa-8312-bbf9688353c4,U3bae1603803a839c0cb52f511d9cb8f6,U19f061f8b47be012c2b0e6e03badde95,2025-11-29 09:47:55,2025-11-29,link_share,sns_share
562665d2-1ae2-47bc-9412-da15cf44d2ff,Ue7310890b01058478be93761a56d0aa0,U8b653b964018c5d62148e144dd1e393f,2025-10-23 20:16:46,2025-10-23,qr_code,receipt
44a366ae-1db5-4179-b6fa-810e139b31f9,U743849e63f8101ac616f8fd0ba84a167,Ub265a88bc0ace47ee1997426a335fe09,2025-12-12 18:19:30,2025-12-12,link_share,sns_share
6c4b8903-3426-468d-b3cf-82314323ff51,U227d1cd1a801c367de206ec4bbca7330,01568680fbd50d31388110aa358eb800,2026-03-16 14:17:30,2026-03-16,link_share,messaging_app
faa876e5-1193-4d99-8253-fac0a9366e5a,Ub0341314a5534ea92b26fa8adc30543f,U54bb89a749a9f00012f24ae48c23fc3e,2026-03-24 15:41:39,2026-03-24,search,official_directory
a60483bd-d842-4a29-99ee-f0c762ac8b39,Ud4a92c8c8050eed40ef171cc2784d638,Ud684953ecead3e2ed4ae180bf75b08ee,2026-04-11 20:30:04,2026-04-11,ad,facebook_ads
ef6caffb-25e5-4a7a-937b-1ecc42bf6e41,Ub0341314a5534ea92b26fa8adc30543f,U10d1a11faf2967660410831ad1ef854d,2026-02-13 05:33:32,2026-02-13,qr_code,receipt
c08a8555-08e1-4991-b717-f23b930be46e,Uc20f9c7e9b662bedec3cb78e127885c7,U973fab70b4be434cba0955162f1ed6a7,2025-11-11 10:23:00,2025-11-11,link_share,sns_share
113df93a-41d5-45c8-ae60-88cb5add04a1,U227d1cd1a801c367de206ec4bbca7330,Ua8639d06bc7bd2c36e1a1d796871d2a1,2025-10-25 07:47:12,2025-10-25,ad,facebook_ads
28d2bfbf-7aca-4017-b1fe-edb221408afe,U3bae1603803a839c0cb52f511d9cb8f6,Uf49904c2b5165f705b7a5822f02fce0c,2026-03-21 20:37:58,2026-03-21,search,official_directory
37bfbeba-10fb-4c89-bec1-14e0bd7a0f57,U743849e63f8101ac616f8fd0ba84a167,U39cd4745da2ce38fd8f624ad3efbb320,2026-02-12 22:19:16,2026-02-12,search,line_app_search
40e52cba-f595-4488-88c7-be67c60e78b8,Ue7310890b01058478be93761a56d0aa0,Udec0fbea2a742075f0ecdce0dc2d942a,2026-03-26 07:26:02,2026-03-26,search,official_directory
d7097412-a080-4d23-b367-86ebab71eec7,U743849e63f8101ac616f8fd0ba84a167,U658c261dd37a18c3fd8989aeefcbc959,2026-02-22 10:16:06,2026-02-22,search,official_directory
dfbccc20-c105-4738-ba60-3adfc7c6609a,U743849e63f8101ac616f8fd0ba84a167,Uff050286098127d10157cc09dd929427,2026-02-26 11:54:36,2026-02-26,link_share,sns_share
d13172dc-9c9a-468a-8aa2-e29eec4a3267,U743849e63f8101ac616f8fd0ba84a167,Uc60ebfdd4c40a3ff32993fcab4654451,2025-12-01 13:02:51,2025-12-01,qr_code,receipt
dcba8e92-e8db-43cc-8f9b-fe7e05bfd41d,Ub0341314a5534ea92b26fa8adc30543f,Ua88abbb1cbaef411c15897fb8647112b,2026-04-11 01:24:49,2026-04-11,qr_code,poster
1d36edfa-c59f-40d3-8ad0-219eabe924e6,U4784fc8a8e1e4eb2435ad84e0ad052f2,U191e811a2c9a200c65157dfc5a26c11a,2025-10-28 02:07:39,2025-10-28,search,line_app_search
d5fe7304-e3b2-4e32-860f-8931c94da81b,U227d1cd1a801c367de206ec4bbca7330,5ebf8868cc279e56805f53478ed7dcde,2025-12-05 10:43:00,2025-12-05,qr_code,receipt
75486b1f-0723-4c18-965a-4c6742e035f6,U3bae1603803a839c0cb52f511d9cb8f6,Ueaf0633f2921df678d5338c03124bcc9,2026-03-23 22:07:53,2026-03-23,search,line_app_search
49c77123-182e-4218-bbfe-5d2de019b3df,Ub0341314a5534ea92b26fa8adc30543f,Uaa25737e3ab1ad970aafc2bc6e566358,2026-01-02 16:41:11,2026-01-02,qr_code,store_front
b2bafd96-70b6-41e1-bafc-1adcbd913a27,U4784fc8a8e1e4eb2435ad84e0ad052f2,Ubedca2e48a79bf4ce52593bde33c8949,2026-03-13 01:06:35,2026-03-13,search,line_app_search
3fdf0b6f-92ce-40fb-ae95-02b492f437f7,Ue9a1e8a5b83a6b296d43c957a8cfba4a,U5f31150ed0cbc0d8dd1bd3ada14a60aa,2025-11-12 16:51:01,2025-11-12,search,line_app_search
9e5ed98e-2caa-4641-8f99-fdd1f5dbf8bf,Ub0341314a5534ea92b26fa8adc30543f,U0c1df1f375a782c44cd2949e363aa993,2026-01-27 05:40:29,2026-01-27,qr_code,business_card
9a415cdf-f2f7-406c-927b-bcb758038c2c,Ub0341314a5534ea92b26fa8adc30543f,U1e416e01dc84b0819c6f50792cecde65,2026-03-30 18:46:15,2026-03-30,qr_code,event_booth
e37858ba-2753-45dc-b427-77dd64c171d5,U4784fc8a8e1e4eb2435ad84e0ad052f2,Uac6a5db3d6339ae1d3ef89a4464ec54a,2026-01-01 05:59:30,2026-01-01,search,line_app_search
c712c204-0441-4b20-8c3b-f6ba09fa1197,Ub0341314a5534ea92b26fa8adc30543f,Ucd7246c7d86ea62e26285458a8ca5b7e,2025-11-04 15:55:28,2025-11-04,qr_code,receipt
5a09fdbe-f9f0-47c8-b087-0189689a1dd1,U227d1cd1a801c367de206ec4bbca7330,U708167864a7ebbb1a32225630d49c761,2025-12-24 04:57:16,2025-12-24,ad,line_ads
6a7d95e8-af37-4fa0-82a8-a7332d8fe1ee,U7e808d11d6f9901a954a542a7ee09918,Uc233a8dc85852cecffdb925344e385f3,2026-01-18 18:51:33,2026-01-18,link_share,sns_share
3dc2452d-153f-458a-ba38-cca335eb5c96,Ub0341314a5534ea92b26fa8adc30543f,U82fd489e274fe963fee53112a3c11c61,2025-11-11 22:05:54,2025-11-11,search,official_directory
2062f00f-61f4-47ff-999e-ca3df37c4d5e,U3bae1603803a839c0cb52f511d9cb8f6,Ua7df5b0ec6216b8632023e995965d54f,2025-12-27 07:31:07,2025-12-27,qr_code,store_front
52877c89-67fa-453e-8412-ca7936676e03,U4784fc8a8e1e4eb2435ad84e0ad052f2,U9fd94b2e799860f36681d08739092033,2025-12-07 07:28:31,2025-12-07,search,official_directory
86dba699-7b09-4fcf-9226-3b1ed52c6e87,Ud4a92c8c8050eed40ef171cc2784d638,U28e7c4a8e855ebe6f820461bf9977744,2026-04-03 22:29:27,2026-04-03,search,official_directory
7af29aac-e5ac-4776-b49c-4fce62efdcf6,Ub0341314a5534ea92b26fa8adc30543f,Uf326318af769635691782a7ec89b3d47,2025-10-31 01:20:26,2025-10-31,qr_code,receipt
00b0d9e3-655f-4c1b-b74a-dee9c8db8870,Ub0341314a5534ea92b26fa8adc30543f,U5446fbfc221e4cd87a9481a027eb6cb5,2026-02-15 03:54:30,2026-02-15,qr_code,business_card
881b1a3b-c3f2-47ad-9c7b-12eaf77e9dd3,Ue9a1e8a5b83a6b296d43c957a8cfba4a,U215d9f1ca3e408baacad786a3d5aa284,2025-12-19 10:10:12,2025-12-19,ad,line_ads
5f29b457-1b53-457d-81df-d5fb664e71a4,Ub0341314a5534ea92b26fa8adc30543f,U592a90d69e987f32a5debfb60c5d2d6b,2026-01-18 12:22:12,2026-01-18,qr_code,event_booth
6994405e-a6c1-45b9-a36d-4834ead9b7bd,Ub0341314a5534ea92b26fa8adc30543f,U432e2d6982d7ad34772cc7976a17339c,2025-10-17 00:49:04,2025-10-17,qr_code,poster
50c1fcbf-f750-4e3b-baed-3f3be7e72855,Ue7310890b01058478be93761a56d0aa0,Ua0e1fd04d396100049f26b46355b0635,2025-11-26 17:43:27,2025-11-26,qr_code,event_booth
6ea6ed63-c309-4891-96cc-2f37deda581c,U3bae1603803a839c0cb52f511d9cb8f6,16287215f904fc300fc169e2c74fc178,2025-12-13 16:10:23,2025-12-13,link_share,sns_share
a72a5511-4f70-44ca-8c6a-e44994bdbd5e,U227d1cd1a801c367de206ec4bbca7330,Uf9a00372f05ab40ced48fa2400b51bb0,2026-03-10 23:22:48,2026-03-10,qr_code,poster
2857ec16-d8ea-4d99-96d9-5f4097d3c260,U3bae1603803a839c0cb52f511d9cb8f6,U7322c205d8a032a64e6fa4ab600f3c34,2026-02-06 23:35:14,2026-02-06,search,official_directory
fcab62e5-50a8-4e01-a3b1-52c6ae0bc292,U7e808d11d6f9901a954a542a7ee09918,U9ab02e71687cb5a6d1b11eac24dad18c,2026-01-21 02:23:45,2026-01-21,link_share,sns_share
910d7d80-54d1-49cd-ba95-bb9fa63078ad,U7e808d11d6f9901a954a542a7ee09918,U728f4bd240e167aebe3f58a93925cb0f,2026-02-01 07:58:18,2026-02-01,ad,line_ads
d95f13ca-eb52-4d07-ba5a-448509bd2f77,U3bae1603803a839c0cb52f511d9cb8f6,U79e389f52e7e8fa27427686347b0a644,2026-01-01 08:07:50,2026-01-01,ad,facebook_ads
2ed52e58-61eb-4d1d-bd00-84f2c88ea825,Ub0341314a5534ea92b26fa8adc30543f,4fbfde165944d237fd54ccaf97b6a09a,2026-01-25 13:43:25,2026-01-25,qr_code,receipt
d2e231f5-d0e2-45c6-82e9-f95ab6b9e8ef,Ud4a92c8c8050eed40ef171cc2784d638,Ufdd2bd10b04253ce370d7142a381b2a9,2026-04-08 22:07:52,2026-04-08,link_share,messaging_app
d6040a22-c564-4333-b6be-98183a352d0e,U743849e63f8101ac616f8fd0ba84a167,Ub6653defe965fdb68d655d9b35909a51,2026-03-21 10:21:37,2026-03-21,ad,facebook_ads
3887ae68-3738-455a-98ba-ef14e4df1e3c,Ub0341314a5534ea92b26fa8adc30543f,U4a2e578a06fbdad00d0fcff589286b66,2025-12-30 11:39:28,2025-12-31,ad,facebook_ads
9a7d670f-ec3d-48ee-9f17-f3784edbf762,U4784fc8a8e1e4eb2435ad84e0ad052f2,U75b0e0d2b1bcd93c27bfb440b352a2ac,2025-10-27 16:53:42,2025-10-27,qr_code,receipt
b632772f-54ef-4161-9338-863dd20ff6c6,U4784fc8a8e1e4eb2435ad84e0ad052f2,Ue229d22e27faccc3c3e9ca2c24f4e095,2025-12-06 17:59:29,2025-12-06,qr_code,event_booth
4b62213d-7b9b-4856-9f03-4be0016bbaa8,Ub0341314a5534ea92b26fa8adc30543f,U660b92c764cee04d5e51f6bda80e8119,2025-11-13 12:18:21,2025-11-13,qr_code,receipt
7d26d058-df73-47f1-9b9a-4ab5f9039631,Uc20f9c7e9b662bedec3cb78e127885c7,U5a1ba903ea7b176ebec2a0a3a767c025,2025-12-15 17:40:12,2025-12-15,search,official_directory
3a8fa5ba-91b0-45d2-a216-d373b40ac245,U743849e63f8101ac616f8fd0ba84a167,Uc0f3ca30e64f29c2f502d5d2eaea89a7,2026-02-05 12:40:06,2026-02-05,search,line_app_search
655cff87-446f-482d-88d7-362a9812d5b2,Ub0341314a5534ea92b26fa8adc30543f,f373aa7d446919d45a0442c7c1d3966d,2025-11-22 17:58:52,2025-11-22,qr_code,poster
6f4d5d5e-1ab2-4c62-af85-bfb7b4c60173,U1ca413826b7044d134c9c3132420c9de,U0f01c9af4ed54da4a12cb987e6dbf039,2026-04-06 07:15:50,2026-04-06,link_share,email_share
96712c1e-587d-4c29-956b-aa26b0bbbc45,U743849e63f8101ac616f8fd0ba84a167,U4678dba46ccd1e360bc6b53339f51ead,2025-12-11 01:56:12,2025-12-11,search,official_directory
2dff4967-a562-4aff-a9e7-f2fa8ed6f90a,U743849e63f8101ac616f8fd0ba84a167,U63e7717627ad6624c82bd8fe6bdf84b9,2026-04-13 09:56:20,2026-04-13,other,unknown
29bf8cd4-7d2f-43f0-b1e7-86f0fcaf32a5,Ub0341314a5534ea92b26fa8adc30543f,Ue73c4dc7cc6919554307ffe9056427d8,2025-11-17 01:58:55,2025-11-17,search,line_app_search
c161f33d-ba85-4298-941b-d8cf1dab1af8,U3bae1603803a839c0cb52f511d9cb8f6,U9237f2e4d8be5f90ff8ee776c289305f,2025-12-07 13:16:34,2025-12-07,search,line_app_search
ede0dc16-4365-4b1a-998b-2ee54a9447a2,Ub0341314a5534ea92b26fa8adc30543f,Uf70128be9b3dcadfa09f07f2611ac8ee,2025-12-11 12:53:52,2025-12-11,other,import_bulk
062b1b87-32e9-4243-8dfd-c934d862a876,Ue7310890b01058478be93761a56d0aa0,U70e84d3346a9a0105fbd597eb7889945,2026-01-04 04:50:34,2026-01-04,link_share,sns_share
958e7459-9348-42da-8047-3e5e399cc642,U743849e63f8101ac616f8fd0ba84a167,U7579aa1b72fa36fe1e519e3640b87439,2026-03-30 03:01:50,2026-03-30,qr_code,business_card
26557a89-2bad-4776-bce8-2818edfffe58,Ue7310890b01058478be93761a56d0aa0,Ubc2c2249ea91d221f625a7e2f6fa0a24,2026-02-08 00:23:50,2026-02-08,ad,line_ads
dc3e6a0d-ab02-492c-ade7-9c4e3eda2577,U743849e63f8101ac616f8fd0ba84a167,f42875ca9b762c3f699a845b14def389,2025-10-18 05:24:21,2025-10-19,qr_code,poster
8ef92b06-8a84-4a98-93c8-3525463cd3d0,Ub0341314a5534ea92b26fa8adc30543f,U380a86cea3ea39c3e9cad42bf4d50fe0,2025-12-03 04:00:34,2025-12-03,qr_code,poster
547610be-094c-4418-ab96-27c3659889ac,Ub0341314a5534ea92b26fa8adc30543f,Ua97f0b49bf55f3bb2647b431c741b4da,2025-10-19 05:20:18,2025-10-19,qr_code,business_card
4e01cdc0-6697-4e23-a4d6-ead5d39b3ae2,U743849e63f8101ac616f8fd0ba84a167,Ud5bee60c3d6f11819c183f56ecfcd991,2026-02-26 19:54:50,2026-02-26,qr_code,business_card
6e0fba3f-5e60-45a6-99d0-12efebc3ca53,Ub0341314a5534ea92b26fa8adc30543f,4fbfde165944d237fd54ccaf97b6a09a,2026-02-08 13:43:25,2026-02-08,qr_code,receipt
085ba25c-0ba3-4cc5-9c5f-1084cee29f21,Ub0341314a5534ea92b26fa8adc30543f,38f6bc10c5d8d3620307d3a7b92f6548,2026-03-21 23:11:47,2026-03-21,qr_code,receipt
445ce4ce-1c5e-4ab1-9283-8cbc048009a1,U743849e63f8101ac616f8fd0ba84a167,Uce6c4e32469993bb2ee38239917aa9cd,2026-01-01 11:34:58,2026-01-01,search,official_directory
0f212edb-7ebe-473c-bceb-5ddc08e7a474,U743849e63f8101ac616f8fd0ba84a167,U26252252ed6c0aae018397d5b1bc131f,2026-02-08 07:05:25,2026-02-08,search,official_directory
d06206d1-5b70-4019-b82c-c4c2aa8d63a5,U743849e63f8101ac616f8fd0ba84a167,U175f4fe3ef6d7c9b408e90b6a6fd7cf0,2025-12-20 17:42:18,2025-12-20,ad,line_ads
c7312596-af06-4a7b-b595-e763a216c189,U3e5dd3a641c58ad50e49f095c6f1e306,e37c7ef1b6f3a4a370a6abd841fc0e16,2025-11-20 11:40:23,2025-11-20,ad,facebook_ads
a8eb69aa-7ec5-4120-a800-1a5b961a883a,Ub0341314a5534ea92b26fa8adc30543f,Ua92d69e4e47385d84e2ddae8c6beb5e1,2026-04-14 07:41:07,2026-04-14,qr_code,store_front
d93c406f-1eb7-4de3-9c9f-1b766ad3f04c,U837b70463a585f85743b5bfb3b49c9fd,U5fe1d1e2767eebcd534c39cdaa4ec796,2025-10-31 18:30:05,2025-10-31,qr_code,store_front
94c7fb13-9cc1-44d4-a190-18f5c1b3b7c7,U3bae1603803a839c0cb52f511d9cb8f6,Ub0ca8041c4185dcdd92d93757c51272c,2025-11-09 14:44:22,2025-11-09,qr_code,store_front
54adf7db-4c65-4d97-afd3-f0bc135c0d02,Ub0341314a5534ea92b26fa8adc30543f,U40a8190aa3173db41bef9e0db96c2abf,2026-01-11 04:15:07,2026-01-11,qr_code,receipt
cb772c0d-b875-47b2-b8ad-132befae13fb,U743849e63f8101ac616f8fd0ba84a167,Ub4ee19617dd57396564aa84d793bcbfc,2025-10-26 15:55:54,2025-10-26,ad,google_ads
5480c14d-8105-4667-a089-e0f0c450b225,U7e808d11d6f9901a954a542a7ee09918,Uc6234bdd5e43ab09e98d105e05b09124,2025-11-30 20:29:36,2025-11-30,link_share,sns_share
f8e0b28d-2368-4b0d-b17d-49e9964892ad,Ub0341314a5534ea92b26fa8adc30543f,Ua2cb2a7435ed7e582f2253580b1aab45,2026-02-03 07:00:41,2026-02-03,ad,line_ads
c2e2067a-77f8-4005-a7f2-6d503ae40695,U4784fc8a8e1e4eb2435ad84e0ad052f2,U745c15505eb46e56f181bb7b394a9175,2025-12-07 09:10:22,2025-12-07,link_share,email_share
b9c1416a-7ca0-456d-8685-8907f2831412,U227d1cd1a801c367de206ec4bbca7330,00cc0bb93d935164075885eada23ffed,2026-01-01 16:39:06,2026-01-01,ad,facebook_ads
808f1cf2-160e-4004-bd70-e6a52f166fbf,U3bae1603803a839c0cb52f511d9cb8f6,d3b6d42f1981def7e33fcc7409947915,2026-02-07 12:51:54,2026-02-07,search,official_directory
41d533df-0754-42a1-884f-e2cf0c743318,U227d1cd1a801c367de206ec4bbca7330,U5aba6377527e6743d012c3352940fe44,2025-10-17 21:30:18,2025-10-17,search,official_directory
2f3f12d0-1824-49a7-b466-c53da514c978,Uc20f9c7e9b662bedec3cb78e127885c7,U36a2e8c8f88625b728c628ad9822aebb,2026-01-05 06:30:10,2026-01-05,search,official_directory
32fe35bb-a5a8-4bdf-a060-01c6a68e8307,U3bae1603803a839c0cb52f511d9cb8f6,Ue5d5e2b63d8632993709ecc67378e36a,2025-11-13 13:38:52,2025-11-13,qr_code,event_booth
3ac7488a-bc36-4e28-8bc2-996380b92d53,U227d1cd1a801c367de206ec4bbca7330,Ue3e91df411745a8928130909dcb6c489,2025-10-31 06:33:04,2025-10-31,qr_code,business_card
801873ed-e222-45d4-aea1-7a6486a60685,U3bae1603803a839c0cb52f511d9cb8f6,U0561f1a8488e85e100f1fb2cc1ec5443,2025-11-21 00:40:53,2025-11-21,ad,yahoo_ads
452aef8d-1bdb-43f9-9fb9-eef45e101681,Ub0341314a5534ea92b26fa8adc30543f,Uee63138a76755f88e4340ca1e910f698,2026-02-07 20:47:29,2026-02-07,search,official_directory
6e8e22fa-0694-4244-a678-2d977f0fbb29,Ub0341314a5534ea92b26fa8adc30543f,U063037d755f33de13982367e1650268b,2025-11-03 21:53:23,2025-11-03,search,official_directory
f311b97c-3dbe-49cd-8d1f-bad7511ddf73,U743849e63f8101ac616f8fd0ba84a167,U7734621a6798fdeb9c55fc1710593630,2026-01-02 02:36:45,2026-01-02,qr_code,business_card
bf818294-33ca-4836-a3e2-ddccb1e2685d,U743849e63f8101ac616f8fd0ba84a167,U96eca54f02bcd3166789c6677479737a,2026-03-20 00:54:31,2026-03-20,search,official_directory
d7d42637-1764-42bd-915c-38d748df2e1b,Ub0341314a5534ea92b26fa8adc30543f,Uc91ebb85a160a56008a935dc1ba665d7,2026-01-23 21:24:03,2026-01-23,search,line_app_search
3e14432b-3a5a-44c3-81c1-41720932cbd2,U743849e63f8101ac616f8fd0ba84a167,U74268a9cc284072aa2018199958a4c9b,2025-12-19 09:39:31,2025-12-19,qr_code,poster
836aaa2c-7ef8-4278-84e5-95e6827b5ac7,U3bae1603803a839c0cb52f511d9cb8f6,Ufa18bb8f078c039ff66c06d5a3dc3010,2025-10-28 22:49:07,2025-10-28,qr_code,poster
cd000d12-c9a6-4e09-be1d-e6ea92e41cbc,Ue7310890b01058478be93761a56d0aa0,U119360bbdd147944314333bb4ffb6c0c,2026-01-04 19:11:13,2026-01-04,search,official_directory
da37db1a-7852-4b20-bf05-67544b0d6898,Ue7310890b01058478be93761a56d0aa0,Uc984f1c8b38cb029af962699a183f51c,2025-11-03 20:07:30,2025-11-03,ad,line_ads
9f371f76-c2e4-4b0b-acc1-3e6ec05ac00a,U743849e63f8101ac616f8fd0ba84a167,U5670c6a0aa3fd948e35c8949364e535a,2026-03-03 05:30:00,2026-03-03,ad,line_ads
b3ea7194-08b7-4ca2-ae9c-582540a7699c,U3bae1603803a839c0cb52f511d9cb8f6,Ud3d1a53dc0d49c5d68294423cfb8f494,2026-03-30 19:04:50,2026-03-30,ad,yahoo_ads
160efe90-f092-4baf-9d20-a76a977a61f9,Ue7310890b01058478be93761a56d0aa0,U933b71a67fa67bd969c14f65fc522ab6,2026-01-30 20:54:08,2026-01-30,link_share,email_share
a7ecb473-2e42-441a-b099-46653e92701d,Ub0341314a5534ea92b26fa8adc30543f,Ude1506621c01e993842f1ac5a4e75646,2025-12-04 05:27:40,2025-12-04,ad,google_ads
c7d290ea-12ee-46e5-b44e-cba0b7e54658,U3bae1603803a839c0cb52f511d9cb8f6,Ud2b275523874706081b0a0ddf1dca891,2026-01-12 12:37:22,2026-01-12,link_share,messaging_app
20e4bef0-0575-4497-99e3-a19ec7254579,Ud4a92c8c8050eed40ef171cc2784d638,Ue0538053dc008f7e6fa61eb798f78dcf,2026-04-09 04:44:15,2026-04-10,search,line_app_search
ddfb69a6-dbf9-4426-9acc-10809585b160,U743849e63f8101ac616f8fd0ba84a167,U3175573600dca0f827e0ffb4401078b1,2025-11-18 02:03:35,2025-11-18,search,official_directory
753a1b3a-64bb-41fd-bbab-6b6941ffecf1,Ub0341314a5534ea92b26fa8adc30543f,U17cf40e3b749a4fca0506aa852546f76,2026-01-31 06:43:28,2026-01-31,qr_code,business_card
9e179854-77de-4c2e-ab86-8ffa5a84cb77,Ue7310890b01058478be93761a56d0aa0,ff27a2d8523dd1c95609876c99ae64b6,2026-03-07 15:32:32,2026-03-07,qr_code,store_front
28367082-e98f-4fd9-8f24-12d57ad9d9cf,U3bae1603803a839c0cb52f511d9cb8f6,U0e5fd06e4f060abbf8fc5d6f184d2868,2026-02-16 10:00:34,2026-02-16,search,official_directory
bb73f09f-8903-4c60-b4f6-f62a296dec84,U743849e63f8101ac616f8fd0ba84a167,U5b25fa59699443525616335318ed0b35,2026-04-08 03:25:01,2026-04-08,qr_code,store_front
e7040513-8ec9-4214-a198-ddd2444f713a,Ue7310890b01058478be93761a56d0aa0,U959ba593578fa30b68c3b47ef1fe0496,2026-01-25 22:06:42,2026-01-25,qr_code,receipt
f5de5ef8-6639-4781-91f5-75671591e711,U3bae1603803a839c0cb52f511d9cb8f6,U38400f3bc07db289b5de20cb9be791f5,2026-04-04 19:09:13,2026-04-04,search,official_directory
10bcfc93-c527-4782-a212-0af03d0b3950,Ub0341314a5534ea92b26fa8adc30543f,Ud8d1a344f485dca6599df0dddfd68a54,2025-12-03 11:48:44,2025-12-03,ad,google_ads
23dc7162-b792-4ffe-836b-44ae1226f9f3,U7e808d11d6f9901a954a542a7ee09918,8495744c1bc1327a5b925691f0f49b48,2025-12-14 15:12:47,2025-12-14,qr_code,event_booth
a4e275ae-72f5-4a70-977d-fb336e592c7e,U3bae1603803a839c0cb52f511d9cb8f6,U4cb2a9baf1aa3bfcf55bcfa72f06f4c0,2025-12-26 09:07:05,2025-12-26,qr_code,business_card
86bb7108-cbc4-4d47-b24c-834576e6aadb,U4f8b2d7d97720f7d61a0294f1c9c3877,Ud97c17eda0b6fe1fa67cf70359d40a82,2026-02-01 06:50:11,2026-02-01,link_share,email_share
e601e507-a9cb-409b-af63-22064ac6537b,U3bae1603803a839c0cb52f511d9cb8f6,U3bcb9637542c7937c3277ac600f9d8aa,2026-03-14 01:19:46,2026-03-15,search,official_directory
da2cd3f5-5ae0-4025-aca7-25fa6eef0335,U3bae1603803a839c0cb52f511d9cb8f6,U8813c6a9d7e6f59fd8c1b9b275b5312a,2026-01-22 18:00:34,2026-01-22,search,official_directory
c879488d-8111-485c-b170-7e8d5510e3d3,U227d1cd1a801c367de206ec4bbca7330,U73d532b7c7b6a4fab8fb91f80b206ac2,2025-12-06 05:42:32,2025-12-06,search,line_app_search
fbc7412d-6e2b-4602-9877-ac447ff8c3f2,Ue8d9224ecde331ce692edfce0b5ecdc4,U58f09dfe44edec57837c87bf9b8a66e3,2026-03-26 16:33:25,2026-03-27,search,line_app_search
f7f7c70a-d1d6-4137-88fe-b7e72ccf7912,U3bae1603803a839c0cb52f511d9cb8f6,Ub1bd2d86059d92e8c63f74ad097c7d4f,2026-01-16 12:25:33,2026-01-16,qr_code,event_booth
6354ad78-dafa-41b5-9d89-96320478abcd,U743849e63f8101ac616f8fd0ba84a167,Ud899e8efde5e12af593c27047f11925e,2026-02-20 10:17:02,2026-02-20,search,official_directory
3d4789a6-4195-405e-9f94-189b87172023,U743849e63f8101ac616f8fd0ba84a167,U5eb59b66899712492ad47d5d32124cce,2026-02-16 21:15:19,2026-02-16,search,line_app_search
46e40cc3-a460-4aeb-b98d-2a9c0c36e801,U4784fc8a8e1e4eb2435ad84e0ad052f2,U7907501cfde75d23165d132ffc5294d8,2026-04-02 09:34:40,2026-04-02,qr_code,event_booth
ca634d70-fba7-4aef-972d-990aaee174bc,U743849e63f8101ac616f8fd0ba84a167,ebbccdae20c25f22707b76e1458a6394,2026-03-04 20:26:21,2026-03-04,qr_code,receipt
d7ddbb7f-1131-4a90-86e5-9fb9755e12a4,Ue8d9224ecde331ce692edfce0b5ecdc4,U3a52a8b45f0bf600250f12a19f3c8a6d,2026-04-02 08:06:36,2026-04-02,search,official_directory
6dae68be-1354-417e-970e-48059c073993,U879eb903ad90cd9c2874f6df7651267a,U4e01896d7fd429263c9a59f5f3224c42,2026-02-01 22:57:44,2026-02-01,search,official_directory
5877f118-2b60-4998-8930-626d0683b677,U743849e63f8101ac616f8fd0ba84a167,U1464458893a453a32760f13a59fa8213,2025-11-05 07:00:31,2025-11-05,search,official_directory
05f74b8e-2468-4603-85dd-e9fab984820c,U3bae1603803a839c0cb52f511d9cb8f6,Uacb38e25443f7ad31ccbd92a68149670,2026-01-29 23:49:08,2026-01-29,ad,yahoo_ads
53936987-e2b0-4f01-8ae5-5e8940d10f52,U3bae1603803a839c0cb52f511d9cb8f6,U0fde9b8c3758792574c1c610771f61b8,2025-10-28 11:34:42,2025-10-28,qr_code,event_booth
8d709072-12ff-41ce-940e-0553b1953944,U3bae1603803a839c0cb52f511d9cb8f6,Ua00b4cb4c54ebd9b891f4ea5cf8df206,2026-01-31 01:32:57,2026-01-31,search,line_app_search
79b71f50-c0a2-4181-80b3-9445dea6affb,U227d1cd1a801c367de206ec4bbca7330,U2e14949fac735a74ed0dd14e21e81401,2026-03-21 23:25:53,2026-03-21,ad,facebook_ads
5ffc9a1a-ee23-4577-8540-1470936efa5c,U4784fc8a8e1e4eb2435ad84e0ad052f2,U2983c5ef3378da544f4a696a7f82a59b,2026-04-03 12:33:12,2026-04-03,qr_code,poster
04ecd3cf-7380-4f11-b063-e94a74446d87,Ub0341314a5534ea92b26fa8adc30543f,U561268f9c4ca7eb0313020e7fce3eec6,2026-01-13 04:03:36,2026-01-13,search,line_app_search
d072d584-9860-4e51-af5f-184dd68ff867,U837b70463a585f85743b5bfb3b49c9fd,Uadad152f4966f6836f3f54d497e0dc96,2026-03-09 19:19:05,2026-03-09,search,line_app_search
f8346022-b5a7-4dd0-99a6-b41d2101dddb,Ub0341314a5534ea92b26fa8adc30543f,Udb33e5f03eb0937ec8c340e6c3f10776,2026-03-29 15:58:52,2026-03-29,ad,facebook_ads
4b96ad21-988d-4ced-9577-268bae2198bd,Ub0341314a5534ea92b26fa8adc30543f,U2dace4d93c1b63eb92301f5964eb2dd8,2026-03-27 05:55:36,2026-03-27,qr_code,store_front
67d9f363-41ea-4d4f-ab97-d756a907d8e0,U743849e63f8101ac616f8fd0ba84a167,4dca030083043db1b0d1f18a1de020f7,2026-02-11 02:56:10,2026-02-11,qr_code,poster
edd015ba-28bd-4df0-82dc-e8db7fca4ecb,U1ca413826b7044d134c9c3132420c9de,U2fd8faf36e61e9feb878a4818132f6a5,2025-10-30 17:34:36,2025-10-30,search,official_directory
a5a66aae-8dbb-4818-a95a-b29837a61d4f,U227d1cd1a801c367de206ec4bbca7330,Ua04f67a407ef1a4684096602c7bae5d3,2025-12-19 11:14:10,2025-12-20,search,line_app_search
42afdfb0-e933-41ab-9c46-34a2f2b1d1df,U743849e63f8101ac616f8fd0ba84a167,Ua571be166489a3e2172a12444e94d914,2026-03-01 08:58:36,2026-03-01,qr_code,store_front
bb9d1b8e-f235-4990-ab5e-0ba21ef39488,Ue7310890b01058478be93761a56d0aa0,U9fe751f737e657676ca6c50bdafba9ec,2026-04-05 08:03:51,2026-04-05,qr_code,event_booth
04d0a37a-1f1a-4cf0-a671-09ef21c953b0,U22a93bc29b1df104af6b1ba1cd91fc56,U2b6904e7595d8e1b36f44a261adbf91a,2025-12-09 21:29:26,2025-12-09,search,official_directory
c27668ca-66c6-4f61-a4ec-2e8f15667583,U743849e63f8101ac616f8fd0ba84a167,U79360f053b5261b4cbade48b8d601050,2026-01-15 11:02:25,2026-01-15,qr_code,receipt
f29dec39-7555-4131-bb57-575661f433b6,Ub0341314a5534ea92b26fa8adc30543f,c3570451058314e4b7e0ffa0c9330645,2026-04-02 16:58:44,2026-04-02,ad,line_ads
a62b251a-de48-4e3d-b30a-3b0cc02e4915,U743849e63f8101ac616f8fd0ba84a167,Ud703d782344912be0e49889a4d4fc0c9,2026-01-12 05:02:56,2026-01-12,ad,yahoo_ads
5cc435e1-3076-4362-ba51-526dc5b13f11,U1ca413826b7044d134c9c3132420c9de,Ua62b91bce6743fdeaec17f2d5af74831,2025-11-08 23:34:24,2025-11-08,other,unknown
dee2a216-1fbf-4fdf-8ca8-96342dd1053f,U3e5dd3a641c58ad50e49f095c6f1e306,U0ffc948f06d155ba9bfd2ac260ee2b00,2026-02-14 08:18:23,2026-02-14,search,line_app_search
899a30a0-e720-45a6-9b8b-f84db9c118bb,U743849e63f8101ac616f8fd0ba84a167,Ud5dc3a3ea314349815f34e46fc7269ff,2025-12-02 14:56:53,2025-12-02,ad,line_ads
829691c2-97bc-45cf-b07b-42fe6fb63317,U743849e63f8101ac616f8fd0ba84a167,U4a6efd6802d15921acb9df336a029336,2026-03-20 09:44:10,2026-03-20,search,line_app_search
ea835b3b-23c4-4454-aa3b-eb4e34279575,U743849e63f8101ac616f8fd0ba84a167,U227babcc2f51a8f692d30ff799c857d7,2025-12-01 14:24:07,2025-12-01,qr_code,event_booth
cf39ae3c-6674-4bdc-8447-27b8e56a548c,U743849e63f8101ac616f8fd0ba84a167,U83c084ddd57ddd5ac82f416e81be4952,2025-12-02 09:57:17,2025-12-02,link_share,messaging_app
70664c2b-40aa-4dde-8e2e-95e943f481a7,U4784fc8a8e1e4eb2435ad84e0ad052f2,Uc0538c32dcd6bd5060ccaa69e31e6c38,2026-02-06 01:26:19,2026-02-06,qr_code,business_card
e05a586a-4cae-4c97-ae2e-5889284dd7e2,U3bae1603803a839c0cb52f511d9cb8f6,Ub666063707ddd548ece3a7b9db793be1,2026-02-22 10:21:28,2026-02-23,ad,yahoo_ads
47506202-9918-4c03-aa18-4040c3d163bd,Ub0341314a5534ea92b26fa8adc30543f,U6a53a986bd94f7a4195286d6891da1eb,2026-02-03 09:49:56,2026-02-03,ad,google_ads
6aca446a-68c6-4ff5-a308-9c08a61e8b1f,Ud4a92c8c8050eed40ef171cc2784d638,26c118cd416793b28baccf27dcc180b1,2026-01-18 21:17:43,2026-01-18,link_share,sns_share
39a07c2f-b941-4660-b3ee-1a2e39b59606,Ub0341314a5534ea92b26fa8adc30543f,U9757569bcf7731a2757f0e37ee2030fd,2026-02-24 12:21:09,2026-02-24,qr_code,event_booth
4bcbe5ab-6309-4b72-b1c1-3f27627aa2a7,U7e808d11d6f9901a954a542a7ee09918,Ua70f2b21ee1e168a87de8a19a90e832f,2026-01-11 01:49:36,2026-01-11,qr_code,poster
fe1763be-3557-400a-9faf-d104a2f30f7e,Ub0341314a5534ea92b26fa8adc30543f,Ua3361ed2ec2b7bbd21a4582d97018921,2025-11-09 23:49:59,2025-11-09,link_share,sns_share
b064f27d-81ef-4b01-b608-5374c0aefd5f,U3bae1603803a839c0cb52f511d9cb8f6,U89602597936287828ced1c3d98c7c011,2026-01-06 19:27:11,2026-01-06,search,line_app_search
fcb8e53d-f27c-4422-b9c8-a0e79ec226df,U3bae1603803a839c0cb52f511d9cb8f6,Udb5440a338665fd1479ed66adfc203a5,2025-12-26 09:46:28,2025-12-26,qr_code,poster
428d63b5-36ab-4bc8-8c45-f819cf3cd5a2,U3bae1603803a839c0cb52f511d9cb8f6,U52ea8d01f23b273f03b8a850d6efdf0a,2025-12-06 03:21:09,2025-12-06,qr_code,poster
92980d65-1c29-49c9-b276-50f554ccedf2,U3bae1603803a839c0cb52f511d9cb8f6,U931448e3a44472ebb3dfb3cc05bffc87,2026-01-01 10:58:28,2026-01-01,search,official_directory
c36d8f60-ea6b-44a5-9894-77256a122bc8,U743849e63f8101ac616f8fd0ba84a167,U04b0d45193f2884fbfc0e9e5489b51a0,2025-12-07 23:01:14,2025-12-07,qr_code,business_card
9f863c7b-fa3e-4c64-bc98-f3017c8712f6,Ue7310890b01058478be93761a56d0aa0,U6c68890671a4955821051b79959d4d1d,2026-02-16 09:36:43,2026-02-16,link_share,email_share
bff53a7e-404b-47f7-a8a6-5742a226fa84,U3bae1603803a839c0cb52f511d9cb8f6,U0fc5aaba045a3634e1e88b896846db49,2026-02-28 21:08:25,2026-02-28,qr_code,receipt
a7fbdf2e-94a6-4ac5-bf33-ffd777a1d0f4,U227d1cd1a801c367de206ec4bbca7330,U92a51a210be415ff3d0c86acf10e69ef,2026-04-10 18:02:36,2026-04-10,search,official_directory
92b41c53-ed2b-496c-a08e-abb830e29c9e,Ue7310890b01058478be93761a56d0aa0,U1d5ae7db3314f5d3d59c40f883bf8d15,2025-11-19 12:44:14,2025-11-19,search,official_directory
d366c548-4161-4f2e-99ab-a026e548fb68,U3bae1603803a839c0cb52f511d9cb8f6,U58d859fccf4287e951982d9b5b43511d,2026-03-21 05:44:46,2026-03-21,link_share,email_share
c3d9619f-43af-49ac-be8c-0a1c3f1202d9,Ud4a92c8c8050eed40ef171cc2784d638,U49a9662fb81cbea71bba58c2edc74722,2026-01-02 20:50:08,2026-01-02,search,official_directory
b5de0e15-447e-4481-899e-9c20ecae2c40,U4784fc8a8e1e4eb2435ad84e0ad052f2,Ud8b12b13a940525c3af84eae154f369c,2026-02-10 12:11:54,2026-02-10,search,line_app_search
a2601037-36f3-474c-8ad9-6cd6fcc3f8dc,U743849e63f8101ac616f8fd0ba84a167,U841fbf756d595675ddbb103b77a1559b,2025-12-23 13:15:22,2025-12-23,search,line_app_search
1218a7bc-5df0-4f4c-bfbe-60017e201d13,U743849e63f8101ac616f8fd0ba84a167,U1332e2aea540ec620b1edd3b260eb6df,2025-12-14 15:45:10,2025-12-14,search,line_app_search
ec1f4e83-1e33-4158-9ea6-d2ce20c06c2d,U3bae1603803a839c0cb52f511d9cb8f6,U8f90a9842d220e20809a444209c8c46b,2025-11-13 19:41:51,2025-11-13,qr_code,poster
743b67a2-bd9f-4147-a89f-b23a2054b6e1,Ud4a92c8c8050eed40ef171cc2784d638,005144eee4955eac8cd7113049cd8a2e,2026-03-13 09:04:31,2026-03-13,search,line_app_search
9b829aef-6103-4562-88af-6f7c565c8c53,U4f8b2d7d97720f7d61a0294f1c9c3877,U33856242f05d8204fb38ecd66d722eb0,2025-11-25 20:30:53,2025-11-25,qr_code,event_booth
de6ddd70-e750-4a1f-953f-fe73c9705cf0,U743849e63f8101ac616f8fd0ba84a167,U37d285d5c88180ece434d015d52c241d,2025-12-05 12:32:20,2025-12-05,search,official_directory
f57ceb76-ed09-4bb0-bb88-67a06d9e1761,U227d1cd1a801c367de206ec4bbca7330,U4320caebdba2c4eda9f37cab8faf20ec,2025-10-27 18:48:55,2025-10-27,qr_code,poster
b84d1392-6057-422a-b16f-f933f9fa4fc8,U4784fc8a8e1e4eb2435ad84e0ad052f2,e7d817cf3fca1f9c9828e26ad52c38f8,2025-12-10 21:22:57,2025-12-10,qr_code,receipt
f77a7ae8-f0e1-4c50-b416-56450b844cf6,U22a93bc29b1df104af6b1ba1cd91fc56,U8d5866ec6269df8421eeb19abf7f9712,2025-10-27 10:28:10,2025-10-27,ad,facebook_ads
f23c7c47-daff-4b6d-9fbe-e3c01ffe7da4,Ub0341314a5534ea92b26fa8adc30543f,U1505d9bf340273345de23257729269da,2026-03-25 08:11:39,2026-03-25,qr_code,receipt
6942d07c-2a89-4031-8534-f835bafb08ac,U3bae1603803a839c0cb52f511d9cb8f6,Ub5643636ed74dc6890c85fd1e9bb854a,2026-03-16 13:35:25,2026-03-16,ad,yahoo_ads
79ef5ad0-257e-4c59-b74c-b065c26918f7,U7e808d11d6f9901a954a542a7ee09918,Ua4eafd238e7640da84607dca9b0aec7f,2026-02-21 04:35:41,2026-02-21,search,official_directory
2dbbbd24-8561-404d-9993-47534c245627,U22a93bc29b1df104af6b1ba1cd91fc56,U65705c9c74428a11f4d6426b59a65553,2026-03-29 21:06:47,2026-03-29,ad,facebook_ads
c5a19d59-d42d-45c8-9053-7716698aaf62,U4784fc8a8e1e4eb2435ad84e0ad052f2,U48f1b17febc5a57be89f3175b8ab846b,2026-01-29 05:48:22,2026-01-29,qr_code,business_card
47d46424-67e7-4714-b40f-e0ec4f75825f,U3bae1603803a839c0cb52f511d9cb8f6,Ude006fce9111b623f0cf27cc2d81bc40,2026-01-13 16:55:56,2026-01-13,search,line_app_search
6528918e-445a-4575-9598-a17c5eadde3d,Ub0341314a5534ea92b26fa8adc30543f,2d3d17aced497ec45261e420c43084a0,2025-12-11 03:02:15,2025-12-11,search,official_directory
5289c3a2-65d5-4cce-b15b-3c2fdc7e3f66,Ue8d9224ecde331ce692edfce0b5ecdc4,Ue30d2958e6aef3746022c11e5a2a1c88,2026-01-07 03:18:10,2026-01-07,search,official_directory
10c3750b-e6dc-4161-87ef-5af1e568527f,Ue8d9224ecde331ce692edfce0b5ecdc4,Ufa9eb83598dee2425097696b08ee9690,2025-12-15 18:43:42,2025-12-15,qr_code,event_booth
16584691-956d-4776-99bd-cd189fd3a596,Ub0341314a5534ea92b26fa8adc30543f,Uf98f5825f590ea122a465e8bfb064ef6,2025-12-16 01:51:26,2025-12-16,qr_code,receipt
7d7380e6-79a0-4892-a7b3-16a0b079db12,Ue7310890b01058478be93761a56d0aa0,Ueec4e8fcb2f3dc23add3a7e8701c559b,2025-11-19 21:11:16,2025-11-19,search,line_app_search
4614f618-8c3f-4f2b-af22-4ee8e04b7326,Uc20f9c7e9b662bedec3cb78e127885c7,U05737d35944459ead51e02f36462abe6,2025-12-28 08:07:16,2025-12-28,search,line_app_search
290472b1-8c12-440d-95c2-b3329b205f45,U3bae1603803a839c0cb52f511d9cb8f6,U3af596a9733ded0bc907f84efe67a753,2025-12-20 10:09:57,2025-12-20,other,unknown
e8fef6c8-0f98-4bf8-b026-1513312e2117,Ub0341314a5534ea92b26fa8adc30543f,929acf88412d21d2a9ecd015e89e5a46,2025-11-29 15:41:49,2025-11-29,ad,yahoo_ads
38f59de5-d339-4d4e-94a0-fe9ce4b97b9d,U3bae1603803a839c0cb52f511d9cb8f6,U1256f2ec45dddb016b270d03d5097f3b,2025-11-18 01:58:51,2025-11-18,search,official_directory
c430db9a-9006-4eee-a990-d6c01dc47b4c,U743849e63f8101ac616f8fd0ba84a167,f9cafad7fe9e23a3b6bb40323ab838d1,2025-12-19 15:38:25,2025-12-19,ad,yahoo_ads
1f2c5e77-6e68-4de9-8376-b78044ecbe78,U3bae1603803a839c0cb52f511d9cb8f6,Uff45ded64c49d67be23a85c8a68d145d,2025-12-11 13:27:22,2025-12-11,link_share,messaging_app
e052462f-27e3-4a1a-ae6c-fa0d74220904,Ub0341314a5534ea92b26fa8adc30543f,Uaea50ab769f8f89217009b938a1c6e66,2026-01-06 18:32:00,2026-01-06,search,official_directory
ebb01b5e-eef1-4582-bf15-e32a82f4c108,U22a93bc29b1df104af6b1ba1cd91fc56,U7a912931fae47a486cf0a60543fa62f0,2026-02-06 02:12:31,2026-02-06,search,official_directory
959c06fb-4982-4775-8809-097207c81a1d,U743849e63f8101ac616f8fd0ba84a167,Ub01243b0f2f087ba3a12e35d5506db6c,2026-01-11 07:46:02,2026-01-11,ad,yahoo_ads
6b41efa0-dcce-4907-910d-6d06554eb3ba,U1ca413826b7044d134c9c3132420c9de,Uf2367b79668d0e72c3aa654c13077d81,2026-01-24 04:30:48,2026-01-24,search,line_app_search
5afbeb51-994a-4c97-9c8d-862b96c56527,U3bae1603803a839c0cb52f511d9cb8f6,U298fd1e5fb5cd89a3909ac581524c2cc,2025-12-22 02:13:31,2025-12-22,ad,yahoo_ads
ba74ac50-bcb0-4f33-bab8-71da2bfd1991,U743849e63f8101ac616f8fd0ba84a167,U0f8d5c135c04658a23e3b63c56084d3e,2026-02-16 12:38:55,2026-02-16,qr_code,poster
f7c5af92-4119-4b5e-a8a0-2bdc235630fa,U743849e63f8101ac616f8fd0ba84a167,U5495e555bf09a7a71632c0e98d1d13b2,2026-04-13 00:05:43,2026-04-13,search,line_app_search
57dfc8ab-c2e2-4397-9e06-dbe32752b0b8,U3bae1603803a839c0cb52f511d9cb8f6,U1569bb31e6ce4920a77be4eac2768c78,2026-03-09 16:27:15,2026-03-09,search,official_directory
36dace0a-571a-45fd-bee1-2eb3d52d6e44,U1fadb6bf4c876b4dd1e37960d23c5eb4,U02c045831125cce685279545a0c93860,2026-03-24 07:31:17,2026-03-24,search,official_directory
cc843c4e-51ae-4f2e-965d-e67952b28db1,U227d1cd1a801c367de206ec4bbca7330,Uefc2fb2ee3c42dce0bd32813a79b074f,2025-12-27 11:30:30,2025-12-27,link_share,email_share
b2c53351-cef3-420e-96df-32576b202093,U743849e63f8101ac616f8fd0ba84a167,U28e2a5ae20b0eb85161d035c9f0537fd,2025-12-14 23:36:07,2025-12-14,ad,line_ads
fc4fdd2a-5302-4992-8628-02581efd9cb8,U3bae1603803a839c0cb52f511d9cb8f6,U021b7257e88e22dba6940dd4a793501a,2025-11-06 15:36:33,2025-11-06,qr_code,poster
0cbdd447-1e1c-4b0c-9c43-ff96567ae1cf,U743849e63f8101ac616f8fd0ba84a167,Uf3339f9d41a2d3c6ef32be210ebb1935,2025-10-23 22:38:00,2025-10-23,qr_code,store_front
8dc76bc8-05c8-40b7-b950-21287ca61914,U476acbdef8e9a16d24575e4f6d7b0f31,Uf74d3bbf709f98b19b0aac916208b4bd,2026-03-04 19:26:39,2026-03-04,other,unknown
c4942c30-404f-4bd8-889c-c3185fbcd689,Ud4a92c8c8050eed40ef171cc2784d638,U62d58deeaa1848e8ff2fd2ce9bd3cdf6,2025-12-23 12:16:59,2025-12-23,qr_code,business_card
b3fab423-a1d4-43a4-8eb5-ee7f467b79bc,U4784fc8a8e1e4eb2435ad84e0ad052f2,Uc805dc7a6b34897bb409a772f50deeb4,2025-12-13 09:47:15,2025-12-13,qr_code,business_card
0599eba2-df8c-45d7-af9a-1ced50010ed0,U7e808d11d6f9901a954a542a7ee09918,U4be04c17d25f62262ca4b3fbce45d95f,2025-11-09 03:00:08,2025-11-09,search,official_directory
b6f71bdf-7680-4e9a-8703-fe2ac182ec84,Ub0341314a5534ea92b26fa8adc30543f,Ue34687df5db6b16d3e5cffe618a23922,2026-01-16 03:00:09,2026-01-16,ad,line_ads
c5b8f754-d8d8-45c1-b672-b4da700a6c82,U743849e63f8101ac616f8fd0ba84a167,U9a422196f99b2d745cfe5cd954d3fefa,2025-11-28 12:59:49,2025-11-28,other,unknown
305f6476-6957-46cc-a8e3-4d511be7256e,U743849e63f8101ac616f8fd0ba84a167,U5d7d36e6bb9a56b32e3292338db3715b,2026-01-02 08:12:12,2026-01-02,other,import_bulk
504bfc46-6f8c-4673-8c2a-1d565e39fdf7,U227d1cd1a801c367de206ec4bbca7330,Ua641960d4b07d0c955c45fcf9521d193,2026-03-06 03:23:57,2026-03-06,qr_code,poster
6cfce256-44d9-4d47-aeac-b4d9dae93ae7,U3bae1603803a839c0cb52f511d9cb8f6,U4202e6f05940b62f032068637167c1c4,2025-10-24 23:06:23,2025-10-24,ad,facebook_ads
5fbb99f4-233a-40e9-bc1a-ae58e7d561c4,Ub0341314a5534ea92b26fa8adc30543f,U66c0d4baaefa6e44b5ddacdee05e568b,2025-11-21 04:05:46,2025-11-21,ad,facebook_ads
5546df65-b210-4827-98dc-e9f5aa590475,U3bae1603803a839c0cb52f511d9cb8f6,U35b6796121680d438a7a547ecbb1b0ac,2026-04-05 19:22:18,2026-04-05,ad,google_ads
89e65d54-5dfd-4651-aec9-99e205f5b056,U1fadb6bf4c876b4dd1e37960d23c5eb4,U9c7894a5e4b7c63946f817d28956cbce,2026-04-03 19:43:38,2026-04-03,other,import_bulk
5ba2f3fa-2f89-4ea4-acb1-12beb77a726b,Ub0341314a5534ea92b26fa8adc30543f,Ua422675fbf524588ca129e776348d518,2026-03-27 18:54:57,2026-03-28,ad,line_ads
cbc0d02a-1302-4849-b8c4-6f971c3dcf90,Uc20f9c7e9b662bedec3cb78e127885c7,U58cdbe124135ebeb04ae24d6014c52a3,2026-01-07 11:39:09,2026-01-07,ad,facebook_ads
94906415-5bef-4269-9e87-e88cd8d9b033,Ub0341314a5534ea92b26fa8adc30543f,U916f76663fed45e5d0cfa9ce9543a9f3,2025-12-25 18:00:05,2025-12-25,other,unknown
f0f0a27a-53c1-4930-a6c3-a6c4954446db,U476acbdef8e9a16d24575e4f6d7b0f31,Ud6f1d6369ca96c652d193073618a5c7a,2025-10-24 07:58:25,2025-10-24,search,line_app_search
3a192507-396e-4f2a-acc5-dde988dec968,U743849e63f8101ac616f8fd0ba84a167,U853948fe633fc346b664f61543f4f392,2025-11-12 19:25:23,2025-11-12,ad,facebook_ads
71881fc8-dfcf-450f-bf5b-72b533908c02,Ub0341314a5534ea92b26fa8adc30543f,Uc0dc5d5df2ea4b14d5ce0a56c4697503,2025-11-23 15:04:36,2025-11-23,link_share,sns_share
3737708b-066f-484e-8bfa-c2886f8129c5,Ub0341314a5534ea92b26fa8adc30543f,U6885421e88e6ded9fdcf0a261a70da49,2026-03-19 08:08:21,2026-03-19,search,official_directory
05a2cc03-3ab1-402a-a543-ab6a20816943,U3bae1603803a839c0cb52f511d9cb8f6,U0d48d40013615128bc60392d17bba295,2026-02-07 06:57:32,2026-02-07,qr_code,receipt
224be070-a8b0-4e38-9269-dbbbc812a331,Ub0341314a5534ea92b26fa8adc30543f,U1db94d2abc9145600c7af8a89accdfa5,2025-12-03 19:24:55,2025-12-03,other,unknown
5712306a-d337-43c2-8935-8f9ed0dcf04e,U227d1cd1a801c367de206ec4bbca7330,1094c2a106ab867722a9d0e3fb260f00,2025-11-13 20:13:44,2025-11-13,link_share,messaging_app
f46c82e3-5caf-43f0-8cdc-be1553c8bb60,U3bae1603803a839c0cb52f511d9cb8f6,Uaeac756155e8dfa78664cdf332cdf34c,2026-01-04 23:14:53,2026-01-04,qr_code,store_front
e0df5167-499a-4bfa-8f69-c5f20a696c16,U7e808d11d6f9901a954a542a7ee09918,Ua1eed6f5e6f0ca62195da83e4eeac760,2025-11-16 20:41:15,2025-11-16,qr_code,poster
9ff15e58-597c-47b4-9108-898c83523348,U227d1cd1a801c367de206ec4bbca7330,Ub54e238f7ef2dca1e6b6c6a9554ba2f4,2026-01-23 09:27:47,2026-01-23,search,line_app_search
f3e90f33-0d17-4254-b1c3-b393d0e43057,Ub0341314a5534ea92b26fa8adc30543f,U2e9fce4f8d9894e0821df6ae173d4e24,2025-11-21 20:14:29,2025-11-22,search,official_directory
e8b6612c-4845-4a3a-bb48-8584c8c52638,U3bae1603803a839c0cb52f511d9cb8f6,feac66a2d2e8d9f070a0ff150ec693db,2026-01-09 13:24:15,2026-01-09,qr_code,receipt
39b6cfd7-5482-4fb2-89f2-075b7769367f,Ud7cd4c737b35e126236570d6cf0e97f4,U2c33646f9a986ad012e7a4d62bbbd3ae,2025-12-31 10:06:28,2025-12-31,qr_code,receipt
9de7c673-324f-45cd-b565-271637c50a66,U743849e63f8101ac616f8fd0ba84a167,U934df55e4777046a3bc4d5d0af6e0b3a,2025-10-26 12:52:56,2025-10-26,ad,yahoo_ads
6a38a8d3-7737-4caf-8107-b5755cc226fe,Ud4a92c8c8050eed40ef171cc2784d638,Udf5b6f7cfe6a3dd38292595539241609,2026-01-07 01:40:23,2026-01-07,search,line_app_search
21aa9cb5-c1f9-4a59-9aa1-e5d507e60fa7,U3bae1603803a839c0cb52f511d9cb8f6,U46d85134d102ffbf6031fc76c6abfd64,2030-10-20 00:00:00,2030-10-20,qr_code,business_card
eb110cd8-a30a-4f73-99c9-601bbecbcf1b,U743849e63f8101ac616f8fd0ba84a167,Ufc46d7b2c145b1fb639ae0f93f637500,2025-12-21 00:47:18,2025-12-22,qr_code,business_card
0169b05b-4c46-4ac5-a8ba-4622680c5055,U1ca413826b7044d134c9c3132420c9de,Ue18e18d6775e292b622f9406e4667b0d,2026-03-13 11:27:20,2026-03-13,ad,line_ads
d55eff8b-da68-45d7-89b3-4e01ae341e65,U743849e63f8101ac616f8fd0ba84a167,U4e3740273ec0e9e2553e7beda30ec93e,2026-02-03 04:18:58,2026-02-03,qr_code,poster
ae18aa0a-db7c-49f2-ab5d-276747dd171f,Ub0341314a5534ea92b26fa8adc30543f,U6b3f380cca773ca6f5101874119828ac,2026-03-03 14:54:08,2026-03-04,qr_code,receipt
076c4ad5-e5e7-4216-8c83-2f1aab83ce92,Ud4a92c8c8050eed40ef171cc2784d638,U1e87d8ebf1c46dd530781fbb5adf9265,2026-01-10 02:24:48,2026-01-10,qr_code,event_booth
87e2f4be-270c-46c6-9579-824f56597456,U743849e63f8101ac616f8fd0ba84a167,U3fe7c77a5e0d798303afa3d1af23d8ac,2025-11-02 19:22:18,2025-11-02,search,line_app_search
a9df1103-0e62-41a5-a1a9-3b82f6f9ef71,U3bae1603803a839c0cb52f511d9cb8f6,09fa93bf107cde74c32a46b479e61b88,2026-01-09 06:55:45,2026-01-09,search,official_directory
ec8138b8-c1ad-4cb2-a6b5-7aa4d7b91b79,U743849e63f8101ac616f8fd0ba84a167,Udfc181173d1cf9ae35b0ebab98266917,2025-12-05 18:53:43,2025-12-05,ad,yahoo_ads
168e1542-e405-4633-aa03-9cc342584305,U22a93bc29b1df104af6b1ba1cd91fc56,Uac6ea499efcf591284d0c17d7fc99d30,2026-03-07 09:41:39,2026-03-08,search,official_directory
726cc283-e93e-4746-9cc1-5f9723b0f5d3,U1fadb6bf4c876b4dd1e37960d23c5eb4,81cd9f027485fe990751bdf284c7a8be,2026-02-22 17:24:37,2026-02-22,ad,line_ads
8958e462-a70b-42cc-b352-889e66b057e4,U743849e63f8101ac616f8fd0ba84a167,Uc13d7d2bc0d4903ab6546c42c0dfd465,2026-01-03 22:10:20,2026-01-04,search,official_directory
77dffb39-f31a-454d-ae97-d297b9a9cd6d,U743849e63f8101ac616f8fd0ba84a167,U5751cefa228f391c1216e27e1567daa6,2026-02-16 17:15:11,2026-02-16,search,official_directory
7cae48d4-8f0e-43fe-a3d5-2bd5dedadc04,U7e808d11d6f9901a954a542a7ee09918,U4acd5df85544e12961acaf2d419af558,2026-01-09 18:01:40,2026-01-09,ad,google_ads
9013b388-31c5-4876-8659-3ccebe7d7190,Ub0341314a5534ea92b26fa8adc30543f,U49a9dcf550fd84bbe2fc256466fd8372,2026-03-29 10:20:26,2026-03-29,search,official_directory
ef95d7d8-4709-4929-8097-163256cf7ee1,U3bae1603803a839c0cb52f511d9cb8f6,Ud970e07462e86e9048bd00db2ca7b11c,2025-11-22 13:49:05,2025-11-22,qr_code,business_card
38f4c8c3-1259-403c-af18-187dadf4f749,Ub0341314a5534ea92b26fa8adc30543f,U10973a5ca2d4e6d8e87d0430dd310071,2026-01-07 10:16:01,2026-01-07,other,unknown
addd4ff0-f7a4-4f75-bd71-11117d20a721,U4784fc8a8e1e4eb2435ad84e0ad052f2,Uc4bc4711f4555d33ae0f75764d7e61a1,2025-12-09 13:55:11,2025-12-10,qr_code,poster
6d01d03a-ebda-4c91-90d7-0c3bdd84df3e,U743849e63f8101ac616f8fd0ba84a167,Uc6507c0a43e879038a60257a3bf654ae,2026-02-24 20:15:04,2026-02-25,qr_code,poster
16b25b1e-e3ed-41eb-ae0a-15e00f4b7ae5,U227d1cd1a801c367de206ec4bbca7330,Uf02a5c1fcd2f2db3733d408a1b65c20e,2026-02-03 06:36:02,2026-02-03,qr_code,business_card
b217a3cb-7284-42ef-80bf-063765ce4a48,U4784fc8a8e1e4eb2435ad84e0ad052f2,U0ab417d85b13757beed898968b7224fb,2026-02-01 12:00:23,2026-02-01,search,official_directory
5f5a6715-93fa-4168-bc1d-7d3075f5bacf,U3bae1603803a839c0cb52f511d9cb8f6,U448fea557b8472f1d920e610cf3ba3a3,2026-03-14 11:01:06,2026-03-14,search,line_app_search
fe1be0ce-c8ae-4a17-b2f1-6991a80d0532,U4784fc8a8e1e4eb2435ad84e0ad052f2,U6756bdb92aee899b71c0aadb0279ce2f,2026-02-14 14:15:26,2026-02-14,qr_code,store_front
4367f909-da8c-4d6a-98b7-397f90d79220,Ud4a92c8c8050eed40ef171cc2784d638,U99383ac0d276917e2d9ed1aa23d7734f,2025-12-30 20:36:45,2025-12-30,qr_code,store_front
ac507977-3717-40bf-91b4-115f72857813,Ue7310890b01058478be93761a56d0aa0,U69552c7ef66cfc7cefa9bc3e17a5bff9,2026-04-02 15:31:16,2026-04-02,link_share,email_share
aab3dccc-40df-4ac3-8afd-10ed66e7e573,Ud4a92c8c8050eed40ef171cc2784d638,Uec1ef49d795f71e973e7ac4c2375f431,2025-12-30 13:24:52,2025-12-30,qr_code,store_front
719a09c1-7119-4d11-8288-e1637ab8a0ab,U743849e63f8101ac616f8fd0ba84a167,U7a28a44def203a46ca426516ed34071c,2025-11-09 06:51:32,2025-11-09,qr_code,poster
7e67f39d-feb4-4a60-9c5a-8507281a31a9,Ud4a92c8c8050eed40ef171cc2784d638,Uf8b05c40fa041fc6ac0419d47636da46,2025-12-17 04:50:29,2025-12-17,qr_code,business_card
99891668-23da-4143-a167-2fd3688741d4,U743849e63f8101ac616f8fd0ba84a167,Ub4a9ea01a97208f2722a98a0c46cbfeb,2025-12-01 02:39:36,2025-12-01,link_share,sns_share
450b9e5c-872d-4b5f-978c-74163fc791db,Ub0341314a5534ea92b26fa8adc30543f,U7dd03846bc25f858265734aa88578e68,2026-01-07 02:26:25,2026-01-07,qr_code,business_card
449a76a0-5c88-4d5f-8532-2ebff6219599,U1fadb6bf4c876b4dd1e37960d23c5eb4,Ua31e5eacbe76c82bdd01b911f438d2d1,2025-12-14 12:31:42,2025-12-14,search,line_app_search
2a551b50-efa8-414b-ac13-a938b92f0b76,Uc20f9c7e9b662bedec3cb78e127885c7,1e6b97cfee2b46065bb2aa370703a378,2025-12-31 14:46:48,2025-12-31,search,line_app_search
b40daf32-1749-4f8f-9fad-f7ccf184fb70,U743849e63f8101ac616f8fd0ba84a167,c6b53d69a33e3df4e090a9c2cdf6ce35,2025-11-01 04:28:56,2025-11-01,link_share,email_share
7b768ab1-9f6c-4db2-96a1-d959a02aebce,U743849e63f8101ac616f8fd0ba84a167,U265998d292ca5c4a2e63cac7cc34cbd4,2025-11-15 04:35:47,2025-11-15,search,official_directory
81d17d28-3d99-49b1-8e91-d32d3741e065,Ub0341314a5534ea92b26fa8adc30543f,U87d0d597ac15ebaefc992baa93507748,2025-10-28 00:20:08,2025-10-28,qr_code,event_booth
792a8205-baf0-4887-9dea-c2408d569535,U3bae1603803a839c0cb52f511d9cb8f6,Ue365eb225fbc13625092e11d6a9c80ce,2026-03-28 20:12:02,2026-03-29,qr_code,store_front
24e6d49f-4a29-446f-ad8b-7b9c67bf23aa,Ub0341314a5534ea92b26fa8adc30543f,0e8aa583aab652b210e537aeac4a853e,2025-11-13 11:13:28,2025-11-13,qr_code,business_card
f8053361-6ab7-4067-8246-0211e4f8f8cb,U743849e63f8101ac616f8fd0ba84a167,U3317d164f500bf9ec3150e021f29b600,2025-12-23 21:22:54,2025-12-23,qr_code,store_front
f0a7b199-d1b9-42b4-bdfe-09d588fdbec5,Ub0341314a5534ea92b26fa8adc30543f,c3570451058314e4b7e0ffa0c9330645,2026-03-08 16:58:44,2026-03-08,ad,line_ads
9bdce3eb-b93e-43fe-abbd-60a902b39b8a,Ue7310890b01058478be93761a56d0aa0,U5e5b7b892d914df458611e1f530451fc,2026-03-18 02:55:49,2026-03-18,qr_code,store_front
3db0354d-fde2-4806-b627-24d2bc396589,U7e808d11d6f9901a954a542a7ee09918,Ufbc352b4ee753acc47b5d5c8bba25f47,2026-02-24 01:37:24,2026-02-24,search,line_app_search
b2e01890-0dea-4e49-98dc-db97f8f7569a,U837b70463a585f85743b5bfb3b49c9fd,U293a553a3c8dd3355cd8d724e277dabd,2026-02-17 12:28:50,2026-02-17,qr_code,poster
f70c6144-9c53-4717-94b0-61484599a845,U3bae1603803a839c0cb52f511d9cb8f6,Uaab0fb897328093b2f5e2d49620b2962,2025-10-24 17:26:09,2025-10-24,search,official_directory
d18b0f46-1dbc-4643-a463-ec511e6bee09,U837b70463a585f85743b5bfb3b49c9fd,7117ded74d95149578b7a0faf52087a9,2025-11-30 11:06:02,2025-11-30,search,line_app_search
814c58d1-c43e-47b9-8828-99097f27b439,U743849e63f8101ac616f8fd0ba84a167,Ue58abae7af750e256f89bded72f78109,2025-12-04 09:54:47,2025-12-04,search,line_app_search
0491a873-e812-4c8a-90c6-9368d614ee0d,U743849e63f8101ac616f8fd0ba84a167,U12e1c4d9cdc5d1bd06819ff7a0d68395,2026-02-21 16:14:30,2026-02-21,qr_code,receipt
d0874aa9-da9c-4d2b-a881-f8a186304700,U7e808d11d6f9901a954a542a7ee09918,U3ff7c9ffa526635818e01666aa40774f,2026-01-21 03:57:48,2026-01-21,qr_code,poster
7f0369da-edbf-41ac-b60c-21b419921cc1,Ud4a92c8c8050eed40ef171cc2784d638,U9064ce70c097bfa92a828eac40d012e8,2025-12-13 11:26:17,2025-12-13,qr_code,store_front
8074d846-dac8-417d-9394-0ea7697a34e5,U3bae1603803a839c0cb52f511d9cb8f6,U6279290a87ae3e935fa449615b750f07,2025-10-18 07:22:52,2025-10-18,other,unknown
7b413d4a-347a-42c0-9f5d-c1cb0cfb70a2,Uc20f9c7e9b662bedec3cb78e127885c7,34c7ac3e5f558fb05bd3f28e4284ebd5,2025-12-13 13:33:13,2025-12-13,link_share,email_share
2f9bfcdf-0fda-4836-b8e2-21ba8b31f4ee,U743849e63f8101ac616f8fd0ba84a167,U9d849afee658dee13ff4f311a4def180,2026-03-01 14:50:03,2026-03-01,other,unknown
1190428f-60ca-462c-9992-d68f52cbb58b,Ud4a92c8c8050eed40ef171cc2784d638,U24845824841daecb5830535662121222,2026-03-29 09:38:15,2026-03-29,qr_code,poster
23785d78-f5d1-4d7c-b813-9c1a0f55c26b,Ub0341314a5534ea92b26fa8adc30543f,Ub9824de1f523a149fde14b98ac19ada7,2026-02-02 00:00:11,2026-02-02,other,unknown
502be362-538a-49b8-a719-b98a73f252ea,U743849e63f8101ac616f8fd0ba84a167,30628e41751a808887eb34e74ad56006,2026-03-29 10:31:17,2026-03-29,search,line_app_search
5e947178-b889-4382-aaf9-ccbc2925de45,Ue8d9224ecde331ce692edfce0b5ecdc4,Ue1d5f6f12fc9615b27039029d2cc8ef2,2026-02-04 23:50:49,2026-02-04,search,official_directory
b21f8d10-b95b-4299-b5de-1b9645d1e0ca,U7e808d11d6f9901a954a542a7ee09918,U4ab560f441e2751cf876da0b271907e7,2026-01-20 03:40:43,2026-01-20,ad,yahoo_ads
1e56a332-a0c4-4053-98fc-a5f49188825a,Ub0341314a5534ea92b26fa8adc30543f,U3584cd775c9282008991e304e18b5c57,2026-03-30 02:16:44,2026-03-30,qr_code,event_booth
d26ef813-025a-4045-a27d-19441e6b1d66,U7e808d11d6f9901a954a542a7ee09918,U107112b2346ef302db440a3a3b755db4,2025-10-27 14:18:19,2025-10-27,ad,facebook_ads
282bb818-e254-43d0-8b80-b69d97138bdf,Ub0341314a5534ea92b26fa8adc30543f,Uf6d604d2ad476b1725d86dd261628a87,2026-04-01 20:51:35,2026-04-01,qr_code,poster
e3acf5fb-45d3-46e9-bfc2-b259af57e553,U3bae1603803a839c0cb52f511d9cb8f6,Uc3aae1d2852ee00dd9e0dd2f92209f91,2026-01-09 22:40:01,2026-01-09,search,official_directory
4caf6561-92f4-4f60-8176-1c6e72d6991a,U743849e63f8101ac616f8fd0ba84a167,U20e682e7328ff2e4e4055d041f940dbf,2026-02-04 08:20:07,2026-02-04,search,line_app_search
3b06b214-cf98-4000-86e3-e179bbb9a20d,U743849e63f8101ac616f8fd0ba84a167,U2ff06c37270c91efc036cd40fa11f347,2025-12-06 10:31:42,2025-12-06,qr_code,store_front
1f741104-fd27-4cfc-8df8-510bb7834197,U3bae1603803a839c0cb52f511d9cb8f6,Ue58aac02dcabcb698fd514f0ea993129,2026-01-02 09:11:03,2026-01-02,search,official_directory
f5be6100-309f-4dc6-9b36-8b9d915e701e,Ub0341314a5534ea92b26fa8adc30543f,Uae7c6a3f6d481c04699b78604093dca2,2025-11-19 16:31:05,2025-11-20,link_share,email_share
03962585-dfbe-48ec-bc47-78ee8488ab0b,U3bae1603803a839c0cb52f511d9cb8f6,Uda017eae5215b41384da9c5bb17cbe77,2025-10-31 06:05:15,2025-10-31,qr_code,poster
9a663b78-ec82-4b1a-9da9-3c4e5ecbb4aa,U743849e63f8101ac616f8fd0ba84a167,Ucc68afdcdab9ec0cff2b004037f8eeb8,2026-01-25 19:57:44,2026-01-25,other,import_bulk
b6500102-b644-4d15-8899-7f5ae537e788,U743849e63f8101ac616f8fd0ba84a167,U28bd8a00b8d26bf83b870d9012d797a3,2026-02-21 12:30:16,2026-02-21,qr_code,receipt
bc8afeb7-0c60-4ceb-957b-d135cc75c4ef,U1ca413826b7044d134c9c3132420c9de,U62abc1cff5b126081397526dc73fd172,2026-03-28 15:35:27,2026-03-28,search,line_app_search
ac41c4a5-2bb6-489a-b08e-633383695332,U3bae1603803a839c0cb52f511d9cb8f6,U451fbc8ae8d1e6124a3ffae9302a3e77,2026-03-22 20:23:43,2026-03-22,qr_code,store_front
69b661a2-8a1d-40fe-a035-2d6c4e9ed770,U743849e63f8101ac616f8fd0ba84a167,U3073b2c085c5330f2650463f859fa4fc,2026-01-15 08:07:08,2026-01-15,qr_code,business_card
3b3d867e-66e8-4086-bbb4-fa8defecb6ae,U879eb903ad90cd9c2874f6df7651267a,65bc1c626215ab75a35a0a9e6d5824d7,2025-10-28 02:01:00,2025-10-28,qr_code,business_card
110467a3-8233-490c-83c3-67bab5e8a6aa,U743849e63f8101ac616f8fd0ba84a167,U6019f95d012e1ce3cd8c3a6cfbd77d22,2026-01-05 21:18:11,2026-01-06,search,line_app_search
217dcce0-1679-4387-a805-884cb18d0f94,Ud4a92c8c8050eed40ef171cc2784d638,e439cd61bf50a404d0291541869c26be,2026-03-16 06:04:13,2026-03-16,qr_code,poster
6cd8ebbf-5149-4349-8efb-5978656d16af,U743849e63f8101ac616f8fd0ba84a167,U49d297ba9bbaf61cdffc206c2a7e5af0,2025-12-13 21:00:42,2025-12-13,ad,line_ads
35289c41-f967-4ceb-a08b-4230ca4a49e6,Ub0341314a5534ea92b26fa8adc30543f,U791ca40ba9cb2a28f08ccee7bd629791,2025-12-20 06:11:28,2025-12-20,qr_code,business_card
b7c91ad0-c06c-40d8-8a8f-bfdf723b4b75,U4784fc8a8e1e4eb2435ad84e0ad052f2,8fd9966723d78e9bc0de5297e8d2e9cc,2026-03-17 22:22:22,2026-03-17,qr_code,receipt
21124458-ee9c-4b9e-9d05-1837aaa9f495,U743849e63f8101ac616f8fd0ba84a167,U56c90843deed352aa0f31ec94e2fd23f,2026-02-02 22:37:36,2026-02-02,search,line_app_search
cf596555-54d5-469c-9941-04644a541c6f,Ub0341314a5534ea92b26fa8adc30543f,f0dd9b3a0e976eed9d956a82e50868e6,2026-01-05 05:54:43,2026-01-05,search,official_directory
10ccf884-f910-4e7e-9e70-e0cf730008ce,Ub0341314a5534ea92b26fa8adc30543f,U9ab94687ecf9828d110400a45cb7dd52,2026-03-27 01:15:10,2026-03-27,qr_code,store_front
bfb0af1e-1c5d-4f4c-964a-b6c016bfa76b,U743849e63f8101ac616f8fd0ba84a167,Ub51d3025a4bce8c80c68ed3d3a39e756,2026-01-12 07:28:27,2026-01-12,ad,facebook_ads
84d87213-81d6-496e-b43f-f4938fce3a96,U743849e63f8101ac616f8fd0ba84a167,U4f84861e4191cfb593ab66120cee8a35,2026-02-18 23:59:57,2026-02-18,search,line_app_search
39e225a4-ef84-4ab8-bd89-d5a266fcb5d8,Ud4a92c8c8050eed40ef171cc2784d638,U3e1da13eab86c54cf468ea9f25580f60,2026-02-21 20:34:05,2026-02-21,qr_code,receipt
8b1638c6-9a03-4d0f-9779-33531943564a,Ub0341314a5534ea92b26fa8adc30543f,U8e0602d6f7d2700963d268ed2761cbf6,2025-11-21 16:46:26,2025-11-21,qr_code,store_front
b9977ed8-b868-4d75-96aa-884c1275def9,U3bae1603803a839c0cb52f511d9cb8f6,U1a95e801ad6a09dccfeed4b0c7ae0069,2026-03-16 04:31:44,2026-03-16,link_share,messaging_app
5a5da9d9-22dd-4635-80ee-5a9e49a213c2,U743849e63f8101ac616f8fd0ba84a167,Ua133f202ad48425e3a78152285d8d5fc,2026-01-03 09:09:00,2026-01-03,search,line_app_search
c81e9138-3365-4254-8cf2-dc2e0f12ad7d,U227d1cd1a801c367de206ec4bbca7330,U601c07db7347b24f70ddee43d0613564,2026-01-02 07:17:23,2026-01-02,link_share,sns_share
58c46db0-63ef-498f-a951-6c834abf4907,U743849e63f8101ac616f8fd0ba84a167,U2ec6dbce5c15ede6e9dd7d6cc0088804,2026-04-12 23:37:59,2026-04-12,search,official_directory
37c1c73e-3e1e-447c-a743-c9fe50c4bf90,U3bae1603803a839c0cb52f511d9cb8f6,Uecfb82966295cb64464a6eb18eb65335,2026-03-03 22:16:07,2026-03-03,qr_code,poster
dc5ddb30-0da8-4e49-8b50-1797f5d58da0,U3bae1603803a839c0cb52f511d9cb8f6,Ube4665263e7b50a54f9b5f3fe3d6ce6d,2025-12-22 12:59:21,2025-12-22,ad,google_ads
8b8dde89-4afb-41db-8906-99ab8d80f38d,U743849e63f8101ac616f8fd0ba84a167,U4cadb35666778e39dd9c21ab1344e42d,2026-03-21 12:25:54,2026-03-21,ad,google_ads
34a9941e-a2bd-4f84-af0d-ac76ce401117,Ud7cd4c737b35e126236570d6cf0e97f4,0987eab1b2374a19458d4287379caf3f,2026-03-26 09:37:01,2026-03-26,other,import_bulk
5b71e7e9-43fb-4f7c-9112-703a0278b57d,U22a93bc29b1df104af6b1ba1cd91fc56,Ubcd6ddaa13e6ca6139147e92f21380a1,2026-01-27 20:05:18,2026-01-27,search,official_directory
41935552-53da-4077-8359-71ecdc1bdec2,U3bae1603803a839c0cb52f511d9cb8f6,Ub43d56b93ff58e8934c9ba21cfc59b16,2025-12-16 18:16:46,2025-12-16,search,official_directory
f9d42ef5-ad50-4bb3-b568-201ad2dbb249,U743849e63f8101ac616f8fd0ba84a167,U5d1dbe32b8f64d2a7a6d218a26b4a8be,2025-12-16 09:00:36,2025-12-16,qr_code,business_card
678a0097-91c0-4017-ad63-5877459a81a2,U743849e63f8101ac616f8fd0ba84a167,Ub5661220e138b6939f3c9878f8bc2fd4,2025-11-28 22:39:51,2025-11-28,search,line_app_search
09e7e59a-8192-4397-8779-8ca62b37af82,Ue7310890b01058478be93761a56d0aa0,U85435ad0aff9359b528fd3ef8218dbf8,2026-01-29 08:49:23,2026-01-29,qr_code,event_booth
fddc2d50-12d2-4d48-9c0a-adb043980bae,U7e808d11d6f9901a954a542a7ee09918,bc07497b560a363335f8531b3ab226bd,2025-11-27 18:17:04,2025-11-27,search,line_app_search
ef342951-2ed2-4374-a4b6-72736e095b52,U743849e63f8101ac616f8fd0ba84a167,U89bb22c87adfbf28b22be2e71ea3f1f1,2026-01-14 09:42:36,2026-01-14,ad,line_ads
0d7233f8-4ace-4767-bc10-4bec585034d8,Ub0341314a5534ea92b26fa8adc30543f,Uc92db2dae54f591f512c8550d249e435,2026-01-02 05:54:46,2026-01-02,qr_code,store_front
a18fe2eb-2208-45a0-a6de-2763a87cf449,U7e808d11d6f9901a954a542a7ee09918,U67cc3ec6f496b57518be1d8c6daf0a96,2025-11-09 11:02:07,2025-11-09,search,official_directory
89862d48-4142-469b-9deb-091e0243e4d8,U743849e63f8101ac616f8fd0ba84a167,Ud6192a63721a76f1305d63585a45b02c,2025-12-24 23:14:27,2025-12-24,search,line_app_search
8e321ee1-3d71-496a-8b57-bff28474f9d2,U743849e63f8101ac616f8fd0ba84a167,U7d5c246cfe08ffd37c5e7cac3b54f147,2026-03-21 17:59:04,2026-03-21,ad,line_ads
f063b5de-aeaf-4703-8653-f20b38f9b7c1,Ud7cd4c737b35e126236570d6cf0e97f4,2fb412f452139dc8364dbff6abd697ef,2026-01-22 08:34:27,2026-01-22,search,line_app_search
1d811c68-50bf-4bfd-bcc4-de2a51eb36e4,Ue7310890b01058478be93761a56d0aa0,Uc90e6f0b7c16fa615dab80651e9a5a0f,2026-04-03 19:36:28,2026-04-03,qr_code,event_booth
24442aa0-0ed9-4e70-9009-e5bd8261b7c9,U743849e63f8101ac616f8fd0ba84a167,U547d6119845152e685424f45bc870281,2025-11-18 14:03:56,2025-11-18,link_share,sns_share
69162c90-7a66-44d7-a607-86299934a57e,U879eb903ad90cd9c2874f6df7651267a,U2d5dd2a3435a288b03d361b4985fb13c,2025-12-25 16:59:38,2025-12-25,search,official_directory
0cfdf9db-0ecd-4c57-9e72-e56244a8ba6f,U3bae1603803a839c0cb52f511d9cb8f6,U30b1da3165c684539b71ca53ee7e2ea6,2026-01-28 07:26:18,2026-01-28,link_share,sns_share
dad0cbb2-3967-479d-afae-80688c2a4dfb,U3bae1603803a839c0cb52f511d9cb8f6,Udf8745c10373286627f5ccfbd8b90781,2025-11-04 15:39:29,2025-11-04,search,line_app_search
55d6e76d-b198-4cc8-90d3-b168e4ae7810,U1fadb6bf4c876b4dd1e37960d23c5eb4,U914b9142d5a779c2b69994bbe072c70c,2026-03-03 06:04:35,2026-03-03,search,official_directory
e490b3f5-dec0-47f1-879a-fe3e436c6672,U3bae1603803a839c0cb52f511d9cb8f6,U34b08c6f2d3a9a2c52f1f37959b774cd,2026-03-13 07:19:16,2026-03-13,qr_code,business_card
5f9cecb1-8557-4b6e-9782-d43e27f09749,Ub0341314a5534ea92b26fa8adc30543f,Ub80d8c6c8f7f4804289c09cde9b0ee19,2026-03-25 21:41:23,2026-03-25,search,official_directory
220cff95-c1f5-4554-bd87-f36096a8ae4a,U3e5dd3a641c58ad50e49f095c6f1e306,Uf8603044fef5cf77cba97b7f23bbff9c,2025-10-24 14:53:07,2025-10-24,ad,yahoo_ads
c85cac40-0745-456e-99da-82a5c578f6a5,U3bae1603803a839c0cb52f511d9cb8f6,U8d70a0423cae2c1d7b8fe3335eefc1f2,2026-02-19 00:46:38,2026-02-19,other,unknown
54606273-5063-4266-81fa-08652f34b499,U879eb903ad90cd9c2874f6df7651267a,U19472693a542c1bc8b3b291e3e355fcb,2026-02-23 05:22:10,2026-02-23,qr_code,poster
8f48663e-dcf6-4c89-b9c9-b20efdde6b80,U227d1cd1a801c367de206ec4bbca7330,U564c8c6d10adb6c2597d4cc157e870f9,2025-10-24 15:29:45,2025-10-24,qr_code,store_front
5c73204f-7e1d-42a9-b86c-e969dcff5cc6,Ud4a92c8c8050eed40ef171cc2784d638,Uf8b05c40fa041fc6ac0419d47636da46,2025-12-11 04:50:29,2025-12-11,qr_code,business_card
dd7eced9-e75f-40bb-bd68-aacdfeb0f307,U4784fc8a8e1e4eb2435ad84e0ad052f2,U24c99073f83ea8d6f8c75463c88473ce,2026-02-04 23:49:28,2026-02-04,search,official_directory
e0e87cbd-e669-41b6-b53f-30371b093b6f,Ue7310890b01058478be93761a56d0aa0,Ucacc768213b6e2ca42213589fd03d254,2026-03-02 10:01:07,2026-03-02,search,official_directory
b46f9c2f-5559-4253-92d6-ed7428a28d8b,U1fadb6bf4c876b4dd1e37960d23c5eb4,81cd9f027485fe990751bdf284c7a8be,2026-02-10 17:24:37,2026-02-10,ad,line_ads
d31e444d-b98b-4ee0-a2a0-ba3129ac9a45,Ub0341314a5534ea92b26fa8adc30543f,U081b7365eb999b04684eea62d9452c1a,2026-02-02 22:56:49,2026-02-02,ad,google_ads
1b94f9ec-4472-4f5b-8d1b-ff5ef6f9d1a0,U743849e63f8101ac616f8fd0ba84a167,U430750c572242c5b397dd90a2bedc610,2025-11-14 05:01:25,2025-11-14,link_share,messaging_app
d045e273-80df-4688-b460-42dfce8fc4bb,Uc20f9c7e9b662bedec3cb78e127885c7,3a497863b879e3aeff5105d0a393d80f,2026-01-12 10:48:05,2026-01-12,qr_code,poster
4e36f7a3-0eec-4964-950b-a46d6a49b43a,Ue7310890b01058478be93761a56d0aa0,Udc6e717114245b7b3ca2ba8ff0533af4,2026-02-25 06:56:07,2026-02-25,qr_code,business_card
200fc346-eee0-4705-a047-5d133e6210b0,Ub0341314a5534ea92b26fa8adc30543f,U3e146b21e62ca61f50f8a1406ed5546c,2026-03-31 15:46:20,2026-03-31,search,official_directory
a21f31f9-bcdf-44a6-9f9e-cee7aa054423,U3bae1603803a839c0cb52f511d9cb8f6,Ua19d9b58510622789622b24bb2bc4309,2025-12-08 07:09:38,2025-12-08,qr_code,receipt
074ba8ee-626d-42c3-9cea-d01d2456bf2c,Ue7310890b01058478be93761a56d0aa0,U2532b7f4cf993d608f6bb9dc566610a5,2025-11-21 18:08:27,2025-11-21,qr_code,receipt
6c6bd456-ea97-4739-8a47-e1a42f392d48,U3bae1603803a839c0cb52f511d9cb8f6,U4ea7faa87cd0eb597b0eb3fc4d7e7d7a,2025-12-20 14:54:48,2025-12-20,qr_code,poster
3436fa91-abaf-4a48-bf93-c9940001c4ca,U743849e63f8101ac616f8fd0ba84a167,Uf184cb1a933f1f5cea5b4843ee1a2019,2026-02-09 09:18:15,2026-02-09,search,official_directory
4b0dab33-6e0f-44e9-844e-4e0bb6e8bace,U3bae1603803a839c0cb52f511d9cb8f6,0259a8fcf582fa28572af77ffb733002,2025-11-04 12:34:54,2025-11-04,qr_code,receipt
589084c2-d074-4d81-ab7f-4047ddacb691,Ub0341314a5534ea92b26fa8adc30543f,Ue22e0cbac02f592ef3bff5ca73ca9161,2026-03-27 17:19:08,2026-03-27,qr_code,poster
454ede31-ae26-4384-b036-3b603cc3ec3a,U4f8b2d7d97720f7d61a0294f1c9c3877,U8ef042a94f5d195339c6c525c0f168ae,2025-10-31 04:01:07,2025-10-31,other,import_bulk
a7a79c0d-1c90-4ae9-8c1a-3a39dd01c4d1,U743849e63f8101ac616f8fd0ba84a167,U69e3fb359c6b02bf247d9f7bea812e20,2025-12-03 06:05:36,2025-12-03,search,official_directory
e4c892f9-5354-4504-8480-739077f8f599,U743849e63f8101ac616f8fd0ba84a167,U083a41aef033c50c320d94ec1410b30c,2026-03-02 05:44:41,2026-03-02,ad,google_ads
b5b2142f-d116-4656-b270-abedf4723a87,Ud4a92c8c8050eed40ef171cc2784d638,U8bffb12a6c85bd50cc6463e0421b4f94,2025-12-10 12:06:41,2025-12-10,ad,yahoo_ads
b558a51a-1a8f-4495-842a-36214211d9d1,U3bae1603803a839c0cb52f511d9cb8f6,Ucee2bdd5c06724d6af493fb4b4258d92,2026-02-15 06:24:19,2026-02-15,other,unknown
7732b1de-5dc7-4e10-9d68-244d605ca118,U3bae1603803a839c0cb52f511d9cb8f6,U4b226e66b709ad3eae624f64059b1932,2025-10-31 05:43:23,2025-10-31,search,line_app_search
a35d168d-7521-4cce-bcbd-61d5066ec8e0,U743849e63f8101ac616f8fd0ba84a167,U5739d28b2db7b75c0095a522297b64ab,2026-03-27 17:42:53,2026-03-27,search,official_directory
da5bd414-3b1a-49cb-8300-031f18963736,U3bae1603803a839c0cb52f511d9cb8f6,U63423f43e3dc380e31d0e3b210e6a8aa,2025-11-25 20:24:52,2025-11-25,search,line_app_search
cfefe61e-7c89-48af-aa9d-d395649d4301,U227d1cd1a801c367de206ec4bbca7330,U60d2ee26728480ffcdd749b5b3c78e2c,2025-11-26 03:52:20,2025-11-26,ad,yahoo_ads
8a0b4d20-b16a-4719-bc00-29ae672f8213,U743849e63f8101ac616f8fd0ba84a167,U19fbd77869fece62a20b8612909fd299,2026-03-24 21:36:01,2026-03-24,qr_code,poster
0df09e49-ec08-429c-bbc4-1ef70a2cd628,Ub0341314a5534ea92b26fa8adc30543f,Udaed5fa5e07be086a0409adedfbc1293,2026-03-22 09:01:40,2026-03-22,qr_code,receipt
a3ed0c81-5ded-4c1d-993d-867f35797260,Ub0341314a5534ea92b26fa8adc30543f,U99efb45c5f924f2d6173546c8ff68d3f,2026-02-10 07:19:13,2026-02-10,qr_code,poster
56231c23-ed9d-4f83-848c-c98548995d1f,U7e808d11d6f9901a954a542a7ee09918,U4c11fb399323bcd924261ef7bf422b0c,2026-01-01 12:20:55,2026-01-02,qr_code,receipt
cc0bebbe-3eee-4056-a899-7e20873e4b73,U3bae1603803a839c0cb52f511d9cb8f6,U9f5b6b1508395929c469e9460a3bf8a1,2026-03-20 07:54:02,2026-03-20,search,line_app_search
9ea7bae9-6a9d-4201-bcf5-b8cef198ae32,Ub0341314a5534ea92b26fa8adc30543f,U549f3af0ba266ad360f39bbd407bde3c,2025-12-14 20:47:04,2025-12-14,link_share,messaging_app
5d9bb167-1a10-4ff8-931b-8da40b92579d,U3bae1603803a839c0cb52f511d9cb8f6,U5e19bec79fe26d912a4597647db76f9a,2026-03-09 00:41:35,2026-03-09,search,official_directory
762281f6-7084-4054-951a-ba3a429d6b18,U3bae1603803a839c0cb52f511d9cb8f6,Ub266bceedb1321f7ca3c3eebd5d45958,2026-02-24 07:47:51,2026-02-24,search,official_directory
c66292fd-3e6f-4b9a-99ba-ee6f1f9a8cb5,U743849e63f8101ac616f8fd0ba84a167,U52703e1d9a6eb693743641308ff52f29,2026-03-04 14:51:23,2026-03-04,search,line_app_search
c6624e4a-7299-439b-b332-108fccef3329,U227d1cd1a801c367de206ec4bbca7330,U51a9334ecc99b3fbaf4b7588a27675b7,2026-01-22 23:16:11,2026-01-22,search,line_app_search
75d8ccae-7052-481c-b863-4a0ad7093dc9,Ub0341314a5534ea92b26fa8adc30543f,U05983ea2a3a2e62f37f6025ad9b8fe4c,2025-11-01 20:42:23,2025-11-01,link_share,sns_share
78b48636-69e9-4e61-b371-477ac5208627,U476acbdef8e9a16d24575e4f6d7b0f31,U427557a202f83b5d4b038a691e64ccc2,2026-02-26 10:24:43,2026-02-26,qr_code,event_booth
12b1f929-48d8-4e5b-b16b-8b83a75b6334,U879eb903ad90cd9c2874f6df7651267a,567ac3114756ae6f5aa1795383c314ed,2026-03-31 22:03:43,2026-03-31,qr_code,store_front
1f7b8db9-4c46-4cda-b17f-e1a23cf65e7b,Ub0341314a5534ea92b26fa8adc30543f,Uf7cec7164e039efdec5ee76acd735293,2025-12-23 21:56:54,2025-12-23,ad,line_ads
fb692dad-1fdb-4300-ac44-9aa3b9cc229b,U227d1cd1a801c367de206ec4bbca7330,U770956d819e8adb07a71139ee7fd3ef2,2026-03-09 02:27:49,2026-03-09,qr_code,receipt
9b88d5f0-aca6-40a6-b9f6-c122e7b1472e,Ub0341314a5534ea92b26fa8adc30543f,U44edf730b057ba8f94679c601c73212a,2025-12-01 23:22:36,2025-12-02,other,import_bulk
5afd0ae5-a3a9-49d9-b739-6fbdbdbe1a15,Ub0341314a5534ea92b26fa8adc30543f,U04100785bb9460f556be13b4818305f9,2026-03-30 15:10:23,2026-03-30,search,line_app_search
dcf6cc92-6965-4839-8a13-c46575e6d506,Ub0341314a5534ea92b26fa8adc30543f,U6884b002d0c93abc180fb3cb4d12d57a,2025-12-30 18:17:45,2025-12-30,qr_code,poster
7715b936-b33c-4b9d-851b-7bf5efcbde3f,Ub0341314a5534ea92b26fa8adc30543f,Ua8fa645421788804da20d0745aa2dcf6,2025-11-27 13:29:39,2025-11-27,search,official_directory
20ab4f1a-e5e1-4997-bda1-756b2ed10518,U743849e63f8101ac616f8fd0ba84a167,U41fa0eed7c6f34ea5024a0f5b996fd2c,2026-04-08 00:59:16,2026-04-08,ad,line_ads
40c23f7c-74c6-4704-83d5-2b9deda68de6,U743849e63f8101ac616f8fd0ba84a167,U5863ee786c971da5b9121a4cf8546953,2026-02-17 04:21:04,2026-02-18,search,official_directory
7c30f1f0-43ef-4a3f-b440-333bb947752c,Ub0341314a5534ea92b26fa8adc30543f,Uf8b10448930da0f0ee3484e2d3ef8a86,2025-11-24 06:52:38,2025-11-24,qr_code,event_booth
c6830774-8e84-4aa8-ae40-36fed27d3be6,U743849e63f8101ac616f8fd0ba84a167,U204ae00d265518abf418c673e7fcdfa2,2026-02-11 18:58:51,2026-02-11,qr_code,poster
cc53192a-2e8f-4b8d-9402-1fb18199c7e4,Ud4a92c8c8050eed40ef171cc2784d638,Ue143cba9698ebd371766d3f15e0b8dca,2025-12-26 22:59:16,2025-12-26,search,line_app_search
e9b7d2cb-ecc5-4da4-844b-996279a4f4fc,U743849e63f8101ac616f8fd0ba84a167,Ud1a8333c778c3857827b769537ff2699,2025-12-28 02:53:41,2025-12-29,qr_code,business_card
98ec8e36-37e4-4cbb-b8e3-0e7ea1c09738,Ub0341314a5534ea92b26fa8adc30543f,U2e0fe5910a7da3a076a64697bb9bd3f5,2026-03-30 06:56:30,2026-03-30,qr_code,business_card
7795cbf0-8332-400e-869d-277ba853d426,Ue7310890b01058478be93761a56d0aa0,U810114050a71e15f82e2700e4e4e4309,2025-11-21 18:03:11,2025-11-21,qr_code,store_front
2aadb4fc-8ab3-480c-9f35-83ee1317ca65,U743849e63f8101ac616f8fd0ba84a167,U28d1ade28452342cde95cb95f4941e27,2025-11-16 12:27:59,2025-11-16,qr_code,event_booth
23afb916-1987-472d-a12f-10537c4e8b1b,U22a93bc29b1df104af6b1ba1cd91fc56,Ua0f99004212dd27d8a9a19bafcbd2e7b,2026-02-07 09:22:51,2026-02-07,qr_code,store_front
256de733-8c99-4bf0-88fe-4bf8b3eeb268,Ub0341314a5534ea92b26fa8adc30543f,Ud3fc5e59bf2eebad7d906ded427708c6,2026-01-25 12:24:41,2026-01-25,link_share,email_share
811a4e29-8fce-463b-a3be-331bfb63afa1,Ub0341314a5534ea92b26fa8adc30543f,U87072d06c689071d787921949ae33293,2025-10-26 02:11:37,2025-10-26,search,line_app_search
4306c092-7a33-4247-97d0-5c9f9be363e9,U3e5dd3a641c58ad50e49f095c6f1e306,U0c4d7a3eeaf3e2d65a3cb64919df76e7,2025-12-01 14:08:32,2025-12-01,ad,yahoo_ads
d314f86c-38ce-4e5d-9186-49337f06bcfa,U3bae1603803a839c0cb52f511d9cb8f6,U71bbf1b987be5705387e29ffd6d619d3,2025-11-11 00:01:31,2025-11-11,search,official_directory
bf239fcc-65bb-43a8-9e19-513c7f803db3,Ub0341314a5534ea92b26fa8adc30543f,U7ef503c12438448f2375cc9f5c941a1e,2026-01-09 22:48:35,2026-01-09,qr_code,receipt
8423065b-1c07-4532-a6ae-8328809fb8a2,U227d1cd1a801c367de206ec4bbca7330,Ub1b13336581f931c296c7d37a17f4136,2026-02-23 15:47:05,2026-02-23,link_share,messaging_app
f85dbc64-f10f-462c-abb3-429f7d9adaf1,U4784fc8a8e1e4eb2435ad84e0ad052f2,U009f952fe24feeab131017535cb9712d,2025-11-08 02:34:15,2025-11-08,search,line_app_search
ef05f380-b583-4edf-bb00-e3aad324e223,U476acbdef8e9a16d24575e4f6d7b0f31,U118ec751272c4af7b97194d956cf9380,2026-01-02 02:34:57,2026-01-02,link_share,email_share
6118efa2-8a74-4dd9-87bf-55df9a97e691,U3bae1603803a839c0cb52f511d9cb8f6,2820ba55602b6eb5c23bff6397d36ff2,2025-12-31 11:56:57,2025-12-31,search,line_app_search
feb76d06-27a7-449d-b96e-4e3398117ffb,U743849e63f8101ac616f8fd0ba84a167,Ub2f7e302213617a9f7db1ac980f43312,2026-02-03 20:57:26,2026-02-03,qr_code,poster
a9cee7e2-df9b-4c0a-abbf-8340274b45d6,Ue7310890b01058478be93761a56d0aa0,ae4ee315299fb178818f1d4ad46af212,2025-11-27 02:30:31,2025-11-27,qr_code,store_front
d7182051-002d-423b-a48c-86057f188101,U3bae1603803a839c0cb52f511d9cb8f6,U0038fbbf12172dd43e9e430c54afb7b9,2026-02-16 09:10:06,2026-02-16,qr_code,receipt
b7218566-a715-4f11-a655-261193d5d576,Ub0341314a5534ea92b26fa8adc30543f,U51d2accf1b323e41b4c9221ce03da17c,2025-11-05 15:00:40,2025-11-05,search,line_app_search
95e7bc0a-8470-43cb-9cfe-0229effc4aae,U743849e63f8101ac616f8fd0ba84a167,U45f0a3c60bb7fe1e279da48e8e2b560e,2025-11-17 18:50:09,2025-11-17,link_share,email_share
9c55a907-4146-4135-a9ec-8413d002c776,Ue8d9224ecde331ce692edfce0b5ecdc4,1e8e4f9fe526ee8a28e15b4850999ab2,2025-12-11 00:42:07,2025-12-11,search,official_directory
f10de5d3-bd52-4731-bb26-18309d391761,U743849e63f8101ac616f8fd0ba84a167,Ua7ac4819d87cb60a4b43cb586f51b2c3,2025-11-06 23:47:49,2025-11-06,other,import_bulk
b349d4e0-d744-4951-a936-0f324cfa8051,U743849e63f8101ac616f8fd0ba84a167,U9e02af86533b0701a79fff93ec41b9dc,2026-02-18 01:12:00,2026-02-18,link_share,sns_share
ef9fe7ff-65a5-4cb1-86d8-62b4ceb2f385,U3bae1603803a839c0cb52f511d9cb8f6,U9ad463aff263e2514ff85e264e94d23f,2025-11-21 17:20:33,2025-11-21,ad,line_ads
9fbf97bf-ec34-43b0-83ed-ba3cf67f25d2,U227d1cd1a801c367de206ec4bbca7330,Ud400fe1fa2f0d2838cea498555101267,2025-10-19 09:45:53,2025-10-19,qr_code,store_front
79f9ff41-ccb9-4814-85e0-6a8418dc8228,U837b70463a585f85743b5bfb3b49c9fd,U539af1e13c0cf0e1f9488345c7a95d6e,2026-03-28 08:58:45,2026-03-28,ad,yahoo_ads
c0822af9-1fed-4939-b39a-3547addc23b5,Ub0341314a5534ea92b26fa8adc30543f,87ed2224bda5509750af4e0a6e1fcd7e,2026-04-09 15:10:35,2026-04-09,link_share,sns_share
d60309a5-5cca-4beb-ab70-124efba69468,U3bae1603803a839c0cb52f511d9cb8f6,U3a44b70b61b9ea77c89315147dd9e27b,2025-10-19 04:50:37,2025-10-19,qr_code,event_booth
0fcfc45a-11e9-4819-bcec-05dcd60569ac,Ub0341314a5534ea92b26fa8adc30543f,U84629ee82767099912e46966a8a6d16d,2025-12-22 06:07:54,2025-12-22,link_share,email_share
72489886-15de-4b16-afa3-aed662970785,Ud7cd4c737b35e126236570d6cf0e97f4,U11a4c02451e9b0482698fac61cd3d0f1,2026-02-10 07:48:32,2026-02-10,qr_code,business_card
920e22b8-d183-4d1f-b09b-ba3006792591,U743849e63f8101ac616f8fd0ba84a167,Ude384fa5b2cbc2468423c223d7036035,2026-03-25 16:40:15,2026-03-25,ad,yahoo_ads
d5a3ab93-9043-4a18-9086-06d7f222804a,U3bae1603803a839c0cb52f511d9cb8f6,U9919874d1b6981139f0bdd95602d81b5,2025-12-30 06:10:27,2025-12-30,search,line_app_search
98bd4dc6-2abf-47a2-9f6f-4fea78de9b63,U3bae1603803a839c0cb52f511d9cb8f6,Ua6c074357a7a8cc95d3332f7094ffab1,2025-12-22 19:17:44,2025-12-22,qr_code,receipt
7860e7b0-1046-4bb7-8565-e80575485fcf,U3bae1603803a839c0cb52f511d9cb8f6,Uaaa617cae3fced8b6bf58444ed657687,2025-11-16 17:14:55,2025-11-16,search,line_app_search
1144dc1d-03ef-4758-bddc-38f3db6e2818,Ub0341314a5534ea92b26fa8adc30543f,Uc1fdf452d1ec4918def864ea292b7c1a,2026-04-03 08:56:03,2026-04-03,search,official_directory
dabd9a80-fed7-44d8-8f0f-61483352e303,U3bae1603803a839c0cb52f511d9cb8f6,U61f4af64d1fd13f188c6705763f80f4c,2026-01-27 00:31:26,2026-01-27,search,official_directory
550680c9-6ef1-4e24-934c-16fd70e3e4b3,U743849e63f8101ac616f8fd0ba84a167,U2397c8bfc817a9357cc1657557ab860f,2026-02-10 20:01:08,2026-02-10,other,import_bulk
7fb22020-ef06-4d09-99be-fb074f77bced,U743849e63f8101ac616f8fd0ba84a167,U5d4ee9baa7b5961f99f99fc9f0ede944,2026-04-10 20:22:26,2026-04-10,search,line_app_search
dab70b89-dddb-4747-aeb9-9a6c73304df7,Ud4a92c8c8050eed40ef171cc2784d638,U6a6694d394c4d926e5bbe6ee9611ef8b,2025-12-08 03:51:42,2025-12-09,qr_code,event_booth
48d6445a-4a62-4830-8a1a-cae76ca99409,U743849e63f8101ac616f8fd0ba84a167,Uc4ed0de766e3dd077ed166e0f6554564,2026-01-15 11:51:55,2026-01-15,ad,line_ads
9f0032b5-ce62-4876-ba64-fb34b59c9b59,Ub0341314a5534ea92b26fa8adc30543f,78dd0324d425a94e99b927c167fd078c,2026-03-09 20:17:36,2026-03-09,link_share,messaging_app
045a24ce-b424-44d9-a4f0-cf192a06eced,U743849e63f8101ac616f8fd0ba84a167,Ub9ad18e87610f9d9f0ad8769d54ff60d,2025-11-06 00:19:05,2025-11-06,search,line_app_search
a81d673c-b071-4244-8e34-cdf60586306c,U227d1cd1a801c367de206ec4bbca7330,U5fe7f390df6d7ec35a54bee2651bbed7,2026-01-11 20:40:00,2026-01-11,qr_code,business_card
52facceb-8016-45b8-bd94-3610a7140882,U743849e63f8101ac616f8fd0ba84a167,U1eb8a2e0e8c3c72a58d56171c3f18608,2026-01-17 07:22:20,2026-01-17,qr_code,event_booth
a26b626b-c48f-4bb6-b148-0193d693a771,Ud7cd4c737b35e126236570d6cf0e97f4,Ud60d77dc3b9aae90b0684d73c1ac414b,2025-12-12 23:09:55,2025-12-12,ad,facebook_ads
f9cee4bf-cec1-4297-9c9e-a48a9124cddf,U743849e63f8101ac616f8fd0ba84a167,U0ae38ddec93634679003235212cc2006,2025-11-28 01:52:40,2025-11-28,qr_code,receipt
844c11fd-b6cf-463b-bc5b-9a1d4fc5591a,U743849e63f8101ac616f8fd0ba84a167,Ud2b20824501659accbf5e8bd2286ae0a,2026-01-22 10:24:50,2026-01-22,search,line_app_search
0432718c-5580-44ba-8cae-2a3a41c37b52,U3bae1603803a839c0cb52f511d9cb8f6,Ud3e1e64b57c59a2ea4cc8ac643affe96,2025-12-08 00:19:26,2025-12-08,search,official_directory
6436778b-fe4a-4011-afbb-34bbc5f023df,U7e808d11d6f9901a954a542a7ee09918,2f3afa67da1dc3aa2edddfe548349f89,2026-01-17 16:54:58,2026-01-17,qr_code,receipt
33034784-5b0c-432d-8a77-7828576e9552,U743849e63f8101ac616f8fd0ba84a167,U613fb89519e45fc058bff59e5ac33165,2026-01-09 14:19:57,2026-01-09,qr_code,event_booth
42208af8-e788-4bea-a261-1341cdc22191,U3bae1603803a839c0cb52f511d9cb8f6,U5ede01de8da26d1971579b418bdeaa03,2026-04-07 06:16:00,2026-04-07,qr_code,store_front
686eb789-4b28-47db-b54f-ff673d031cc7,U3bae1603803a839c0cb52f511d9cb8f6,Uf2e22ed3138b23671f9ea1ad420781e9,2026-02-23 08:16:09,2026-02-23,qr_code,poster
fdc77d43-cdc3-4454-abb7-8497dcacada4,U743849e63f8101ac616f8fd0ba84a167,Uf6f2677ea4a1fd19b95ccc32da47207e,2025-12-21 15:36:44,2025-12-21,search,line_app_search
0be6270c-ef84-4423-9a30-699894f5a73b,U743849e63f8101ac616f8fd0ba84a167,42257941ac098f9581a65329c19475bc,2030-09-30 00:00:00,2030-09-30,link_share,messaging_app
9f0918b9-2996-4329-8ba1-c86222bcbfcd,Ud4a92c8c8050eed40ef171cc2784d638,U2c0fd31f54e8fbe5edbd87182a588bc5,2025-11-24 06:17:18,2025-11-24,ad,google_ads
b321d7f5-1fcb-4ac3-ac2d-e53192474ab9,Ub0341314a5534ea92b26fa8adc30543f,6c1e6a82697dabf3f5fad3edf4d95b5c,2026-01-04 07:02:06,2026-01-04,search,line_app_search
70471520-0b87-43e2-ac2a-5eb6f4c0ce47,Ud4a92c8c8050eed40ef171cc2784d638,U3ffc944b0e5762cf8dab3de984b17cf2,2026-02-08 21:13:40,2026-02-08,qr_code,poster
1dcfdb88-3a51-4599-8ee8-1962eb15c6bc,U3bae1603803a839c0cb52f511d9cb8f6,3ee14b51d56837850912bc1188a3adec,2025-12-13 03:21:27,2025-12-13,qr_code,store_front
4762eb28-6198-43fe-8f25-a8fa15b43347,Ud7cd4c737b35e126236570d6cf0e97f4,U062fea1884e701650a0cbbe7f26e4ee8,2025-12-29 06:53:33,2025-12-29,search,line_app_search
7b841b86-e0b5-4f96-8556-827e476d5e2f,U3bae1603803a839c0cb52f511d9cb8f6,U1249a8009c7c942a0495b04682456e66,2026-01-31 13:23:20,2026-01-31,qr_code,store_front
2e0bc7bd-fdca-4f03-92bf-07f9846f22c3,U743849e63f8101ac616f8fd0ba84a167,U82135cf054a3f26b5c3008a495de810e,2026-02-28 01:52:20,2026-02-28,search,official_directory
4cd35cd6-bd33-4f2c-85f0-753ae9b9dc78,U743849e63f8101ac616f8fd0ba84a167,364f2016d6272f7f5bcf17e6c3bebf0c,2026-01-20 18:02:47,2026-01-20,qr_code,receipt
0e39e463-cec6-4523-b234-3bfd82d3e9eb,U227d1cd1a801c367de206ec4bbca7330,U4a9c7f370349f2ca27b62ea12dc4d775,2026-04-10 22:55:53,2026-04-10,link_share,messaging_app
73019b21-f8ff-4e7d-a2b6-52434893a47e,U743849e63f8101ac616f8fd0ba84a167,Ue1faa9c7623d60b6db9d3b4c12b03597,2026-04-13 16:46:13,2026-04-13,qr_code,poster
65813067-d8f6-48c5-b6f1-5ede6f730b9c,Ud4a92c8c8050eed40ef171cc2784d638,45794f6ecee7f13c4a91f1ae005f3f18,2025-11-20 19:04:35,2025-11-21,search,official_directory
c57e2ec6-4e81-4d77-b67d-54f2a2fab45d,U3bae1603803a839c0cb52f511d9cb8f6,U8fb44c667c93fd92e46b7bc20c3c91b1,2026-02-19 06:15:32,2026-02-19,qr_code,store_front
1a0c3dcd-2e9e-4095-b3c3-9f3d6ec29b65,U3bae1603803a839c0cb52f511d9cb8f6,21be383d707eaba32cc6310283af4fcc,2025-12-13 20:52:33,2025-12-13,qr_code,event_booth
8e013a82-ecfb-4444-83ae-e04c7f314cc2,U743849e63f8101ac616f8fd0ba84a167,Uaf7ae0f642e1fb458518ef167050758e,2025-11-06 16:46:50,2025-11-06,search,official_directory
5912b480-089f-47c5-9365-98f63062287d,U4f8b2d7d97720f7d61a0294f1c9c3877,U68ea99e8ae064648593f7eb2b9c0d2bf,2025-12-01 08:20:40,2025-12-01,qr_code,receipt
35d8a46e-e0b5-48c7-a30d-8f3605317ebe,U743849e63f8101ac616f8fd0ba84a167,U54af808ad47387f3da18e021ae4580b2,2025-10-28 15:39:01,2025-10-28,ad,yahoo_ads
8e785012-75e8-4fb9-9344-dafbc2327596,U743849e63f8101ac616f8fd0ba84a167,U567b29b99405e4f4f8750d288fe47edf,2026-02-27 23:19:13,2026-02-27,search,line_app_search
7d307a6e-28c2-4a0b-939f-3bc858f1f46f,U3bae1603803a839c0cb52f511d9cb8f6,U0bfb02d8a1aa9901f4f73b48c630fbd5,2026-02-07 23:44:51,2026-02-07,ad,line_ads
e9290dc1-8f1d-4251-b3f2-543feb1fe06c,Ub0341314a5534ea92b26fa8adc30543f,U160d3b86e787698e963e42d513b3782b,2026-04-04 06:24:15,2026-04-04,qr_code,business_card
4ecb6a1b-fedf-4ada-9cbd-f5ae1019a6fb,Ub0341314a5534ea92b26fa8adc30543f,Ufe47041e4beeb89a759d00383a829c70,2026-01-12 14:10:13,2026-01-12,qr_code,event_booth
f57f61dd-ef5f-43ac-972a-df53bc2f29ef,U3bae1603803a839c0cb52f511d9cb8f6,Ubb545e2b35d0c477f7e69cfcb0b09eb5,2026-03-28 21:34:46,2026-03-28,search,line_app_search
532b4b2c-4bf5-4782-b177-0d5b5534d08d,U743849e63f8101ac616f8fd0ba84a167,U8c5d17ec0c3a834d073a56f791b4a03a,2026-03-01 03:28:28,2026-03-01,qr_code,business_card
b368824c-e2fb-4a62-9118-c87c708b545b,U743849e63f8101ac616f8fd0ba84a167,Uc36941f2b1f83274e81ac1a5a3e468ce,2025-12-05 06:10:04,2025-12-05,search,official_directory
5f14ceb3-b8bb-4ae0-abcc-42fd30d7909c,Ub0341314a5534ea92b26fa8adc30543f,U3b7d878fe977d03ab72c39ba82280110,2026-02-08 08:37:43,2026-02-08,search,official_directory
40e1d7d0-d63a-46d9-9c7f-4bf3b5a4192f,Ub0341314a5534ea92b26fa8adc30543f,U8518034ae0adab35af3879f8e2c02fd2,2025-11-15 18:07:01,2025-11-15,qr_code,business_card
7f1e06a9-3841-405c-b302-58c1614fe7b2,Ue7310890b01058478be93761a56d0aa0,f4604bf99d378985942af8f7d7620d48,2026-01-27 16:58:40,2026-01-27,qr_code,event_booth
fc0327c1-3c57-4853-8713-4c4a6461ee32,U3bae1603803a839c0cb52f511d9cb8f6,Ue5026e17a9a439714fe3f505dfe09f7a,2026-01-12 15:13:00,2026-01-12,link_share,messaging_app
21d444ba-c6cf-4a06-82ca-481e9b38733b,U476acbdef8e9a16d24575e4f6d7b0f31,Uad9200c28739233812009e5d332b39c8,2025-11-07 16:36:35,2025-11-07,ad,facebook_ads
646f58a8-8b8f-4561-9d3c-80a01beb18f5,Uc20f9c7e9b662bedec3cb78e127885c7,U05afc99656bccadc21a562f1cafadbd9,2026-01-11 08:25:20,2026-01-11,link_share,messaging_app
93076180-7a2a-4fac-b5e2-40621df339a5,U1ca413826b7044d134c9c3132420c9de,U34ed340a637c19eaeaf58d3538f9619f,2026-01-26 18:29:14,2026-01-26,ad,line_ads
5add4052-0cf2-40c1-ae31-409c2465d5e7,Ue9a1e8a5b83a6b296d43c957a8cfba4a,U3c7218f1b6da0182bb4e41449aa80347,2025-10-23 09:43:19,2025-10-23,search,line_app_search
1e0198a8-0a53-42a9-b6a6-5be6e7419160,U743849e63f8101ac616f8fd0ba84a167,U7d6364124d55328ea28f22f432e04a5c,2026-02-15 18:46:46,2026-02-15,search,official_directory
1e50b14c-dd1a-493e-98af-89c2c3163474,U3bae1603803a839c0cb52f511d9cb8f6,Ubc512a4cea0f1fbd860c221dc45a6202,2026-01-23 02:26:04,2026-01-24,qr_code,event_booth
bcedec96-a6d6-4460-bd78-5c9179bd57b0,U4784fc8a8e1e4eb2435ad84e0ad052f2,U6f1c218b5592141c42afb4fc7cdaec12,2026-02-20 10:30:48,2026-02-20,qr_code,event_booth
c16e44e7-d8be-4d46-829b-86e4916c1a5e,Ub0341314a5534ea92b26fa8adc30543f,U22185ab9f7766de7428c583818c79094,2026-04-03 00:11:41,2026-04-03,search,line_app_search
8ee1c418-9a35-4b3f-8806-f5881fe8bbe2,U227d1cd1a801c367de206ec4bbca7330,Uad6ce8c57430daf9aee7387be240847e,2026-02-09 10:53:53,2026-02-09,qr_code,event_booth
62e9880b-e69a-46d2-a9c2-b149cd0d05bd,Ub0341314a5534ea92b26fa8adc30543f,U85a9d3b2a30e66158d34d0ad8e579711,2026-03-03 19:34:49,2026-03-03,search,line_app_search
6bda150d-9884-4e58-bfee-b02dde4318e7,Ub0341314a5534ea92b26fa8adc30543f,U42b272d4902de9b4ccbf9ec5202b7ab5,2026-01-18 11:04:48,2026-01-18,qr_code,receipt
f8b2be3f-8133-4d6f-889a-2809a36940b2,U743849e63f8101ac616f8fd0ba84a167,U82746541180c93594ba5a6eb3d3eb0ec,2026-03-07 00:59:20,2026-03-07,search,line_app_search
b7c25a00-e351-48b1-825d-8d1070e2851c,U4f8b2d7d97720f7d61a0294f1c9c3877,Ufa9e7b4c9f7328f0c6ec1d3d0a2294d6,2026-02-23 15:22:54,2026-02-23,ad,line_ads
61249cd0-706d-41c0-892e-e79ae529128b,U227d1cd1a801c367de206ec4bbca7330,U9577a76221821e2628a8f0225b4ccd97,2026-01-29 05:50:55,2026-01-29,other,import_bulk
e0147b56-7795-4066-a95d-8b2ca341e81e,Ub0341314a5534ea92b26fa8adc30543f,U469ec978e711b7043909f883cd0c23da,2026-03-06 12:37:45,2026-03-06,qr_code,event_booth
42680b06-599c-42eb-8d54-da11d1c7c7c8,Ub0341314a5534ea92b26fa8adc30543f,U0e12215d2545757864fddbe7848fdadd,2026-01-30 03:47:25,2026-01-30,qr_code,receipt
fb5865e3-3f6b-4caf-94e1-5de9934b9449,U743849e63f8101ac616f8fd0ba84a167,U53df75f9261cdc8bcb24899e503a4a02,2026-02-08 11:44:57,2026-02-08,qr_code,poster
36702c78-f0d5-4c55-9826-2d6d9a02341e,U3bae1603803a839c0cb52f511d9cb8f6,Ub7c54d021acad0cc3f8e4e1673617b2e,2026-03-19 14:04:01,2026-03-19,qr_code,poster
ee557644-efa2-42fa-885b-1a26ade832c3,Ub0341314a5534ea92b26fa8adc30543f,Uba1dfdef0cfcbc2336bdcad9ab85b00b,2025-10-20 02:12:59,2025-10-20,other,import_bulk
dcd3cacb-2478-4720-91af-5afbb947f964,U3bae1603803a839c0cb52f511d9cb8f6,Udffdd0a80199fede821bb2b282adc253,2026-03-19 18:23:37,2026-03-19,search,line_app_search
fc5e5aa8-a6c9-4d74-923c-08950aa08b5f,U743849e63f8101ac616f8fd0ba84a167,3cfeb5e52ef830b2b5005a24a08dec2d,2026-03-04 13:59:42,2026-03-04,search,line_app_search
3424a31c-3704-4629-80d3-c0ffc6e2a69f,U4f8b2d7d97720f7d61a0294f1c9c3877,U96703b73e098035b36bf2994fa15c8d5,2026-02-25 09:53:58,2026-02-25,qr_code,business_card
3a7ac17e-001f-4931-a51b-246dada19582,U743849e63f8101ac616f8fd0ba84a167,Ud11284f0447852ef00532299cb6e61aa,2026-01-08 03:53:45,2026-01-08,ad,facebook_ads
77c34a92-b660-4cbd-8973-be14b57488e1,Ue9a1e8a5b83a6b296d43c957a8cfba4a,U1b79e78ee038981d5e93a5be8ab42bc2,2026-01-18 06:06:35,2026-01-18,qr_code,business_card
f469ac07-9b97-4ffd-912e-4598ac62dd6a,U4784fc8a8e1e4eb2435ad84e0ad052f2,U8c4652b52ea16fd816ced407c9196426,2025-11-01 07:12:51,2025-11-01,qr_code,poster
2eb6225e-b857-439f-8de0-57583567d091,U879eb903ad90cd9c2874f6df7651267a,Ue90aec68b0ec45b15f696f58306ec9de,2025-12-09 00:07:13,2025-12-09,qr_code,receipt
ed6b33af-3c4d-4f64-84cd-3e62ff2e6fff,U476acbdef8e9a16d24575e4f6d7b0f31,U1e64c34e6a90cc619bcbf369f365a8b3,2026-03-22 14:05:35,2026-03-22,qr_code,poster
6d1b3d53-a5e2-47e5-922f-b7c297f18c07,Ue7310890b01058478be93761a56d0aa0,U252e6ebd685b767fe0f23acee90352b6,2026-01-20 19:56:10,2026-01-20,search,line_app_search
4af4599d-468a-47b1-b943-7e3208fe6cfc,U3bae1603803a839c0cb52f511d9cb8f6,Ucd6ec67a438e3c43002381387ad7a9cc,2026-01-27 14:25:30,2026-01-27,link_share,sns_share
dc790e1f-9f48-42e8-957c-e552cb32ee9c,Uc20f9c7e9b662bedec3cb78e127885c7,Ue190fe859bec172a9f34c8fbfe0180ff,2026-03-25 23:37:28,2026-03-25,link_share,sns_share
ae3769e8-aca3-41cb-bdba-ca25cc590b58,U4784fc8a8e1e4eb2435ad84e0ad052f2,Ufebe16baef74941e5c1e99c5be0de6ed,2026-02-17 09:41:51,2026-02-17,qr_code,poster
a0ea77bc-d37e-40e2-9ac5-e5fc3647d896,U476acbdef8e9a16d24575e4f6d7b0f31,Ucc2b100de4f175b0cdbb7ccc649b5b77,2025-11-06 12:09:49,2025-11-06,qr_code,store_front
658a7122-201f-4bc0-b0bf-4976b1cbc5d7,U3bae1603803a839c0cb52f511d9cb8f6,Uefe391f26b43df82158bdbc81c6d1341,2025-10-23 01:05:55,2025-10-23,search,official_directory
20a89700-3431-41ab-bc63-55d3bc33f82c,Ue7310890b01058478be93761a56d0aa0,U95176d491bb35eb9dce7fa1a51e0ce15,2025-12-30 20:47:31,2025-12-30,link_share,email_share
848fe0be-7b89-4fce-9131-318cd8776730,Ub0341314a5534ea92b26fa8adc30543f,U53e37fd4b65c339f8c62b86ba4a57380,2026-01-01 15:18:21,2026-01-01,ad,line_ads
2498e1ad-c398-496c-a9b0-3b18d0df1f40,U3bae1603803a839c0cb52f511d9cb8f6,e88a9c6824e5f9bdc08f66a76c0f46be,2026-01-07 11:43:32,2026-01-07,search,line_app_search
6647331d-1786-430c-b806-3fc1c923a165,Ub0341314a5534ea92b26fa8adc30543f,U5d1bbf7beeb734754929147ec23ae97b,2025-12-13 08:20:51,2025-12-13,qr_code,store_front
6fc324cd-4f6a-4175-9ab6-5875aee88f18,U743849e63f8101ac616f8fd0ba84a167,U3474b0e761b1e1e11ee8197423601946,2026-02-13 07:23:42,2026-02-13,ad,facebook_ads
3403d9d2-2238-4399-b19b-6999837adb12,Ub0341314a5534ea92b26fa8adc30543f,Uf7f12da158ab09e12d0dafcd1fadb39c,2026-01-14 22:46:05,2026-01-14,ad,line_ads
c637de35-3add-4514-a812-7560add0f58a,Ub0341314a5534ea92b26fa8adc30543f,U49af4dedaf35cec657f2041d150c6812,2026-01-09 11:29:33,2026-01-09,ad,google_ads
490dcd55-4a2f-4ebe-a10c-3bf16cedbce5,U743849e63f8101ac616f8fd0ba84a167,U288223ec20a65cb961fbe920b6631933,2026-04-13 00:54:00,2026-04-13,link_share,email_share
2e5fa990-4ce7-4204-bd69-0e7096404b73,U3bae1603803a839c0cb52f511d9cb8f6,U32e5683806a2eaba49e06e92107d9506,2026-03-10 14:20:32,2026-03-10,search,official_directory
eb410831-10f3-4eea-bf7c-a39cd8492027,U743849e63f8101ac616f8fd0ba84a167,U1b88eaa9779f29c1ac7a47f2446a8a72,2026-03-09 23:46:26,2026-03-09,qr_code,poster
ba3e8310-91dd-4326-a8ad-4a3de59a7434,U743849e63f8101ac616f8fd0ba84a167,U7d14c5fe1c369fbcd9abc7742d5b241e,2025-12-24 07:56:53,2025-12-24,ad,yahoo_ads
f2dbebaf-cabd-42f5-adb6-4097ffbc0b9a,Ub0341314a5534ea92b26fa8adc30543f,U56d96355f2f619b76becc1d5209d69fd,2026-04-02 11:52:51,2026-04-02,other,import_bulk
f3ef0c2f-06ba-4c21-b5d4-55348d42d49a,U743849e63f8101ac616f8fd0ba84a167,U4574a2f1e913e9a1bae6c7acb6d6ed23,2025-10-23 02:33:28,2025-10-23,qr_code,event_booth
0fae0bd7-b7d4-403e-90ce-03962cbc4b6a,U3bae1603803a839c0cb52f511d9cb8f6,Ufe5c8c4601736f50d45515021cfc22c3,2026-03-31 04:41:07,2026-03-31,ad,facebook_ads
36b7fdc0-60f5-42ad-ab99-2e2b9dec4a18,Ub0341314a5534ea92b26fa8adc30543f,U71b0645dd8dbf589f3a1591d52aecffc,2026-02-18 04:44:56,2026-02-18,search,official_directory
0f8a8dc1-83d5-4125-ae42-35e0b2ffa22a,U4784fc8a8e1e4eb2435ad84e0ad052f2,3c3e5252d5b14c6bb3b90e2f47f30fa0,2010-12-02 00:00:00,2010-12-02,qr_code,poster
2045559e-79d7-4c12-82bc-8ba132e40257,Ue8d9224ecde331ce692edfce0b5ecdc4,U7810b2c63bc957d722bb24ae8ee3f37f,2026-03-06 03:31:50,2026-03-06,search,official_directory
15538e03-d92e-4d0c-9572-a57a75cb97c2,Ud7cd4c737b35e126236570d6cf0e97f4,U39f384a4fd7760e21f3e3cbc806fde39,2026-02-06 01:40:19,2026-02-06,qr_code,poster
d95b9405-63b7-4cf4-9716-33b0be563709,U837b70463a585f85743b5bfb3b49c9fd,U4c93404cb35a1c0efc01b72935f4d9a1,2026-01-09 08:08:10,2026-01-09,qr_code,poster
fd5168b7-5e19-4279-8e2c-53db43d82f8b,Ub0341314a5534ea92b26fa8adc30543f,U85ebbf545ccdbc8f967f29caded16cb8,2026-03-25 06:12:10,2026-03-25,search,line_app_search
db2852da-e06d-4d0f-891f-0b975314652a,Ud4a92c8c8050eed40ef171cc2784d638,Ua3698b3c15a2fe315ae779e1b2b4306a,2025-10-17 16:17:06,2025-10-17,qr_code,store_front
1a564983-0f6d-4d98-9aa6-41330cf4b75f,U743849e63f8101ac616f8fd0ba84a167,U8716a0e29356fbad43c7e883e7c069cf,2026-03-25 06:50:54,2026-03-25,qr_code,store_front
b121265c-fa87-4c10-83fe-0f3e8d15db52,U7e808d11d6f9901a954a542a7ee09918,Uba4d04738b994e704ce6a0633df03855,2025-12-31 01:04:56,2025-12-31,qr_code,business_card
b54fa4d4-66a7-4ef4-84b9-aebe0a2f3e78,U743849e63f8101ac616f8fd0ba84a167,U215b0480bc1e001d5c89604db2f935df,2025-12-16 09:45:40,2025-12-16,search,line_app_search
c3e66a63-6e4c-4c47-b271-d72b169e67de,U227d1cd1a801c367de206ec4bbca7330,Ud27032bdbba4b43c21576b47eac18115,2026-02-12 05:55:46,2026-02-12,ad,google_ads
bdded228-9c80-4240-9cf8-9de5882c550e,U743849e63f8101ac616f8fd0ba84a167,U9e2897b22ee038b8b213eeefcd8f7646,2026-01-17 18:39:55,2026-01-17,qr_code,business_card
91745dce-4653-48c2-814f-577346a87986,U1fadb6bf4c876b4dd1e37960d23c5eb4,U4f5c3f4fa1bd00489719ff25b6953016,2026-01-19 23:28:57,2026-01-19,qr_code,poster
ad940b12-38a7-4cc1-a5ab-954b67c9f0fd,U22a93bc29b1df104af6b1ba1cd91fc56,U57c7def24af8695da3e0f469a3df9d5a,2026-02-26 00:09:09,2026-02-26,ad,google_ads
76eea801-45b9-4351-8bf6-34f60757e161,U22a93bc29b1df104af6b1ba1cd91fc56,Uadc0659a8e0cd9c6556299b9995b73e9,2025-12-26 09:28:58,2025-12-26,search,official_directory
55033311-8994-4581-ae25-f66bdfba6240,U3e5dd3a641c58ad50e49f095c6f1e306,U5f02ddeb4728b3a421c05dc31ccf7cb5,2025-11-15 07:09:07,2025-11-15,link_share,messaging_app
2c40dbc0-f074-47de-b6b6-b15d46b9d7b0,U3e5dd3a641c58ad50e49f095c6f1e306,U0533dac0c04ba3dfae5fce737e27a6ad,2026-04-11 09:12:51,2026-04-11,link_share,messaging_app
638509e5-04b0-45e5-9a2b-f96570f0200c,U3bae1603803a839c0cb52f511d9cb8f6,U708e0214fd159b36eaa0dbc77e6a67f6,2026-03-15 08:00:45,2026-03-15,qr_code,receipt
ce08708d-83c8-4ca8-a4f5-d9f2aa7d71e7,U227d1cd1a801c367de206ec4bbca7330,U9e1e79db7641fc154353e7b33f9a8a6a,2026-04-04 06:39:03,2026-04-04,qr_code,event_booth
5e6eb9c5-1067-46a5-af28-90d2c09bc72c,U4784fc8a8e1e4eb2435ad84e0ad052f2,U08d3a47e66e35d9378961653d425cb4d,2025-10-21 16:21:50,2025-10-21,qr_code,receipt
8fb2af6f-b2c7-44bf-bd55-3d5fe8abd7b9,U3bae1603803a839c0cb52f511d9cb8f6,Ucf19e1c2975c29f0e292180027264c53,2025-11-19 09:20:40,2025-11-19,qr_code,poster
eb5b4000-d540-4bf1-995a-500d622306f9,Uc20f9c7e9b662bedec3cb78e127885c7,U5d048438598a15540fc3d4cb7d657247,2026-03-18 17:21:44,2026-03-19,link_share,sns_share
883a4e2b-9f86-4c2a-887b-a87ab4e2bc2c,U743849e63f8101ac616f8fd0ba84a167,U2416ed4de33195b9f61d9e294affc055,2026-02-21 15:47:51,2026-02-21,search,official_directory
62e0769c-2166-4bc8-b4a9-11a94b9c3f95,U3bae1603803a839c0cb52f511d9cb8f6,Uc14aca38160a4891965d339ec0263efc,2025-11-24 11:59:28,2025-11-24,search,line_app_search
92a3b4bc-f988-4388-a21a-f4bed69e637b,Ub0341314a5534ea92b26fa8adc30543f,Uc6659bcbdff8bc8322c11dc13a8ff03f,2025-12-16 08:13:13,2025-12-16,search,line_app_search
5e45a4ac-4731-454c-bf92-570a73a5b0af,U3bae1603803a839c0cb52f511d9cb8f6,U78c0252e6e884d851acde1c305cef59d,2025-11-15 07:58:19,2025-11-15,search,official_directory
58cbc8c2-8871-448b-b658-46d2cdadcad1,U4784fc8a8e1e4eb2435ad84e0ad052f2,U9e0edeeba305a2393729566ac1b53644,2026-02-22 05:05:51,2026-02-22,search,line_app_search
6c7bd721-5695-45a5-83a9-be2ed87aebdd,U4784fc8a8e1e4eb2435ad84e0ad052f2,U0314e47fbfb0cebf1dcacc2632f4733c,2026-03-12 08:28:53,2026-03-12,ad,google_ads
29b318bf-aeaa-4b7d-b5ac-43ac46345a67,U743849e63f8101ac616f8fd0ba84a167,15e11c9248f26e9eb7d5bd9cacc2b419,2026-02-15 08:37:02,2026-02-15,ad,google_ads
0140627c-b9bb-4b41-a989-93dc50f83bde,U476acbdef8e9a16d24575e4f6d7b0f31,Uc0690a5f03ff52bffe0e4b49c9047477,2026-03-01 00:44:27,2026-03-01,link_share,email_share
56dfb082-f1c9-4d61-ac7d-0da38f132c5a,U879eb903ad90cd9c2874f6df7651267a,Ud5e206be1c4bd58bc58dba56b8138049,2026-01-19 02:03:44,2026-01-19,link_share,sns_share
c2d1a4fc-f859-427b-a6f0-bc6ba9707374,Ub0341314a5534ea92b26fa8adc30543f,U6b55230a6440b85e3afb4b2bcb7d5f9e,2025-11-23 22:18:08,2025-11-23,ad,line_ads
479cdc91-ce22-47df-a492-c669d3da7e38,Ue7310890b01058478be93761a56d0aa0,U4d6336f92ec0a77cce0c8cc1827b0d50,2026-04-13 00:42:33,2026-04-13,link_share,email_share
7cc3e978-75f0-4c17-b0e5-4101eafecff2,U743849e63f8101ac616f8fd0ba84a167,Ucb46821191c0b475d658be061711b871,2026-03-07 04:15:16,2026-03-07,qr_code,poster
0f3d2750-0995-4e17-9cbf-409814a3c7f5,Ud4a92c8c8050eed40ef171cc2784d638,Ud17ef441825d46f733d44934da149a44,2025-11-30 04:19:26,2025-11-30,search,line_app_search
14c4bd37-1227-499e-a6f7-c4c3995968e4,U4784fc8a8e1e4eb2435ad84e0ad052f2,Ud280fe7bc2abb475c59bf48710919361,2025-11-26 06:46:45,2025-11-26,search,official_directory
2e53d72e-5b5b-4c61-bcee-eddf26447385,U4784fc8a8e1e4eb2435ad84e0ad052f2,U4452fec06ea527fc60f22394d5233279,2026-02-27 17:05:16,2026-02-27,qr_code,store_front
09769635-8b67-4b69-8b51-7a37bb57e1d7,U476acbdef8e9a16d24575e4f6d7b0f31,Ue13146323311d1be35475bb4fda50a72,2025-12-21 07:02:45,2025-12-21,search,official_directory
6845d504-3e23-45f1-a84d-e16c72810be2,Ub0341314a5534ea92b26fa8adc30543f,1cd57fceb9682fa0d24fe6cdb8c079aa,2026-01-24 16:59:08,2026-01-24,search,official_directory
f1f01626-be03-413f-977a-c2f4d013fe45,Ub0341314a5534ea92b26fa8adc30543f,U95a7efb89cd8b53ac63af9e8d60f94fe,2025-11-25 14:40:20,2025-11-25,link_share,email_share
ac46e5f3-d21a-4384-847a-877b9c619708,U4784fc8a8e1e4eb2435ad84e0ad052f2,U6440446c78d78045d6e89d9e010b5358,2026-01-27 09:41:44,2026-01-27,search,official_directory
9a76c8a2-fba6-424f-af3b-74c712bd00fe,U879eb903ad90cd9c2874f6df7651267a,db25ab318629f57c9eafbaed993c8e39,2025-10-24 00:04:45,2025-10-24,search,line_app_search
e91c7b3b-ba8b-4d42-9aa1-58c10ca0e9e6,U3bae1603803a839c0cb52f511d9cb8f6,U9cb550260f023a6aec612ac0931d0db5,2026-02-27 08:49:58,2026-02-27,qr_code,business_card
39e53a5a-346a-4d23-927b-4a12e9a16790,U4784fc8a8e1e4eb2435ad84e0ad052f2,U3f1da4b5dc90bff3ee93122b20ecfe49,2025-12-22 00:00:39,2025-12-22,link_share,email_share
a6d25570-40b2-43aa-8e2f-cee838f59cec,U743849e63f8101ac616f8fd0ba84a167,U23f7083cb07783a44d02f243558f24aa,2026-02-28 10:44:41,2026-02-28,qr_code,store_front
ac1fba10-42e2-4139-b03f-33766f02dfeb,Ub0341314a5534ea92b26fa8adc30543f,9b066f759a694446d8406ef3c6d5a7db,2026-01-11 06:10:47,2026-01-11,qr_code,store_front
2a5e212b-765b-4067-9255-1626609a10e5,U3bae1603803a839c0cb52f511d9cb8f6,Ufddc2e2eb24c27bfa1fc789c3c07b8b5,2025-11-20 11:41:56,2025-11-20,link_share,email_share
084045fe-0e5d-4edf-943a-2bece90163c7,U743849e63f8101ac616f8fd0ba84a167,U6884806246a8a108587b474c518b439c,2025-12-12 19:13:06,2025-12-12,search,line_app_search
e972cfe9-2688-47d4-96db-e60f57d75ead,U3bae1603803a839c0cb52f511d9cb8f6,6e8310e3c710215e8958769e37dcd7ce,2025-12-24 13:44:53,2025-12-24,search,line_app_search
2bcc6e24-7d4a-4adc-9f67-34a606c806a2,U3bae1603803a839c0cb52f511d9cb8f6,U120f341aa3fdde37a3ef2da7ed80bbfb,2026-02-10 01:09:06,2026-02-10,search,official_directory
4bb0801e-2354-4dbd-9091-37cf2f3a69b7,U3bae1603803a839c0cb52f511d9cb8f6,U733a0ca69cdcc54dc20854119fd69c0a,2025-11-12 21:24:33,2025-11-12,qr_code,poster
75872a57-9397-47e6-b761-803e49076386,U743849e63f8101ac616f8fd0ba84a167,U2eaad96751ab5302f5390dc63684b710,2026-03-24 07:14:34,2026-03-24,qr_code,event_booth
58425491-992d-4e17-a7b1-ba23283af3b2,U4784fc8a8e1e4eb2435ad84e0ad052f2,U582803bd5a7a2e82ca826ec448f92ba2,2025-11-07 14:30:18,2025-11-07,qr_code,store_front
8c9ae0ba-7c98-4821-bb29-b1d4c7285e81,U3bae1603803a839c0cb52f511d9cb8f6,Uc30e258738d4070dee592effe6463148,2025-12-29 11:23:05,2025-12-29,ad,google_ads
72405783-1721-43b2-a6ec-1478e95032fb,Ub0341314a5534ea92b26fa8adc30543f,U35fd940fcb1d2f5a10065af2a0044849,2025-11-19 19:45:29,2025-11-19,qr_code,store_front
87045c63-b215-44c6-97f4-f9a44ab11e29,U3bae1603803a839c0cb52f511d9cb8f6,U34cf686507ecc9143c857a1a638e51c7,2026-02-02 07:41:18,2026-02-02,search,line_app_search
e21f3964-b537-45fd-b73c-1315131be46f,U743849e63f8101ac616f8fd0ba84a167,U7851d606eaff1088a32b0c4b9bf012bb,2025-11-29 07:06:31,2025-11-29,search,line_app_search
13a19611-72a1-4575-86ca-c24902ce0c3c,Ue8d9224ecde331ce692edfce0b5ecdc4,U48f3f2c1217ccb1b2991e3919e98308f,2026-03-07 08:16:10,2026-03-07,search,line_app_search
21caf165-77c8-42ef-9425-edf0dee2f6c8,U4784fc8a8e1e4eb2435ad84e0ad052f2,U58c21e3b3a2600e118520c5441dcee08,2025-10-19 11:52:55,2025-10-19,qr_code,business_card
859dee35-5163-42e3-8e7e-5b33f68c4127,U3bae1603803a839c0cb52f511d9cb8f6,U89c3938092917c5d1b18dd72521a797b,2025-11-13 02:19:39,2025-11-13,link_share,email_share
deba69a7-58f8-4ace-9e3a-8868044762b1,Ud7cd4c737b35e126236570d6cf0e97f4,U39fe108db6b28b21666a95f1933aea5a,2026-01-01 13:56:54,2026-01-01,search,line_app_search
06079a10-669d-4f7d-8805-4b3ed0f9ffe9,U227d1cd1a801c367de206ec4bbca7330,Ue40bb90b15a95edbaf8b3e635def6e47,2025-10-24 16:30:59,2025-10-24,qr_code,business_card
e3afc9b6-0e95-409d-ab4a-a3bd8fdd23f4,U22a93bc29b1df104af6b1ba1cd91fc56,U45c3d8d7c176420b955b2f52508d85d5,2026-03-25 16:35:45,2026-03-25,qr_code,receipt
30aeac98-ebfc-47fb-90b2-82758b299b00,U743849e63f8101ac616f8fd0ba84a167,U35b9b5bf99b5e736541ce7ec3e28efee,2025-11-27 00:00:02,2025-11-27,qr_code,event_booth
b588f5de-23ec-4d23-814f-c5639ffecce1,U3bae1603803a839c0cb52f511d9cb8f6,U799a24aa123d40eab0494d2c6734e59d,2026-01-23 15:12:46,2026-01-23,search,line_app_search
28b8959e-adbd-4ca9-b88d-1ae458b1f5e4,U3bae1603803a839c0cb52f511d9cb8f6,U81c741747700c6aecbdb45db27f2e91a,2025-11-16 03:47:01,2025-11-16,other,import_bulk
c55db6e4-1048-4e44-bb0f-c8aab2921add,U3bae1603803a839c0cb52f511d9cb8f6,U5d51c841ecf6aa1d42fce47cf9d5889f,2025-12-25 12:40:45,2025-12-25,search,line_app_search
742a7e68-8c88-4064-9e80-b64d240564c1,U3bae1603803a839c0cb52f511d9cb8f6,U9b2952ad379c822f8c105120f4655c2f,2026-03-31 03:53:43,2026-03-31,search,line_app_search
6f1ddf01-1e95-41fe-ad71-4aa42babb7d0,U3bae1603803a839c0cb52f511d9cb8f6,d6e2fc948ed3375192bcc22db95286d7,2025-12-11 10:13:24,2025-12-11,search,official_directory
fc73d7e1-88d4-4c74-a679-3aa3a335b4ba,U743849e63f8101ac616f8fd0ba84a167,70808de5f4153b884ea41a3e08018ec1,2026-01-11 15:24:54,2026-01-11,qr_code,store_front
c726062b-0051-45e9-95b4-efc6e06c5b47,U743849e63f8101ac616f8fd0ba84a167,Ucb123a008fa2cb0f09860a8075cb0a76,2026-03-08 08:02:10,2026-03-08,qr_code,receipt
d78db0dd-d61f-446a-9e66-760e87652946,U3bae1603803a839c0cb52f511d9cb8f6,U361f638e7201db9c5621376384f9ffb3,2025-11-22 18:19:23,2025-11-22,ad,line_ads
fe45de21-07cd-4584-8866-30efa07692cf,U743849e63f8101ac616f8fd0ba84a167,U452df0d8a912de89cf0478e13367450f,2025-11-04 08:51:54,2025-11-04,qr_code,poster
6db9bc67-0330-46a3-8677-a6d49bdb6588,U743849e63f8101ac616f8fd0ba84a167,Ua0c94716f8fd402145046fe50c226534,2026-02-10 12:41:00,2026-02-10,ad,facebook_ads
c65f3415-8661-4545-ac18-2403e2c90ca3,U743849e63f8101ac616f8fd0ba84a167,U6502f9bfef9e5e9232a18fb0542388e3,2026-03-12 23:00:35,2026-03-12,search,line_app_search
ddf9f0d8-5011-4110-8e1b-ae14693d28a2,Ue7310890b01058478be93761a56d0aa0,U4cc8f941bdb33bc89868f048d214476f,2025-12-08 15:51:42,2025-12-08,ad,line_ads
498a904f-f7db-46e0-bb46-a558fe2e1023,U3bae1603803a839c0cb52f511d9cb8f6,U1d9ea7be8421507e3b0b2b3e7770ddbd,2026-02-07 18:04:38,2026-02-07,other,import_bulk
f41cf653-3ba9-4ddf-8e72-ec4e053c0bb1,Ue9a1e8a5b83a6b296d43c957a8cfba4a,Uff71b7e2b8cdf4514cc9cf1c877c0248,2025-11-21 12:06:26,2025-11-21,search,official_directory
5a503890-7fd1-4867-a4dd-7149d9cdf026,Ub0341314a5534ea92b26fa8adc30543f,bd9773979592c734c0b57880bb43cb40,2025-11-10 00:59:02,2025-11-10,search,line_app_search
49fce7ae-7ac6-4d54-b3d4-18f29915ce7b,U743849e63f8101ac616f8fd0ba84a167,U1244d56578b01541672d71a76ca59b68,2025-10-20 17:16:53,2025-10-21,qr_code,receipt
b75841e9-4fa1-475b-92dc-a371d0ab3c1b,Ub0341314a5534ea92b26fa8adc30543f,Ud8af8d6c795d5e674a8e0d5757310e4b,2026-01-09 06:20:35,2026-01-09,qr_code,receipt
60fdb800-23a6-48a6-a6b1-cedaa62e7efd,Ue7310890b01058478be93761a56d0aa0,ccd57890d81c227d66a602a188c8f361,2026-03-18 17:49:39,2026-03-18,search,line_app_search
b5f742db-bde3-4753-bf74-b9071e45b481,Ub0341314a5534ea92b26fa8adc30543f,U81adf57ee51ead1fd2fefa021156cb1e,2025-11-10 19:33:00,2025-11-10,qr_code,store_front
16d82ba5-7f2a-4d3a-9808-d7dbcd8637d6,U7e808d11d6f9901a954a542a7ee09918,U800c9c5a8623515cc67a9fc164142b43,2025-12-21 16:19:31,2025-12-21,qr_code,receipt
ea41a795-f863-4e9d-a64c-02a01390e572,U743849e63f8101ac616f8fd0ba84a167,Ub8cde11866622121823ffceff1bb5e04,2026-02-24 04:05:42,2026-02-24,link_share,messaging_app
403d0b90-741c-403e-b4b8-2ef48b2c3b10,U227d1cd1a801c367de206ec4bbca7330,U183404e2d167976a495c7202fbca0bde,2025-12-24 08:22:10,2025-12-24,qr_code,store_front
b77405da-9f67-48da-9314-11b4ba1b288e,Ue8d9224ecde331ce692edfce0b5ecdc4,U370880f2d59e3fe10b2f0861cc34f2b1,2026-01-20 17:30:15,2026-01-20,link_share,messaging_app
e6d66e74-4d07-4440-9ede-14e3d1c48552,Ub0341314a5534ea92b26fa8adc30543f,U0a33aaa179d9be04df2eafd3bb499010,2026-01-27 20:29:40,2026-01-27,link_share,messaging_app
fd8fb94a-83a5-48e6-8f1e-c4413e447804,U743849e63f8101ac616f8fd0ba84a167,Ue3cf7363f1f50cc3410a52e30ce6cf81,2025-11-29 19:27:40,2025-11-29,link_share,messaging_app
7582412e-4ea4-4c79-abc3-1bb3c1193395,Ud7cd4c737b35e126236570d6cf0e97f4,U9f4b32a585f13ab2f64f45b3428ea9ae,2026-03-02 02:59:07,2026-03-02,qr_code,business_card
eb37ee5a-9606-4399-90f7-0449e0d80e9c,Ue7310890b01058478be93761a56d0aa0,Ua1234c052c72568d6d9e0628a9799916,2026-02-21 00:38:19,2026-02-21,ad,google_ads
738ee60c-04f3-4596-8bd2-8d56dc67a014,U4784fc8a8e1e4eb2435ad84e0ad052f2,Ud480422b6e02052fe3f38595d06061a7,2026-01-30 22:25:43,2026-01-30,ad,yahoo_ads
967ec080-8bce-4338-9c97-950dd42eca17,U743849e63f8101ac616f8fd0ba84a167,U334b17a91ae6ea69a4e85a47339434ad,2026-01-14 18:58:44,2026-01-14,link_share,email_share
851cf422-ad08-4418-b11c-1fc6b015eab8,U4784fc8a8e1e4eb2435ad84e0ad052f2,U42bbaf17f32927533104461ce8629e2e,2025-12-06 22:27:15,2025-12-06,ad,facebook_ads
460aed8f-ef1a-4903-9e19-08aa64628c5b,Ud7cd4c737b35e126236570d6cf0e97f4,U40c2712f3c31a28ad9e1ff129c7f7170,2025-11-25 11:35:58,2025-11-25,search,line_app_search
1c5f63c1-8f1d-4cc0-ad73-2dbbdcd66820,U743849e63f8101ac616f8fd0ba84a167,Ubf4fabe09bd4821721ed4fbbf39ca7af,2025-12-08 14:14:05,2025-12-08,search,official_directory
f6eee50a-fa0a-44ab-810a-d90e3c6dd3af,U4784fc8a8e1e4eb2435ad84e0ad052f2,U64bfae60200b7ef31e23b97cb0294db1,2026-01-04 05:07:36,2026-01-04,qr_code,receipt
d5bb42f3-d596-4873-a94a-60720b07de80,U743849e63f8101ac616f8fd0ba84a167,Ub92a2e99f689a8e3a6c25ba38eb51332,2025-12-17 03:59:56,2025-12-17,qr_code,store_front
c07bc21d-df4b-4ac9-a205-740b2bcdb0c7,Ub0341314a5534ea92b26fa8adc30543f,Ube25f17b7a6dc6eb2288bc356bfa5b61,2026-04-04 09:08:26,2026-04-04,qr_code,poster
41727194-04b1-41e8-80d0-10f561ec88f9,U743849e63f8101ac616f8fd0ba84a167,U6530c541fa1185e46ca63434653a77c7,2026-01-06 01:11:02,2026-01-06,search,official_directory
2ded6746-1e7c-40d2-bad3-4309404cf134,U227d1cd1a801c367de206ec4bbca7330,U345e4f5f5ad4c924fa454fb33b687234,2025-12-28 01:47:44,2025-12-28,qr_code,poster
f9e6ed44-42bc-4e7d-9c41-398497cde69f,Ub0341314a5534ea92b26fa8adc30543f,U826bbae772fb83ef0a6015361648e635,2026-01-18 09:10:44,2026-01-18,search,line_app_search
1809fa52-b68f-4a05-b9dc-b717b43b7762,U4f8b2d7d97720f7d61a0294f1c9c3877,Uc0a8ace7b00f68568540a4ac817edc46,2026-04-03 18:18:54,2026-04-03,qr_code,store_front
8b7c065d-32e7-403c-8747-0fdff5bb051a,Ue8d9224ecde331ce692edfce0b5ecdc4,Ue30d2958e6aef3746022c11e5a2a1c88,2026-01-10 03:18:10,2026-01-10,search,official_directory
e58b3599-1032-40f1-923a-1a308988bb51,U3bae1603803a839c0cb52f511d9cb8f6,U03243d46d14296525cf30a73e17ec099,2026-01-11 07:14:15,2026-01-11,search,line_app_search
cd67abd7-725c-48bd-86e6-084bedd8481a,U743849e63f8101ac616f8fd0ba84a167,U1e9685669c60ef8ee497dd016e862942,2026-01-06 01:38:07,2026-01-06,link_share,email_share
50e3400f-3848-4844-8d81-584319a169be,U743849e63f8101ac616f8fd0ba84a167,Udb66bdf141dc3a1795e4f730807fd698,2025-11-19 11:20:40,2025-11-19,qr_code,receipt
5462147b-e323-4311-ae74-5ced22512f93,U743849e63f8101ac616f8fd0ba84a167,U37a2b027a0736e60101a1eabf5b2f910,2026-02-14 06:38:50,2026-02-14,search,official_directory
ddfdcb8a-e679-4fd6-9516-16dd454a195e,Ub0341314a5534ea92b26fa8adc30543f,U8e6cfaba33e4b6daf5f66ec59f6c42b8,2026-01-18 17:51:54,2026-01-18,qr_code,business_card
89f8b5b4-cf01-4e37-8a10-0574e21164fb,Ub0341314a5534ea92b26fa8adc30543f,U95832dd2e257fb7ff1a61300bdcdc993,2026-03-17 09:50:26,2026-03-17,search,official_directory
ea43bbe0-7cb4-4a53-a977-76cb2036e33d,Ud7cd4c737b35e126236570d6cf0e97f4,5b8ab7c845187bdb4b228f7cb68965bf,2030-08-01 00:00:00,2030-08-01,search,line_app_search
f8bc1f84-c96f-4332-867c-3b0823d1a1e0,U3bae1603803a839c0cb52f511d9cb8f6,U4f34bc6649fd649db06cfc5509093944,2026-01-28 09:22:59,2026-01-28,qr_code,receipt
cb39622c-ee59-4f03-bfca-48ef12529b07,Ub0341314a5534ea92b26fa8adc30543f,U935352bdfed10693cc67ec572b54d2bb,2026-04-09 18:47:51,2026-04-09,search,line_app_search
da5c6c2a-19ba-4297-bef4-6794e4e7d161,Ub0341314a5534ea92b26fa8adc30543f,U8ab362460e5fbc3006ba2a8e9c815584,2026-03-29 22:12:23,2026-03-29,qr_code,receipt
3fb62aa6-b36f-4c73-afc8-7162cde39136,U3bae1603803a839c0cb52f511d9cb8f6,Udb1bf3a0c16dfc0ee77626894422b80f,2026-04-10 17:15:49,2026-04-10,qr_code,poster
9193ad74-580f-4cff-afa4-38226caa3ea3,U3bae1603803a839c0cb52f511d9cb8f6,U41e0dc4520c45bb0ea05af270d7b35c7,2026-03-19 19:50:15,2026-03-19,link_share,messaging_app
61cf5741-8e55-40a1-ad19-6bc77ab1ab48,U3bae1603803a839c0cb52f511d9cb8f6,Ueaf7bec78b65e77d21dd9944168291e6,2026-01-15 15:29:12,2026-01-15,link_share,email_share
f95c48ee-dc8d-4f25-98a9-78d2a102e401,Ub0341314a5534ea92b26fa8adc30543f,U768d8e5afcd2a9f28d39e38672490ee0,2025-10-31 07:19:12,2025-10-31,search,official_directory
2df08582-1526-47c9-a58a-9a9f30bbd312,Ub0341314a5534ea92b26fa8adc30543f,U67260886155ed8dd26dacd0d806ef776,2025-11-21 12:47:57,2025-11-21,search,official_directory
64b1f7e7-d054-4fc3-8319-4e3281a4e4d5,U22a93bc29b1df104af6b1ba1cd91fc56,Ue9d8ce91058f6e0b271729738e1a9353,2025-12-01 07:54:49,2025-12-01,search,line_app_search
defe33a3-6f2d-4f4c-928d-1ff0e0a574c3,U743849e63f8101ac616f8fd0ba84a167,U7ba0e492fa5af68bbf9c31049b6b0920,2026-01-09 11:36:44,2026-01-09,search,line_app_search
54c8760b-ca5b-435a-b4c5-26d009506bb7,U4f8b2d7d97720f7d61a0294f1c9c3877,U4a3973627bfa6f9ae61c9ef163ee5cbd,2025-11-09 23:06:52,2025-11-09,link_share,email_share
11fd4b6d-1e60-482f-8687-5f97cf36faf2,U4784fc8a8e1e4eb2435ad84e0ad052f2,Uef17114164e128d197c2f4676c6847d1,2026-01-18 06:18:19,2026-01-18,search,line_app_search
97476f59-fa71-4096-9024-4ef6df890831,U4784fc8a8e1e4eb2435ad84e0ad052f2,Uc0db348048b3cc3c98534829d048ef19,2026-02-23 06:08:23,2026-02-23,search,line_app_search
87a2f46e-fffd-43fa-beb4-abbfb78a9573,Ub0341314a5534ea92b26fa8adc30543f,Ub428bca68b6ce880d14fa5819edef93d,2026-03-07 09:25:36,2026-03-07,search,official_directory
ef4b74fe-4d3b-4fdc-b1b8-42bf5175ba18,Ue9a1e8a5b83a6b296d43c957a8cfba4a,U30ba5a3498655a3c77a95f3bbc3bdff0,2025-11-06 13:36:38,2025-11-06,qr_code,receipt
f14d02a7-643a-4ee5-a09c-b9d99111ec4b,Ub0341314a5534ea92b26fa8adc30543f,Ud7689fe50c75d7c3f0751ebdf8f42905,2025-11-13 14:06:41,2025-11-13,qr_code,event_booth
39f5f30c-9c8f-4785-ac96-3ae9d5a03e69,Ub0341314a5534ea92b26fa8adc30543f,U17e523cd49267419e1a90eb726915cb3,2025-10-23 00:53:21,2025-10-23,link_share,email_share
40bd0f10-e699-4aef-8c56-ac363c0f6bf5,U743849e63f8101ac616f8fd0ba84a167,Uca38b26c9704ac4184b305deccc18731,2025-12-11 01:18:21,2025-12-11,search,line_app_search
5e61a3e9-6bf9-468f-a1af-9832c80f17ad,Ub0341314a5534ea92b26fa8adc30543f,U18837b5e90e31c3f3a1adfbca6c204e6,2026-01-18 17:31:32,2026-01-19,search,official_directory
d5879af6-ff00-487e-b2e0-e181db3eba0c,U22a93bc29b1df104af6b1ba1cd91fc56,U6adc52dbdd01fd62941d351fe50ddba8,2025-12-20 02:17:11,2025-12-20,other,unknown
d32267e8-bec2-4ba8-9e85-059000a0b20c,U227d1cd1a801c367de206ec4bbca7330,U450fbb7c4f1c6e734d391c281a737f87,2025-12-21 05:09:23,2025-12-21,qr_code,event_booth
daa85d25-93dd-4084-b436-9e2eee614424,Ub0341314a5534ea92b26fa8adc30543f,5ca6fe59f61cf363a4d692cf6b4dee15,2025-11-25 21:09:52,2025-11-25,qr_code,poster
d55b1ba7-a3ba-4e49-b2e2-3ab4b93a27d4,U743849e63f8101ac616f8fd0ba84a167,Ue68f1144d19c299aedc88f85b258a5d0,2026-02-18 15:24:10,2026-02-18,qr_code,store_front
a033ba49-da45-419c-b72a-3c8817e76e8b,U3bae1603803a839c0cb52f511d9cb8f6,Ubc2ffcc631b17b5690c5ff17a6b1ee13,2026-01-14 23:57:14,2026-01-14,qr_code,business_card
1b7394fb-d163-40ac-aa86-7aafbc3bb949,Ud7cd4c737b35e126236570d6cf0e97f4,Udd11fbed1ccd97029838d914cb424f28,2025-11-17 07:43:16,2025-11-17,search,line_app_search
e6db256c-a039-437b-96bc-d045e17b1f6a,U743849e63f8101ac616f8fd0ba84a167,U615cc3ed2858cbe0c9071ff53eed0994,2026-02-01 14:57:17,2026-02-01,search,official_directory
da974927-d3b6-4fc8-8bf6-3fc8e3d7b749,Ub0341314a5534ea92b26fa8adc30543f,Uab5701a6f602ec484f41825ce84d3a27,2026-01-06 00:25:51,2026-01-06,search,official_directory
3f8e2d3f-d544-43af-897a-fb7099582dbc,U7e808d11d6f9901a954a542a7ee09918,Uaeb43c65be93658a2049ea8b74c52851,2026-01-30 17:53:19,2026-01-30,qr_code,event_booth
f12735fa-3a5e-4b06-b116-cf89194e8182,Ub0341314a5534ea92b26fa8adc30543f,U1bf0af6060b6c82d5864d570b948736d,2025-12-07 23:34:24,2025-12-07,link_share,email_share
2c39bf66-ded5-484b-9d67-ded163567b84,Ud4a92c8c8050eed40ef171cc2784d638,28e314ba866e5858d535984abff1ea9d,2026-03-06 01:36:14,2026-03-06,ad,yahoo_ads
8e8788a1-6a86-43c6-9881-5b224f970905,U4784fc8a8e1e4eb2435ad84e0ad052f2,Ub037fc93d46820e34a785abaae8b6a8f,2026-03-28 20:23:19,2026-03-28,ad,line_ads
43b3d6b5-a358-49a1-83e1-42e9bb1b1d0d,U743849e63f8101ac616f8fd0ba84a167,bfaf0d7756bd11b83c756cc4c6bcf455,2026-02-26 20:17:19,2026-02-26,qr_code,business_card
0b3601d8-55aa-4213-a370-51fe6e7a3da9,U3bae1603803a839c0cb52f511d9cb8f6,Uaaee6d0022e331d4ac4d888ef7c20578,2025-11-21 15:51:06,2025-11-21,search,line_app_search
6e2a0140-d22f-4bf8-ab3b-28da5bb5ed92,U3bae1603803a839c0cb52f511d9cb8f6,U0705b1aa605097b563bd643916096a9d,2025-11-21 14:45:41,2025-11-22,search,line_app_search
132eb4ba-df50-442e-bdf3-23113bf1ca5e,U743849e63f8101ac616f8fd0ba84a167,U98fa177102fdb35211f380efb46b1e54,2025-11-12 10:25:24,2025-11-12,search,official_directory
d65609f9-0da4-40f5-9d93-7a5de7503dfd,U837b70463a585f85743b5bfb3b49c9fd,Uc93dde61ce27abbd192d2c270edaa89d,2025-10-20 17:14:55,2025-10-20,qr_code,receipt
78494647-1144-4865-9d4e-2c567cf9247e,Ue8d9224ecde331ce692edfce0b5ecdc4,U45e6110c27f5f6aa1a49eb79d2d64151,2026-04-14 20:25:51,2026-04-14,qr_code,event_booth
a30030f6-5700-4810-a79c-b3b96860d9b8,U743849e63f8101ac616f8fd0ba84a167,U935a7d89071e77599f35a9b0d759605f,2025-12-15 23:19:32,2025-12-15,qr_code,receipt
53d97f0b-669d-4714-912e-546b9ea9d9d0,Ub0341314a5534ea92b26fa8adc30543f,U096561e36e79ead6dbcbcad56a69fd12,2026-03-27 21:58:44,2026-03-27,ad,facebook_ads
2abaaedd-ea24-48fb-a4bd-05ca89b711da,U743849e63f8101ac616f8fd0ba84a167,Ud0e9d4367898f53426e44155c8959b1e,2026-02-02 14:31:19,2026-02-03,search,official_directory
679cb78d-f473-4e26-ba02-a6f00ec1af89,U743849e63f8101ac616f8fd0ba84a167,U5cb01c89e00b4e270f50a612522dde20,2025-11-13 16:31:16,2025-11-13,qr_code,store_front
53b2eff2-128e-42ba-b4c9-8825e013b558,U3bae1603803a839c0cb52f511d9cb8f6,U1f14cc49c6a16aa1177cc94c9bc41f74,2026-03-16 23:59:58,2026-03-16,qr_code,event_booth
59aa79cc-30d6-4190-b642-7e988951c4f7,U22a93bc29b1df104af6b1ba1cd91fc56,U9c146cc464675173122fdea853df83c7,2026-01-02 13:02:59,2026-01-02,search,official_directory
9b9ac660-1627-4782-84bb-19de380b1e07,Ub0341314a5534ea92b26fa8adc30543f,Uf2f42e9efd9fa561cce29eb67e43fb76,2025-11-14 08:16:11,2025-11-14,qr_code,poster
b33db030-6cfe-47e6-9841-8042c76aab5c,U3bae1603803a839c0cb52f511d9cb8f6,U4b5922fc3c024ca2eb064d93c8684d52,2025-12-21 20:38:37,2025-12-21,search,line_app_search
fcd53433-79f0-48d0-93df-887494323943,U743849e63f8101ac616f8fd0ba84a167,U9f8060255d3ce895bf18be6f5f74f54d,2025-11-22 13:51:13,2025-11-22,qr_code,poster
345f12b2-075b-4175-aa05-8abef2ba63d5,U4f8b2d7d97720f7d61a0294f1c9c3877,U722aa5a0d89a05ef163256346ff0dbf7,2026-04-06 22:34:10,2026-04-06,qr_code,poster
449b8f25-dd11-4644-82ad-c97d14817410,Ue7310890b01058478be93761a56d0aa0,Udec0fbea2a742075f0ecdce0dc2d942a,2026-03-21 07:26:02,2026-03-21,search,official_directory
3d7b1418-87c3-4bb6-95db-896ae79e5c3d,U743849e63f8101ac616f8fd0ba84a167,U978be705e86e408172d92c0852689948,2026-03-12 19:17:05,2026-03-12,qr_code,store_front
d7d95009-aa5d-47b3-933b-2e0fefed8208,Ud4a92c8c8050eed40ef171cc2784d638,U0fe56e73d7dee465cdea4062669f086c,2025-12-12 20:56:05,2025-12-12,other,import_bulk
02ae610b-66db-4249-92b0-a7237832b9d9,Ub0341314a5534ea92b26fa8adc30543f,Ud705567826a2fbc08f99db812d67e0b0,2026-01-18 13:29:05,2026-01-18,link_share,email_share
1b53b732-cbf3-4621-b8b4-fe4ccdf19565,Uc20f9c7e9b662bedec3cb78e127885c7,U4681405c24b87132e4c1dd813810928d,2026-01-03 12:11:37,2026-01-03,ad,google_ads
b3c755d9-ff9d-4065-9c7b-d9373048993b,U3bae1603803a839c0cb52f511d9cb8f6,Ua3d9671d6141ab328dcc711eb49cd3d8,2025-11-26 19:21:11,2025-11-26,search,official_directory
da84e1b1-cf24-4231-afbd-80e44e76fa07,Ub0341314a5534ea92b26fa8adc30543f,U16bd065aefed4bc3e72370790b8bce1c,2026-03-05 23:29:28,2026-03-05,search,official_directory
d70dffc8-90b6-484f-a91d-445935f7161a,U743849e63f8101ac616f8fd0ba84a167,U304b6876fb8a72c9d6044d6acd4e3721,2025-11-05 19:32:36,2025-11-05,ad,yahoo_ads
dba7ee0a-72c3-4bc5-ac07-9e85bd2b351a,Ud4a92c8c8050eed40ef171cc2784d638,Ubf597a5716f61ea8e78ca4a95b4c5296,2026-01-21 09:06:42,2026-01-21,ad,line_ads
598607cf-78b9-4169-82a2-5ceb6a7c70f9,U4784fc8a8e1e4eb2435ad84e0ad052f2,U75eac7b7682255e650a5ad9f9434b7fd,2025-12-26 16:57:24,2025-12-26,search,official_directory
849ab0bc-b292-4587-82ba-299f67b450f5,Ub0341314a5534ea92b26fa8adc30543f,U0e20fb2d5769b2a43416f3d19bfd545a,2026-01-04 19:19:18,2026-01-04,qr_code,event_booth
fa1ac656-e34c-4dff-a759-1a37a29690d2,Ud4a92c8c8050eed40ef171cc2784d638,U0399e4f5fceccae9555a3d01456a4442,2026-02-20 20:55:09,2026-02-20,ad,line_ads
562ae996-89ba-4d39-9ba6-9be5970a10a9,U743849e63f8101ac616f8fd0ba84a167,5edd851e454bf8c86f44d236fdaadc3e,2026-03-12 16:27:20,2026-03-12,search,official_directory
98fdc078-87ad-4a91-818d-12d912c571d5,U3bae1603803a839c0cb52f511d9cb8f6,Uef0584edffa4819b7e0d313cedfe2cff,2025-12-27 23:26:32,2025-12-27,qr_code,business_card
fd26a057-7dd1-4746-bde4-305ef3b2d4a9,Ub0341314a5534ea92b26fa8adc30543f,U875b9685b13b6e1f410e116456613b11,2026-04-11 14:03:24,2026-04-11,search,official_directory
2fd18635-befd-4fbf-8b6b-06937ae06df4,U743849e63f8101ac616f8fd0ba84a167,U46b418a31c005e17e6565798d1b6a897,2026-01-16 17:13:54,2026-01-16,ad,google_ads
93fa3976-6e7d-4ef1-a2af-f6a899a8f740,U1ca413826b7044d134c9c3132420c9de,e0dafc6ee4ee737ebc752d03f5a7277c,2026-03-24 11:13:42,2026-03-24,qr_code,event_booth
36389c65-18c2-4b9a-b9dc-f644cfbd6856,U3bae1603803a839c0cb52f511d9cb8f6,U8751f3bf49ab3a19df8a1eeb7d9293eb,2025-11-20 00:18:27,2025-11-20,ad,yahoo_ads
f9e15a83-3dea-4800-b944-e15ace7d304f,Ub0341314a5534ea92b26fa8adc30543f,3791f5afbdfd57dc7cf31e3a7c6e90cd,2026-03-29 09:51:32,2026-03-29,search,official_directory
0ba38b19-c242-468a-bb36-6bedba0c0465,U3bae1603803a839c0cb52f511d9cb8f6,c36e44036fa0858a0eea880ad5fa8d3a,2026-02-09 06:31:51,2026-02-09,search,line_app_search
2c7a973f-a760-46df-99eb-119b9f767179,U3bae1603803a839c0cb52f511d9cb8f6,U91d313fa17f08cd10e0f8be48325ef23,2025-11-12 02:16:21,2025-11-12,link_share,sns_share
162ba53b-c611-46b0-a304-835f7cf60155,U7e808d11d6f9901a954a542a7ee09918,Ufa69ce9f39c7368f7ee0d943d602d9cb,2025-11-24 12:00:41,2025-11-24,qr_code,receipt
a58a2cfb-35ec-4872-aef1-ea48653b8ab6,U7e808d11d6f9901a954a542a7ee09918,U6b1017b7039bf4e56bf0555540f075b5,2026-03-13 01:17:25,2026-03-13,ad,yahoo_ads
b6b76e99-5cc1-4d3d-8f70-d39e4f64eeb5,U3bae1603803a839c0cb52f511d9cb8f6,U3e69e1d29f26a3455dadba811bb64626,2025-11-11 03:48:32,2025-11-11,qr_code,business_card
c533d03f-cf3e-4b16-83b1-caa0e975196a,Ue8d9224ecde331ce692edfce0b5ecdc4,U7ffce34709f281b86cbd9c6269795a54,2026-02-19 21:20:45,2026-02-19,qr_code,event_booth
4d422432-2d95-41c6-a32f-3b95ab9d8b6b,Ud4a92c8c8050eed40ef171cc2784d638,0d2baf3663d52b07bb631f8687055113,2026-03-04 03:28:33,2026-03-04,link_share,sns_share
7d6cf986-5f11-4e08-80ae-89b66215623d,Ue7310890b01058478be93761a56d0aa0,U593b9813b5d2da015c9f43f674f310ff,2025-11-02 11:11:00,2025-11-02,search,official_directory
bea0a6dc-7d69-4a57-96ce-7d031674f3d2,Ue9a1e8a5b83a6b296d43c957a8cfba4a,U1f9f4b28fe8cdeb3c869628f9305ac8b,2026-03-20 14:33:45,2026-03-20,link_share,email_share
d388a92b-e34f-4386-b325-b6d1b78f9dab,Ud7cd4c737b35e126236570d6cf0e97f4,U81b80930515d2a198f1111f2b0741aa4,2026-02-02 02:28:43,2026-02-02,qr_code,event_booth
c466bad1-03ab-4d12-a713-58f6f9a12598,U227d1cd1a801c367de206ec4bbca7330,Uc7366d6080af2ae64f3d6fdf4352b0c0,2025-11-23 01:11:44,2025-11-23,qr_code,poster
dcf50e78-a590-4d40-b793-5fa3d8852c17,Ud4a92c8c8050eed40ef171cc2784d638,Ue0a319949ffb4881763e1c68f7112a6b,2025-12-25 07:59:49,2025-12-25,qr_code,poster
918de43b-1e1f-4f03-8997-1749087bf68f,U3bae1603803a839c0cb52f511d9cb8f6,Ufc739eaf7b9943495e102f498c5c4af6,2026-03-19 05:02:56,2026-03-19,qr_code,store_front
472ee18d-a808-4c5e-a221-ca85df3bdaf2,U3e5dd3a641c58ad50e49f095c6f1e306,U3cd7071fb97f8949371a2495c1eb58c5,2025-12-15 14:53:36,2025-12-15,search,line_app_search
57ad04eb-5fd2-445b-b26c-4d9c595f33f0,Ub0341314a5534ea92b26fa8adc30543f,U45db7bd3ce2750efb5e978c92d000d29,2026-03-19 07:24:16,2026-03-19,qr_code,poster
20ef8dc9-3f05-401a-ae43-d954308f0de0,U3bae1603803a839c0cb52f511d9cb8f6,U8fb44c667c93fd92e46b7bc20c3c91b1,2026-02-21 06:15:32,2026-02-21,qr_code,store_front
fd231d23-aa8c-4b53-91b2-e8ab53e12565,U4784fc8a8e1e4eb2435ad84e0ad052f2,U8365c8ee78becea2a04d1f6225786ed9,2026-01-11 02:10:26,2026-01-11,qr_code,receipt
ef03d107-d98b-4b76-a145-df4e8a3afd51,U3bae1603803a839c0cb52f511d9cb8f6,U896c8cb2234827599fc0eb81efc188fb,2026-01-12 13:58:52,2026-01-12,search,official_directory
e318b2db-fcf8-423c-b635-bfe71546a894,Ub0341314a5534ea92b26fa8adc30543f,b246dc8ee4f580e90e2a529dbfba047a,2025-11-14 15:51:33,2025-11-14,search,line_app_search
7297d09e-058f-4a1d-b584-29493b4709d6,U7e808d11d6f9901a954a542a7ee09918,Ufb36e6a3fe2e66f1253d5ae968e3e881,2026-02-17 00:42:16,2026-02-17,ad,line_ads
50dab89a-8758-4dc4-8ba4-3bcf551681a4,Ub0341314a5534ea92b26fa8adc30543f,Uc38f7c3763eddd12f596306c87b91113,2026-01-17 05:53:36,2026-01-17,qr_code,store_front
1521e736-3d86-423e-b9a3-7c03bd5a3181,U7e808d11d6f9901a954a542a7ee09918,U8ec3b0411906559e891537df0650528c,2026-02-14 17:57:45,2026-02-14,qr_code,poster
39fff5db-a82f-453a-b4bb-0da5d2b744fb,Ue8d9224ecde331ce692edfce0b5ecdc4,Ud1fef9386e9bed722cf82dfdb6c33312,2025-12-23 21:23:30,2025-12-23,qr_code,poster
751fbdc9-284c-4fe7-8fad-99548b762233,U3bae1603803a839c0cb52f511d9cb8f6,U14cca4ff5798946fa2997a2ad634c7e0,2025-12-06 21:07:23,2025-12-06,link_share,email_share
349d2cf8-5f37-41c8-9f6f-0dacd4231aae,Ub0341314a5534ea92b26fa8adc30543f,Ubaf7844d398cc8bb40a1b9af59a6cd12,2026-04-06 02:44:34,2026-04-07,search,official_directory
808854a5-a4c2-4ebe-93be-9d40e83f4ec6,U3bae1603803a839c0cb52f511d9cb8f6,Ufed9c4574df44e225212f7f1d1151df7,2026-02-09 00:27:33,2026-02-09,ad,google_ads
d4ebd316-cd1b-4f5a-ad48-90e3a10b349b,U227d1cd1a801c367de206ec4bbca7330,U83ea1364b02f920e9682512d8fecc905,2026-01-17 15:27:06,2026-01-17,ad,yahoo_ads
5c8f8ec8-4d7e-44bc-a62f-37835c4aa3bb,Ue7310890b01058478be93761a56d0aa0,Ucf003f3e272fac3ff311a8e08abb3730,2025-11-09 21:05:28,2025-11-09,search,line_app_search
94a20f15-75e5-478f-b7e5-53d6870891e4,Ub0341314a5534ea92b26fa8adc30543f,Ud8311e84f39e53de143ad0eeec789ace,2026-03-08 21:53:30,2026-03-08,search,line_app_search
70fb6ea4-f455-45fd-a476-ac6c76c7b32d,U7e808d11d6f9901a954a542a7ee09918,Ub758acfc16d76da20b33a8cd6c775291,2026-02-04 19:25:02,2026-02-04,search,line_app_search
93ef4843-4b1d-425c-8502-793abcf93df5,Ue8d9224ecde331ce692edfce0b5ecdc4,U5a4b049f7d6641d22a8e361de3cede73,2026-02-21 19:36:06,2026-02-22,qr_code,store_front
ae0cd5d6-5ceb-45ca-b262-735c7f2fb2bf,U476acbdef8e9a16d24575e4f6d7b0f31,Uf3ac4043c05466fa26bc6dd366b1cc08,2026-01-04 15:51:00,2026-01-04,qr_code,poster
bb0d3d08-dc53-4ddc-b358-053f500704e3,Ub0341314a5534ea92b26fa8adc30543f,Uefe4616ed5fb1986ad99fcb1f169b3a9,2026-02-06 21:27:27,2026-02-06,qr_code,poster
47cfee98-b59a-49cb-8577-f5512224418c,U4f8b2d7d97720f7d61a0294f1c9c3877,Ue5713238f95f53346e01d2234f56050a,2026-01-25 22:39:39,2026-01-25,qr_code,store_front
eb9ba62f-7f85-402d-893e-6aab946fc42d,U7e808d11d6f9901a954a542a7ee09918,U295cd4e4a62d37f616e21b4f431bc097,2026-02-23 13:32:17,2026-02-23,search,official_directory
01ea52fb-9c38-42fd-8717-3d7e3d36c86d,U3bae1603803a839c0cb52f511d9cb8f6,U7bbf705c606c9ebac271c6205a0b8205,2025-12-16 17:40:46,2025-12-16,qr_code,store_front
f381ea07-1f7b-402e-adbe-d421a2b11026,Ub0341314a5534ea92b26fa8adc30543f,U06c45a4fd8fad1abf73e10b7f00e18e7,2026-03-15 21:34:53,2026-03-15,search,line_app_search
2f897a58-ef50-4207-bbf6-b03eefec37ee,Ub0341314a5534ea92b26fa8adc30543f,U0ab37aa1a5e27217c77cf5a039086de7,2026-01-29 03:48:42,2026-01-29,link_share,messaging_app
ad200caf-59e5-4f79-8abc-1d33d327c6b0,U3bae1603803a839c0cb52f511d9cb8f6,Uca6cfaaadd0807807068b4663b191292,2026-01-31 06:52:37,2026-01-31,search,official_directory
469bc276-7450-4119-846d-6c982d8df0df,U4784fc8a8e1e4eb2435ad84e0ad052f2,84de630f2f176ff546ef4c0ae5a40bee,2025-10-17 16:49:13,2025-10-17,ad,facebook_ads
34caa4b2-0eb6-4c44-bd4b-525149243161,U743849e63f8101ac616f8fd0ba84a167,Uabe975328cbcee8eda449d4230cc770b,2025-12-18 21:11:43,2025-12-18,search,official_directory
29b92103-245f-4f71-b7ef-6c6a372f142d,U4784fc8a8e1e4eb2435ad84e0ad052f2,U5a0eff3d97584506e301c7f5521d6238,2026-02-14 06:12:43,2026-02-14,qr_code,receipt
7d508700-88a2-4492-8535-85bf8f9cf0f2,Ub0341314a5534ea92b26fa8adc30543f,U96a50c775c9b49e041743a07145625a4,2025-11-27 19:37:08,2025-11-27,qr_code,store_front
772ca37b-bd28-4302-9b20-156a3b25ee12,U7e808d11d6f9901a954a542a7ee09918,Ue1113c72d528a5459b640b48e78b7eb5,2026-01-26 11:41:25,2026-01-26,search,line_app_search
85ec030e-e839-4a83-a1e3-ff761dcf69c2,Uc20f9c7e9b662bedec3cb78e127885c7,U96b44f18a49b92dbba7d5d4c27413936,2026-02-14 20:07:06,2026-02-14,qr_code,poster
d39950d1-c48c-4e53-9c10-f4197458b985,Ud4a92c8c8050eed40ef171cc2784d638,Ub12cf2bf53e8c05b2d91c539153c87fb,2025-11-05 03:54:29,2025-11-05,ad,google_ads
b6dd3a69-38d4-41ab-8f4b-e6ed7ea572dc,U3bae1603803a839c0cb52f511d9cb8f6,U801486f0552b0a55c0ef745a8ce6ef6f,2026-01-31 19:10:15,2026-01-31,qr_code,receipt
c925226b-1974-4f4b-8d27-196c66c53151,U3bae1603803a839c0cb52f511d9cb8f6,Ue82d31f2814800e25ede4ffa0326087f,2026-04-02 19:48:29,2026-04-02,qr_code,receipt
c8b9bb00-92f9-4107-802a-8821fcbabaa6,U3bae1603803a839c0cb52f511d9cb8f6,U542273d84745ed2cfcef7c0b189c2ecc,2025-11-22 23:46:03,2025-11-22,link_share,messaging_app
574456ea-9bf0-45af-ae07-8458dcdd33e8,U4784fc8a8e1e4eb2435ad84e0ad052f2,Ue0c3ae75255108742c28975913d9d4bc,2025-12-28 10:53:06,2025-12-28,qr_code,poster
d3b47376-55f3-4f26-89b9-f8f27da21d2c,U7e808d11d6f9901a954a542a7ee09918,Uc85ce20e79768aaae8d210862fba201c,2026-04-01 03:58:33,2026-04-01,qr_code,receipt
d4cbe04f-e081-475e-b3b8-f55f82c77add,U3bae1603803a839c0cb52f511d9cb8f6,U6e871fcdfb21e9e6c0ce887939cab745,2025-10-27 14:38:33,2025-10-27,qr_code,poster
64d1a761-c656-4807-9485-ef26be504995,Ub0341314a5534ea92b26fa8adc30543f,U915bcdc1e980610b97f1d2df51586bad,2026-03-05 20:40:09,2026-03-05,qr_code,receipt
72b440b3-ac30-41c6-b5b8-daa7015160ce,U3bae1603803a839c0cb52f511d9cb8f6,U57eb3f0f096c775b6bca91fd25b3c82a,2026-04-10 10:49:10,2026-04-10,ad,google_ads
8d0cbe78-0a5f-4c90-a057-d0840df5d13a,Ue9a1e8a5b83a6b296d43c957a8cfba4a,U1d73b62f07be056eff00ec7fa05fbf21,2026-01-20 21:57:27,2026-01-20,search,line_app_search
721e721b-7213-4a18-aba3-f3a51b8f0580,U1ca413826b7044d134c9c3132420c9de,U3a03e22ce0d6ae07f98e9250b7bb2d0b,2026-03-04 11:16:01,2026-03-04,search,official_directory
0db12e6e-358a-4b68-9c05-577fa3dd1ebc,U743849e63f8101ac616f8fd0ba84a167,U5ff4723eec6a708149c060bd8a2e95ce,2026-03-19 15:45:29,2026-03-19,search,line_app_search
0fcc9fa7-6f5c-4236-b357-575edf3a397c,U1ca413826b7044d134c9c3132420c9de,U636991f2cf84e5d93f2564dbfd764348,2025-11-29 17:29:52,2025-11-29,ad,yahoo_ads
af0c17f0-9a78-40ba-87b0-94c8ad101849,U3bae1603803a839c0cb52f511d9cb8f6,U397606518c258488c4154a1f8d30a3f4,2026-04-03 05:18:20,2026-04-03,qr_code,poster
d01a8ebe-2461-41e3-b15a-03594ba7b0e7,Ue7310890b01058478be93761a56d0aa0,U7dabd02f4ada31f1fa95b89e4c0ee927,2026-03-19 10:23:28,2026-03-19,qr_code,event_booth
afd5039b-37d0-4dc2-babc-1d171f7dc0b1,U743849e63f8101ac616f8fd0ba84a167,U0f59236610d4b882724836c3fb5110d4,2025-11-06 10:54:28,2025-11-06,search,official_directory
a7b15da8-7cba-4347-93b8-6bbc314992c5,Ue7310890b01058478be93761a56d0aa0,U69879718800f5117ed7babe57bbd1aca,2026-02-22 20:08:44,2026-02-22,search,official_directory
28c0f9cc-385b-4e4d-a8f9-937cab138620,Uc20f9c7e9b662bedec3cb78e127885c7,Uab9ee37a273f0e7065505bd55052cbb0,2025-12-09 08:29:24,2025-12-09,link_share,sns_share
1624f2f3-6326-4ac3-b33a-2d5286681f5e,Ub0341314a5534ea92b26fa8adc30543f,U240bf38396fbf4554d4fc0c4f9d5cf7b,2026-02-09 12:35:32,2026-02-09,qr_code,business_card
165ce6ce-129f-4e47-a306-1a14e947282b,U879eb903ad90cd9c2874f6df7651267a,Ubea782916ae2dcadb94d223e360b4e44,2026-01-21 04:42:33,2026-01-21,ad,line_ads
0934582a-d75c-42e2-ac9d-1db37b12d702,U743849e63f8101ac616f8fd0ba84a167,Ua4a5444757e1b0e44ec3579c8f4f1f3f,2026-01-03 16:48:00,2026-01-03,qr_code,event_booth
b426d174-67c9-4346-8350-20fa11cc0381,Ud4a92c8c8050eed40ef171cc2784d638,Uf2c371ef6b68f9491aa0ad3c65a9d5b8,2025-12-21 13:15:51,2025-12-21,qr_code,store_front
cd12dca8-d794-4cdb-b0f3-e43883473f25,U743849e63f8101ac616f8fd0ba84a167,U276c3fed60480feedf2b95cb5c61d28e,2025-12-25 09:37:37,2025-12-25,qr_code,poster
bb6b7cd7-5394-4097-aaaf-47ac01a75db1,U743849e63f8101ac616f8fd0ba84a167,Ue92d8a35911066fb9ffb1f6f7cf4c8bb,2026-01-12 16:45:20,2026-01-12,qr_code,event_booth
e1dc8acb-fdcb-40b5-a5ad-3fe8662e696e,U743849e63f8101ac616f8fd0ba84a167,Uae3e7643bf4aabd59513885b1e271064,2025-11-01 23:01:06,2025-11-01,search,line_app_search
89b0935c-3621-4a92-9ddc-e1fac25160f6,Ub0341314a5534ea92b26fa8adc30543f,U0b68c182a64b38ed151c48b2059cc294,2026-03-16 13:27:16,2026-03-16,link_share,sns_share
2d45e295-c0f0-4ee5-8334-83789dd0583e,U3bae1603803a839c0cb52f511d9cb8f6,Ubdfcb7a8c1573be40caa73bf3d4c3b53,2026-03-29 18:56:18,2026-03-29,qr_code,event_booth
16f688b2-67e6-4a58-b6c6-b76645b561eb,U476acbdef8e9a16d24575e4f6d7b0f31,U7295af5a30bb1630967a6a8d58bd761b,2026-02-05 13:27:29,2026-02-05,qr_code,poster
cd0b1baf-2d0b-4300-b3c5-99294a774386,U743849e63f8101ac616f8fd0ba84a167,Ue4bd79ceb00c342367d123b6921e30e1,2025-12-27 09:35:47,2025-12-27,link_share,sns_share
57bee1ef-8bc1-48cd-9887-7604ce174d60,Ub0341314a5534ea92b26fa8adc30543f,Uc878aa9c97d7e2f235ee97d9a7e0608b,2026-01-22 07:36:17,2026-01-22,qr_code,receipt
69338e6b-c548-496d-8601-52859710fac5,U4784fc8a8e1e4eb2435ad84e0ad052f2,U30367fd4edfda562b863c34d44f9dcf3,2026-01-03 04:28:44,2026-01-03,search,official_directory
4df51538-d977-4691-b079-2acfe23e052c,U227d1cd1a801c367de206ec4bbca7330,Uaf194ce30af0de130dce275a28427c81,2026-03-06 23:54:13,2026-03-06,ad,line_ads
f9e71652-cc3b-4912-8ebb-a0ba506a61bd,U3bae1603803a839c0cb52f511d9cb8f6,Udf3f1ba76da1798b6e79630d92317b06,2026-02-17 05:41:34,2026-02-17,search,line_app_search
39e0b7c6-cdc0-42a0-b8da-7f6daec680a2,Ub0341314a5534ea92b26fa8adc30543f,U49d1a58af3ce0b8fbf874452871b947e,2026-02-23 18:28:15,2026-02-23,link_share,messaging_app
d1b4bb68-4483-4986-b669-f04114c41a7c,Ub0341314a5534ea92b26fa8adc30543f,U82f5afe6630ddc528da8622ab609d179,2025-11-24 01:07:41,2025-11-24,qr_code,event_booth
9039c4df-cf17-416f-8a8b-9834e9fe7a9f,U3bae1603803a839c0cb52f511d9cb8f6,U91ab29a4c0354d693c889792b036146b,2025-10-26 00:16:04,2025-10-26,qr_code,business_card
0d65a271-d24c-478a-ae34-77ed07d73474,U743849e63f8101ac616f8fd0ba84a167,U1aae070f3287cfb681aa1bbca588887c,2025-12-10 08:50:07,2025-12-10,ad,google_ads
3bae46a4-7fb6-439c-bb35-690043860d28,Ub0341314a5534ea92b26fa8adc30543f,Ud489354325f834f8d4add8df3ae84fa2,2026-01-04 13:57:25,2026-01-04,search,official_directory
af0fa35f-d0bc-4d0f-a3d8-25841263220e,U743849e63f8101ac616f8fd0ba84a167,Ud561e069bd58a8c0e8ac8cfc35badbbf,2025-10-25 07:48:44,2025-10-25,qr_code,event_booth
9c730a74-e2bd-4a22-a314-a36d370bcd12,U3bae1603803a839c0cb52f511d9cb8f6,Ub8b5ef8acd9ffff4c4f147f941d1a376,2026-01-04 08:28:44,2026-01-04,search,line_app_search
fdc35388-0dac-42c7-b88b-f907f06f68b8,U743849e63f8101ac616f8fd0ba84a167,Ua1aebb8b9c97941bb2819fa0a812c754,2025-11-15 15:11:06,2025-11-15,search,official_directory
83d11d24-d134-49b9-a20c-d84b5850e61a,Ub0341314a5534ea92b26fa8adc30543f,1bc4de31b3ef8130670dfe28ef9c2c75,2025-11-10 07:47:42,2025-11-10,search,official_directory
fd5db4ca-dda3-411a-b8d1-231b874854a2,U3e5dd3a641c58ad50e49f095c6f1e306,U53ae38afd7d934143fc628c2c7db24d1,2026-01-09 01:44:30,2026-01-09,qr_code,poster
f170c31d-4f19-43c2-b65a-29733abae419,Ud4a92c8c8050eed40ef171cc2784d638,U4a4aea1498adc5b3852d816c131b0fb9,2025-10-21 13:39:24,2025-10-21,qr_code,business_card
c3d3bba8-d1bb-49ea-86b3-88b831e219eb,U7e808d11d6f9901a954a542a7ee09918,U8231b1e8f207eb8850850098b5dcec5d,2025-12-17 10:00:27,2025-12-17,search,official_directory
ca7a5f58-27fd-49f3-b562-583655a1f828,U476acbdef8e9a16d24575e4f6d7b0f31,U5d0893bdc18b24b40a55423d386d8e27,2025-11-06 15:22:13,2025-11-06,search,official_directory
c807831f-bafb-4847-8585-6f72c076de0a,U743849e63f8101ac616f8fd0ba84a167,Uaeff5651b9d5f75ee20da352587f7e0f,2025-12-17 12:19:32,2025-12-17,qr_code,store_front
7a89ada4-e688-4164-acd4-f536f924934d,U7e808d11d6f9901a954a542a7ee09918,U50874a2c70eb3352bae3ec436286e545,2026-02-20 22:22:25,2026-02-20,ad,line_ads
13334849-94e0-4fda-aac9-9a79a4aec720,Ub0341314a5534ea92b26fa8adc30543f,U7f7054fdd1c30df1648d3ebb63961ce9,2026-03-11 15:11:51,2026-03-11,ad,yahoo_ads
c541a15c-1f93-4331-81b5-ab51aea2a8ce,U4784fc8a8e1e4eb2435ad84e0ad052f2,Ubbf1d6f4f1403b6fcb91305ac2480d16,2026-03-20 05:58:05,2026-03-20,search,line_app_search
f3299ef4-b7a5-43ab-9b4a-b5f76da5a2f6,Ub0341314a5534ea92b26fa8adc30543f,U84ec4ef31a2ce007195336256dec2f43,2026-01-11 22:09:48,2026-01-11,qr_code,poster
c9dbe198-a4ba-43f4-9657-01e13ce81628,U227d1cd1a801c367de206ec4bbca7330,U1ccd29e7f4a2c73b3c5d06dc0ca13301,2025-12-10 20:49:45,2025-12-10,search,line_app_search
fce51b0f-e813-4869-96ce-baafeb33a3ac,U3bae1603803a839c0cb52f511d9cb8f6,Udaebca1f2c81508bd659119db5d9b4fd,2026-01-15 01:34:02,2026-01-15,search,official_directory
344eb99e-0317-4750-a33e-207b5cf91930,U743849e63f8101ac616f8fd0ba84a167,Uf895352a83c8d67f1fa2e116a410e553,2025-11-29 19:25:10,2025-11-29,qr_code,business_card
d74ddc6d-18c9-4ea6-9cc7-4aababb25588,Ue7310890b01058478be93761a56d0aa0,Ua91ea6dea1f5f6624d5b60718d17e33c,2026-01-26 13:23:19,2026-01-26,qr_code,store_front
5387d9dc-9456-4da1-9e7e-b39e7a9119f4,U3bae1603803a839c0cb52f511d9cb8f6,Ubde1a16f94b704fdc5b4083307112527,2026-01-29 13:50:27,2026-01-29,qr_code,poster
a97caf39-d4a5-4770-bedd-a8cb01f3cc50,U3bae1603803a839c0cb52f511d9cb8f6,U5d5d0388f5b8b8e7a20c97e84655d20e,2025-12-21 23:35:26,2025-12-21,qr_code,receipt
2d7cf691-e414-4539-b541-bf6eb128221d,U3bae1603803a839c0cb52f511d9cb8f6,U843c8900f07a144f0e0db0f44983e817,2025-12-01 11:37:07,2025-12-01,search,line_app_search
de02e077-9310-4bd3-9524-7e8a2f78974b,U3bae1603803a839c0cb52f511d9cb8f6,Udeac9e57d3333d7860a33bce290e1c05,2025-10-22 18:12:46,2025-10-22,search,official_directory
d410c23b-4ca6-4b81-8c8f-644c5dc0005d,Uc20f9c7e9b662bedec3cb78e127885c7,U622b70c0749da2a8a8c6822072d64061,2026-03-11 15:25:34,2026-03-11,qr_code,poster
69601d1b-fcca-46b0-9ec3-4d3c636fc466,Ub0341314a5534ea92b26fa8adc30543f,U2128c22a84f95964988bb838e2246712,2026-04-03 07:24:10,2026-04-03,qr_code,poster
ebceae0c-ea46-49d0-b85a-108f19af707a,U3bae1603803a839c0cb52f511d9cb8f6,Ufd114dd93580c1399077d8f99cb2bc83,2026-04-08 03:32:56,2026-04-08,ad,line_ads
b393f250-e1d4-4433-bfce-049a24223dba,Ub0341314a5534ea92b26fa8adc30543f,U6bacf9320fb45bc8f571a6511e1d76ca,2026-02-10 01:00:44,2026-02-10,qr_code,receipt
cace0ed9-c775-42f5-82c1-5886933da0c1,U3e5dd3a641c58ad50e49f095c6f1e306,Ub6dd99473af31abdaf809d74b541cb04,2026-01-21 06:10:22,2026-01-21,ad,yahoo_ads
81b35ca6-7c1c-465c-8f20-d31ef2449e78,Ud4a92c8c8050eed40ef171cc2784d638,U767c7ec7ecd415c8b05bad663c8021c3,2025-11-25 12:37:31,2025-11-25,search,line_app_search
f0b15602-fa5b-4d9c-89eb-043f5dc853e4,U743849e63f8101ac616f8fd0ba84a167,U7adda61228fb427bcb8c032cdd5f4843,2026-04-05 16:41:53,2026-04-05,other,import_bulk
8ba25a25-5c4f-4c58-b1e5-abf48fdaa079,Ub0341314a5534ea92b26fa8adc30543f,U24e896adb957f735835f98e645c6a7bb,2026-01-16 10:31:23,2026-01-16,search,official_directory
475ec1c3-af29-4fcf-a997-feb2f4f01a81,Ud4a92c8c8050eed40ef171cc2784d638,U2f9eeb1f12584c39f4886e11871a0337,2026-03-27 19:55:25,2026-03-27,qr_code,event_booth
b6109c75-c95e-4bfe-83dd-49baf79b2b18,U743849e63f8101ac616f8fd0ba84a167,U97f3b5ed71d26252f86a04f82221b6f7,2026-04-03 11:11:46,2026-04-03,qr_code,store_front
6d3b9158-fca7-461a-8975-32666cc778ca,Ud7cd4c737b35e126236570d6cf0e97f4,Ufc0a8bebde6a633bc96eb50d3e215c51,2026-04-05 16:19:00,2026-04-05,qr_code,store_front
232b80bb-1bdc-4eca-8c30-4559701ab8a2,Ub0341314a5534ea92b26fa8adc30543f,Uc5b5f9ff083909223bd3ad17156f1c01,2010-05-27 00:00:00,2010-05-27,qr_code,receipt
a6c5acbc-5a26-48ea-903e-f45aa035bfa7,Uc20f9c7e9b662bedec3cb78e127885c7,U1e55a2d623a41f9ec98350e471f8b638,2026-02-15 06:54:00,2026-02-15,qr_code,receipt
ac3f782b-a2a5-418f-a1c3-6a9cfccf2ad9,U4784fc8a8e1e4eb2435ad84e0ad052f2,U02a6c460368b7a18c08ec947ce83cd86,2025-11-22 01:28:58,2025-11-22,qr_code,poster
ae923a08-408c-4202-a5f9-3c2680cd3dff,U743849e63f8101ac616f8fd0ba84a167,U8a86e41ebd10f95f8c6a16c8b0475ef3,2026-03-12 04:43:23,2026-03-12,other,import_bulk
86c3dd00-5c89-48d2-ad7f-09dcd553ade9,U3e5dd3a641c58ad50e49f095c6f1e306,Uee6ebc840b407da1fa4d6c2702ff237e,2026-03-27 08:23:04,2026-03-27,search,line_app_search
cb2b077f-d302-4d52-af03-fc2c3152351d,Ud4a92c8c8050eed40ef171cc2784d638,Ub55685e03ddc51555ba513b1b260ae1a,2026-03-31 06:38:53,2026-03-31,qr_code,receipt
a9a46696-b566-4f60-825b-c65fe84a0963,U743849e63f8101ac616f8fd0ba84a167,U305e60e3e727adeb8744eab2e83f15a2,2026-02-08 23:55:26,2026-02-08,link_share,sns_share
7b2e5764-707d-422d-ba5a-ae2e1ecd660f,Ue8d9224ecde331ce692edfce0b5ecdc4,Uc67866d073f9f36ebe589274c6394040,2025-10-28 22:06:44,2025-10-28,qr_code,receipt
bb0af1b7-459e-4341-b590-eb49482b2644,U743849e63f8101ac616f8fd0ba84a167,Ue333473ba72a028af717f9e8fb9d5223,2026-04-11 20:50:56,2026-04-11,other,import_bulk
1ec3e3ca-9690-4070-9f75-dc4a3852ce19,U3bae1603803a839c0cb52f511d9cb8f6,f7d7ca8e44d8f5dc9bee85911b559112,2025-12-30 15:19:57,2025-12-30,link_share,messaging_app
245ab850-d61e-408b-b532-2d1dfbb449ba,U4784fc8a8e1e4eb2435ad84e0ad052f2,Udb71a348d0b8a7de239b76162cb1d8ea,2026-01-11 01:55:11,2026-01-11,ad,yahoo_ads
e7752df9-3b18-489d-8436-e2adc738b2aa,Ub0341314a5534ea92b26fa8adc30543f,U7d64c4288e3c1e023a43e9a4d87d6641,2025-12-30 06:42:12,2025-12-31,search,official_directory
566c227c-2498-420e-93d7-ab611af00e67,U4784fc8a8e1e4eb2435ad84e0ad052f2,Ua60ab92b1a60c2fd71ba9ff5e8e2554c,2025-10-20 14:02:25,2025-10-20,search,official_directory
d5324e59-0407-433a-8fd4-7718d70c863d,Ue7310890b01058478be93761a56d0aa0,9b439ec4acbce5ec56e9fdc6adc2901d,2026-01-17 01:15:21,2026-01-17,search,line_app_search
d85967c5-18ae-424a-9863-afff804bdb84,Ue7310890b01058478be93761a56d0aa0,U47174be1ec822857955a88cf9d834a74,2025-10-22 06:31:38,2025-10-22,link_share,sns_share
5edc3444-090b-46ca-a26b-221b4401b48f,U227d1cd1a801c367de206ec4bbca7330,Ube44fb74a2610e53edd899b580402e41,2026-02-24 01:06:36,2026-02-24,qr_code,store_front
079203a9-f3dc-4b88-9c6e-cd459069d41c,U3bae1603803a839c0cb52f511d9cb8f6,U43c89732cebb22fbf43d2a70e9ba7811,2026-01-11 11:14:01,2026-01-11,qr_code,event_booth
9366ed71-c958-4008-b491-5e02a7158d96,U3bae1603803a839c0cb52f511d9cb8f6,a32a715916fc5dc2fe022e45f28a0307,2025-12-03 23:00:10,2025-12-03,search,line_app_search
548c73b9-67d3-49ff-ad07-a366c1643219,U3bae1603803a839c0cb52f511d9cb8f6,U401ccfcacd54956c4473fabef6fe0a73,2026-01-28 04:46:20,2026-01-28,search,official_directory
8b3e9daa-23e1-42bb-b390-442305b4f87b,Ub0341314a5534ea92b26fa8adc30543f,U3834a86a89549b4c220011a0960796bf,2026-01-16 12:00:56,2026-01-16,search,line_app_search
d6f11ab1-4ffd-44d1-97b8-7374df30c395,Ub0341314a5534ea92b26fa8adc30543f,U589d5e8b92d9f25195980e3ce728f4e6,2025-11-12 23:47:08,2025-11-12,qr_code,event_booth
daaab35e-0f2a-456c-b75e-4a91a794987a,Ud4a92c8c8050eed40ef171cc2784d638,U4777cb57cfc58d4fb45fbb7f6d22fccf,2026-01-25 18:15:43,2026-01-26,qr_code,business_card
59355e30-0729-43af-bc5a-f0722942d22c,U743849e63f8101ac616f8fd0ba84a167,U99c68a12c6f2e7c6b2ec3cf9657ca6cc,2025-12-05 18:26:41,2025-12-05,search,official_directory
1f2d29b1-4d42-4ffb-9c92-7408974d9d39,Uc20f9c7e9b662bedec3cb78e127885c7,U2af6a6cdcca1f58edd69d10da92fe8cf,2025-10-29 09:24:18,2025-10-29,ad,facebook_ads
1b24ab02-4ef6-4be7-beb6-1019363b8290,Ub0341314a5534ea92b26fa8adc30543f,Uc6e56a2523a0dde10fc0e398456a3516,2026-03-13 23:27:01,2026-03-13,search,official_directory
ccf4da84-f1fa-49ea-bbdc-acb821274f64,U1fadb6bf4c876b4dd1e37960d23c5eb4,a8e4944051a9fe59beb25caa7ecc8777,2025-12-20 09:44:28,2025-12-20,qr_code,poster
32ba34a8-489f-4c13-b061-6a37e5696e4b,Ub0341314a5534ea92b26fa8adc30543f,Udc8c4ab049b9ba9a2667d9e63740d65c,2025-12-15 08:45:35,2025-12-15,qr_code,store_front
a0280585-9539-4728-ab7f-fa1406b460bc,Ub0341314a5534ea92b26fa8adc30543f,Ud436d590d34442a10e178ebbd73bfba7,2025-12-21 14:55:26,2025-12-21,qr_code,business_card
f5537ec7-35a7-417a-b94e-99a1aea544f2,Ub0341314a5534ea92b26fa8adc30543f,U7a3b83cdc359fc9763e4a5aced05c660,2025-12-26 18:13:32,2025-12-26,search,official_directory
588a7535-800e-44cb-8343-f696387ff88b,Ub0341314a5534ea92b26fa8adc30543f,U8de7ef59c4f58673fd75714d25561fb3,2026-03-18 15:26:43,2026-03-18,ad,line_ads
21c565a1-37eb-4bb4-80b9-46611fb70e72,Ue7310890b01058478be93761a56d0aa0,Ub37b219d71e1be45ba65b866f5b40fb1,2025-11-30 15:21:04,2025-11-30,qr_code,business_card
be182542-a2b1-402c-ad16-2cd4830e6d76,Ub0341314a5534ea92b26fa8adc30543f,f45683b0088412f172c7c6524926370e,2025-11-07 12:25:15,2025-11-07,qr_code,receipt
dda82181-e396-4114-9188-3af56e79bf16,U743849e63f8101ac616f8fd0ba84a167,U7e0f644493b9d9d4f5b75a9ade2ecca8,2026-03-21 20:17:13,2026-03-21,qr_code,receipt
9853bd52-3422-478a-a25c-afa2ce59fe85,U743849e63f8101ac616f8fd0ba84a167,Uc3ccc920eb776c0b475c60b2cd4d93e3,2026-03-06 03:33:34,2026-03-06,qr_code,business_card
83d014dc-3ac9-48df-9260-94b81d6bb59f,U7e808d11d6f9901a954a542a7ee09918,Ufdb0a7d3847fb23f01191afabe08ea0c,2026-01-01 22:24:52,2026-01-01,search,line_app_search
080137da-c554-4f97-b4d3-b81462d462b6,U3bae1603803a839c0cb52f511d9cb8f6,U08830cedab008cfc175e7bd83b5721c2,2025-12-11 08:42:45,2025-12-11,ad,google_ads
a910e20c-784b-48c9-816d-44200095eab6,U3bae1603803a839c0cb52f511d9cb8f6,U75e9aaf10e885ffdf31eb131d34504ac,2026-04-06 04:42:37,2026-04-06,search,official_directory
d9b4cc55-876f-4508-a40d-4b493160dfc4,U3bae1603803a839c0cb52f511d9cb8f6,7ea6ddde173b781baf7b17fa97e39668,2026-02-06 19:56:15,2026-02-06,search,official_directory
c7956b8e-3bc3-42ca-b021-b714cb530b81,U743849e63f8101ac616f8fd0ba84a167,Ub4b93cc0b19915af8a5094dd2761c837,2026-02-24 08:02:19,2026-02-24,qr_code,poster
beb72be7-b542-4b88-8a1c-4f074e42f833,U3bae1603803a839c0cb52f511d9cb8f6,U6e3b74dd916e52ef901c05a599e8bf79,2026-04-13 06:28:06,2026-04-13,qr_code,business_card
1cf34610-bfda-492b-9933-f1175dbe7e3f,U3bae1603803a839c0cb52f511d9cb8f6,Uaf88f284550d04b0092a5b2c7e7b37ad,2025-11-03 22:56:14,2025-11-03,qr_code,event_booth
ee315251-8d62-4001-b8f4-aa8dd8d93507,U743849e63f8101ac616f8fd0ba84a167,U6a21468e09605aabbfe2105415627945,2026-01-14 22:57:12,2026-01-14,qr_code,store_front
fbcb5f19-79b8-4437-a3ca-d524c2613823,U22a93bc29b1df104af6b1ba1cd91fc56,Ucdd05c3e6a12ef99394e789ac33656c3,2026-01-13 04:15:15,2026-01-13,ad,google_ads
4446e5cc-8c73-4d5c-97e6-d8765baf7540,U3bae1603803a839c0cb52f511d9cb8f6,U97306f72f5027b4ee633f4858baaeb46,2025-11-06 00:22:02,2025-11-07,search,official_directory
0632f6ad-366d-4843-bae3-00aae9ff6a4d,Ue9a1e8a5b83a6b296d43c957a8cfba4a,Ufa705f69b28ba43294ef96b95573dfaf,2025-12-24 21:36:29,2025-12-24,search,line_app_search
e615867d-65a4-47f1-b4e3-82933e7f11f3,Ub0341314a5534ea92b26fa8adc30543f,U24a05492718803984f70dfd3f1e9ac56,2025-11-01 12:03:22,2025-11-01,ad,google_ads
11076b45-383c-4f58-a64e-36efd2da48ae,Ue9a1e8a5b83a6b296d43c957a8cfba4a,Ubac80433a5eca106e3c4131a4652e074,2026-01-23 10:05:40,2026-01-23,qr_code,store_front
3e4c4962-b612-41be-bc5c-abc56060112b,U1ca413826b7044d134c9c3132420c9de,U93aa4a1783dc12ba68ec90550241a155,2026-04-06 15:06:33,2026-04-06,qr_code,event_booth
23ea1f7a-e852-4274-9a7d-0b9bc9f34ba1,U7e808d11d6f9901a954a542a7ee09918,Ue6aa34dbd16deff0124a33a4b6756b70,2025-10-26 17:36:25,2025-10-26,qr_code,business_card
8e65dc54-9c8d-459b-88a5-53da4cf004e6,U3bae1603803a839c0cb52f511d9cb8f6,U478da0dcc2fc39cfa8bb8a91a953934a,2025-10-25 06:03:07,2025-10-25,qr_code,poster
113d81ee-a818-4118-94e8-977495f614c2,U3bae1603803a839c0cb52f511d9cb8f6,Ua1ae3aa3a516699b917b42d2a63ff536,2025-12-14 01:21:12,2025-12-14,qr_code,business_card
5d59aa81-06ce-48d9-b0de-a29fb58ca6e1,U743849e63f8101ac616f8fd0ba84a167,U09373f3ae8f5fa4115c0348e03ea1d19,2026-04-08 22:16:20,2026-04-08,ad,google_ads
57016d24-54f6-4595-9206-aa613829f656,Ue7310890b01058478be93761a56d0aa0,U2da442b0423e6bd2e5e4972f9e71dda1,2026-02-04 00:17:04,2026-02-04,ad,yahoo_ads
9778480c-6859-46fb-b126-8baf2c5f7eef,U879eb903ad90cd9c2874f6df7651267a,Uf38bc151de51b66bec2325af9ec09c4b,2026-03-24 17:04:57,2026-03-24,qr_code,receipt
9e50fbfe-4514-4388-9079-604bec1cbc5e,U4784fc8a8e1e4eb2435ad84e0ad052f2,U2bc99f90a1ced453f5eeb1da924050af,2026-03-28 00:26:01,2026-03-28,qr_code,event_booth
1096af12-741d-45fa-ab62-e165b2c56df6,U3bae1603803a839c0cb52f511d9cb8f6,U69e1c146a1874a6a6608b259ba1fe6f3,2025-11-08 04:16:24,2025-11-08,search,line_app_search
008e412e-dc4c-4c50-9314-9dd9f2540f6b,Ub0341314a5534ea92b26fa8adc30543f,U6eb7d31ced921fb2f4e9580c94353bea,2026-02-09 01:57:02,2026-02-09,qr_code,receipt
df31ec77-24fe-44ee-9ab8-23357952a163,U743849e63f8101ac616f8fd0ba84a167,Uf6d0a569fede377a4cbf06a06de3aa9c,2026-01-11 13:37:34,2026-01-11,qr_code,store_front
bee3fb29-429c-433a-8e22-c105c21f6ac4,Ud7cd4c737b35e126236570d6cf0e97f4,U6f3f5431331134f56045dbfdfd635b1b,2025-12-31 21:29:32,2025-12-31,search,line_app_search
028bf74b-b9b5-4376-bbda-c37ee8c77cb0,Ud4a92c8c8050eed40ef171cc2784d638,Uca87353ff3dedc6c142ebb3c062f0c89,2026-04-05 21:58:52,2026-04-05,search,official_directory
443bff6c-3f63-44db-b6ed-ed4007e6d40b,U3bae1603803a839c0cb52f511d9cb8f6,U62b7afb0e94cc4cc105fb4f82c49d564,2026-03-13 03:46:26,2026-03-13,search,line_app_search
e97ee2c6-88b9-4a55-a177-84f3625587a5,U743849e63f8101ac616f8fd0ba84a167,Ud55daaebfe585f2457f296d4ab389dcd,2026-03-11 10:51:06,2026-03-11,ad,facebook_ads
f1783edf-dbd1-47b0-b247-cc334bdedd94,U3bae1603803a839c0cb52f511d9cb8f6,Udd61488c3f1dacfca52a8a0e9c412d5a,2025-11-12 23:45:08,2025-11-12,qr_code,store_front
96913dd4-0b9a-4591-a984-af0e5cbd3364,U3bae1603803a839c0cb52f511d9cb8f6,U88adc9b88f9f7cec0d0d2bb56a817492,2025-11-15 15:21:46,2025-11-15,qr_code,business_card
744eade5-afe2-4418-8db1-5740ba466290,U227d1cd1a801c367de206ec4bbca7330,e879b268cec1756991daf1c5f73d5536,2025-12-19 00:29:57,2025-12-19,search,line_app_search
25a065e0-91d6-4ba5-8d50-e54ed9152e67,U743849e63f8101ac616f8fd0ba84a167,Ue41e55138de97e24b764265e57d4b92f,2026-02-03 16:17:04,2026-02-03,ad,google_ads
dea33678-5367-4149-9098-7ea27f1f090b,U4784fc8a8e1e4eb2435ad84e0ad052f2,619adb9d6267d6fc7fdf9d7248276faa,2025-12-19 18:35:06,2025-12-19,qr_code,poster
6a50f36a-0a51-460d-a587-a7150bdb5434,U743849e63f8101ac616f8fd0ba84a167,U497bb79bb6dc83edb05ceeb8d74dda4e,2025-11-30 12:58:04,2025-11-30,search,line_app_search
e4d4ed5e-db0b-448b-8f11-ed4fb22ee74f,U837b70463a585f85743b5bfb3b49c9fd,Ucedcc92e15dd260729f6b04dc49e9edf,2026-04-14 06:53:35,2026-04-14,other,unknown
99e6ceaf-ca3d-4bbb-b2e6-45852ae6f2fa,Ub0341314a5534ea92b26fa8adc30543f,U93a07d7ba1e59e45cd2628ab61bbab6f,2026-03-18 06:06:30,2026-03-18,qr_code,business_card
b4ccea26-38f8-4a93-a23a-c3b60b557859,U837b70463a585f85743b5bfb3b49c9fd,U46c95d8cb18b1a8aaa8ce7b0382045e5,2026-01-09 10:38:40,2026-01-09,link_share,email_share
00174249-8377-4048-a647-f34da7da34f6,U743849e63f8101ac616f8fd0ba84a167,U0fd19ced79183f00f8be93acd0e252ae,2026-01-14 16:49:53,2026-01-14,qr_code,event_booth
311433b6-410f-4ec5-bde4-94aa6257596e,U3bae1603803a839c0cb52f511d9cb8f6,U96acd8fc105824cee6c88b165ff4df4c,2026-04-09 08:13:24,2026-04-09,search,line_app_search
e8679f7a-c8ac-4839-9a52-deddd055c11c,U743849e63f8101ac616f8fd0ba84a167,U1eae770d70a91882df6486a12002d05b,2026-04-10 04:58:44,2026-04-10,search,official_directory
4873f396-7ea8-4b63-ad10-1207d8622d4d,U743849e63f8101ac616f8fd0ba84a167,U8b9da685e701f502287686103c31c35a,2026-04-06 05:56:03,2026-04-06,qr_code,event_booth
93cd199c-c25d-4de3-a9f8-6237b12c7f7f,U3bae1603803a839c0cb52f511d9cb8f6,Ubb348454b068341404ee00ac7219a53f,2025-12-26 10:58:31,2025-12-26,qr_code,poster
39de6ac5-d737-497c-b281-2836cceeb29c,Ub0341314a5534ea92b26fa8adc30543f,Ubdbca2ad0dc6f2514b2b7a8c802083a7,2025-11-21 04:39:53,2025-11-21,qr_code,business_card
50eb6b6b-f01c-40a7-8704-b7cd9d7695fa,U3bae1603803a839c0cb52f511d9cb8f6,Ubc2ffcc631b17b5690c5ff17a6b1ee13,2026-01-07 23:57:14,2026-01-07,qr_code,business_card
d87bfc59-4bb0-425b-abff-eb88cb736ee7,U227d1cd1a801c367de206ec4bbca7330,U7878f55355295a9c674fe7156f7a5a6c,2026-02-19 09:54:46,2026-02-19,other,unknown
ad95fa17-8b98-4bed-967b-8b1bc2f2fb3f,U3bae1603803a839c0cb52f511d9cb8f6,U80b95a87b0004d8070f6cc10b8657e78,2026-02-02 08:41:56,2026-02-02,ad,yahoo_ads
fd048e87-9d33-4350-9e1a-a4a8de60674a,Ub0341314a5534ea92b26fa8adc30543f,U2aea35ad37a499cf1d408cfa00764ca1,2026-01-26 15:35:50,2026-01-26,qr_code,receipt
f7a8d5c5-cebd-47e8-b6ea-299738243255,Ub0341314a5534ea92b26fa8adc30543f,Uaee1a79cbe3b0559c62b513579b25c9d,2025-12-24 19:59:18,2025-12-24,other,unknown
ac7c2e6b-f275-4778-b09b-029596da4aa5,U3e5dd3a641c58ad50e49f095c6f1e306,U1c93f1bb53a62dacd60b96641bd63086,2026-04-02 01:20:04,2026-04-02,ad,facebook_ads
eed6a992-fff5-4530-b15e-74ec17d4631b,U743849e63f8101ac616f8fd0ba84a167,U935a7d89071e77599f35a9b0d759605f,2025-12-20 23:19:32,2025-12-20,qr_code,receipt
9b122f1f-e2fa-4361-9002-9d8155e8aa77,Ue8d9224ecde331ce692edfce0b5ecdc4,U961fe40d60fc1585fdb2e527f6c50359,2025-11-06 13:25:47,2025-11-06,qr_code,store_front
d524d674-dc56-416a-876c-5c4d60e582a6,Ue7310890b01058478be93761a56d0aa0,U412d1e68fc39bf1f8a68cc599b8521b3,2026-02-17 15:26:41,2026-02-17,search,line_app_search
47b081c5-094a-4cf5-9542-7307aa102c7a,U743849e63f8101ac616f8fd0ba84a167,U5b976eb7e1761960d8fba3a0bfc0ef88,2026-01-07 12:32:41,2026-01-07,ad,line_ads
cef6dfc8-d684-4ae4-8296-a51a91e23f79,U3bae1603803a839c0cb52f511d9cb8f6,U6f04185bfe804e06080c87c0a33c5457,2026-04-07 09:57:55,2026-04-07,search,official_directory
bf1e3825-d450-42e1-aad3-6135c488b955,U3bae1603803a839c0cb52f511d9cb8f6,Ub3a1e4446601aecf42280a557c1d970d,2025-12-08 19:51:27,2025-12-08,search,line_app_search
06f88cb1-d8d2-486e-9813-a7d972f7399a,Ub0341314a5534ea92b26fa8adc30543f,Ua057283378036bbc1341a2042e8a9b9d,2026-04-11 05:20:05,2026-04-11,qr_code,event_booth
a9d325e2-3d81-4266-b078-68a219678a02,U227d1cd1a801c367de206ec4bbca7330,Uc938136fe368acc75ba8c6dc690b6d3f,2026-02-10 05:49:49,2026-02-10,link_share,messaging_app
f5481fb3-eec3-4ab7-a4dd-17146f985c23,U3bae1603803a839c0cb52f511d9cb8f6,Ue3d03934cc6fa9519a8d7df1a94fdb85,2026-04-06 14:09:59,2026-04-06,link_share,sns_share
e77500d5-184c-4d3b-ad64-c9e5fa0a4d24,U7e808d11d6f9901a954a542a7ee09918,U2df6534c3c31e2a5f0793858942048f0,2025-12-11 22:47:03,2025-12-11,search,official_directory
ab7df327-6b75-4385-a433-018e8eaa8762,Ub0341314a5534ea92b26fa8adc30543f,U23755d05a80d2a4387e503b6315b44da,2026-04-10 07:38:33,2026-04-10,qr_code,store_front
153ba98c-7e62-4371-b9b4-ca4d37b966cb,U4784fc8a8e1e4eb2435ad84e0ad052f2,U10b8a5c088161ae9650f64184faae5c3,2025-11-18 16:56:09,2025-11-18,ad,yahoo_ads
188845f7-8c64-46ce-bdf8-26e68c9515b5,U743849e63f8101ac616f8fd0ba84a167,U29ad70a1f3ffdc8956408dceefc449b3,2026-02-01 05:44:45,2026-02-01,qr_code,store_front
6eb01c04-f96a-4900-bc5e-b47a18760907,U3bae1603803a839c0cb52f511d9cb8f6,U4b1649baac0e48edfd85c7f49fcf5972,2025-12-26 23:32:06,2025-12-26,search,official_directory
76bf31ba-e298-4685-aa6f-5b2d0b9ad2b5,Ub0341314a5534ea92b26fa8adc30543f,U0e92bdc47a16f63d5fd148524fa5898a,2026-01-06 17:36:51,2026-01-06,qr_code,event_booth
389ec00f-33a6-4ce9-be34-cbe3fb8a74ce,Ub0341314a5534ea92b26fa8adc30543f,U835fe461f7ef9c26656f1a336f2ce850,2026-03-09 17:22:12,2026-03-09,search,official_directory
e6057232-8d4d-4c8f-b71f-fea1c99ce42b,U3bae1603803a839c0cb52f511d9cb8f6,U0f2b1c365d3b7084a5784198ef53fc74,2026-03-22 21:43:55,2026-03-22,search,official_directory
228b97b0-de84-455b-8c38-69b367c634c8,U743849e63f8101ac616f8fd0ba84a167,U624c62557b7285c507684aff8e7ddb50,2026-01-04 13:07:01,2026-01-04,link_share,messaging_app
6130b0f1-d949-489e-896d-ead50db731f6,Ue9a1e8a5b83a6b296d43c957a8cfba4a,Ue3503819001b66c299a5cd5ab0f86269,2026-01-28 18:37:22,2026-01-28,link_share,email_share
747bfce9-8347-4356-b864-fbb868cab939,Ub0341314a5534ea92b26fa8adc30543f,U34a8c58144ed752731c4ffa7f1baf85d,2026-02-01 13:14:00,2026-02-01,search,official_directory
388a86b9-a992-4f90-b909-e9c00ed65374,U743849e63f8101ac616f8fd0ba84a167,U733648eacb15df3569edd9de1badc47c,2026-02-17 17:12:22,2026-02-17,link_share,sns_share
0c803c9f-cfd8-43ef-9951-3f130f77faa6,Ub0341314a5534ea92b26fa8adc30543f,Ub537f39ccb769b6cbc8a71e8f4826935,2026-02-21 23:27:02,2026-02-21,search,official_directory
05e0a365-346d-47d6-b22c-cbb9cb588a7c,Ub0341314a5534ea92b26fa8adc30543f,U3c6afd12c1ce4d7c9b2cedee00b1f521,2025-12-02 15:34:28,2025-12-02,search,official_directory
bcd723ab-3a21-4ef8-a38b-326aeb7631ec,U4784fc8a8e1e4eb2435ad84e0ad052f2,U01d42ed50627bbe6f19dc917f1063bba,2025-11-21 07:09:29,2025-11-21,link_share,messaging_app
7c800c19-1344-4641-ae9a-bd192fa42319,Ue7310890b01058478be93761a56d0aa0,Uc52c18d926ee087eeee2b3ca58988695,2025-11-23 18:06:37,2025-11-23,search,official_directory
114bebc7-9200-460a-acdd-a5f9b84b302e,Ud4a92c8c8050eed40ef171cc2784d638,Ucc72432a415b4fe260500894cc24708e,2026-02-02 21:34:11,2026-02-02,search,official_directory
26e50b0f-2962-46eb-95b1-b9fbaf09cd01,U4784fc8a8e1e4eb2435ad84e0ad052f2,U6dedac61906d7b2e84d3dae4cfbfdeed,2025-10-28 22:34:13,2025-10-28,qr_code,receipt
768e456f-61fc-460e-86ca-d177d28a5b1c,U743849e63f8101ac616f8fd0ba84a167,U357d55e52fb6b5493d1e64f494fae62a,2025-11-26 20:34:24,2025-11-26,search,line_app_search
d0de8167-1ff3-41fd-a5e3-b49470548717,U743849e63f8101ac616f8fd0ba84a167,U6f6ecb1fb9390bf86f99d42deb918dfb,2025-11-12 00:39:30,2025-11-12,qr_code,store_front
713d701b-fcb1-47fc-853f-2cff401e34d1,U743849e63f8101ac616f8fd0ba84a167,U1bc4fa2d6cafc4f494d64858ed827083,2026-01-08 17:02:51,2026-01-08,qr_code,business_card
d49a8ce3-80d7-4ee1-b4ab-bc0f52f4d7bb,U7e808d11d6f9901a954a542a7ee09918,Uce1b88ac5e0ce9741fc5aef8c826b1c0,2025-12-20 06:17:48,2025-12-20,qr_code,store_front
42ac9448-0670-496a-b374-296eab079779,Ub0341314a5534ea92b26fa8adc30543f,Ub354814bc037b3dbc87fe913c64f3459,2026-01-11 15:40:52,2026-01-11,search,official_directory
264308e7-7701-445e-8d91-16c300a81309,Ub0341314a5534ea92b26fa8adc30543f,063f3ed1f2da879b1c8e8bc81412bb89,2026-01-26 04:09:00,2026-01-26,search,official_directory
8e67e199-0bf9-430b-b5b1-49a294e3a2ea,Ub0341314a5534ea92b26fa8adc30543f,U9cf21582b607bc0c331c515688177d57,2025-11-02 17:20:21,2025-11-02,search,official_directory
41681ab1-69d8-44d3-977f-203848b0da0a,U743849e63f8101ac616f8fd0ba84a167,Ub0d8b35813083daa59edbf45e1a5bccb,2025-11-04 23:01:12,2025-11-04,search,official_directory
d9e51eb7-9dfc-4ed5-81cf-839ad0d53447,U743849e63f8101ac616f8fd0ba84a167,Ucf0b76548e2575be537a23c0bb37f0f5,2026-01-16 21:41:54,2026-01-16,qr_code,poster
7094deb1-2c1a-451a-894d-665f344b90db,Ub0341314a5534ea92b26fa8adc30543f,U8fd1b5168f19809a88f0b711b71a6220,2025-12-06 16:05:12,2025-12-06,qr_code,poster
df48ddac-c434-4585-92df-6388daeda667,U743849e63f8101ac616f8fd0ba84a167,Uc2bdb90c5da42a840612f15749497b41,2025-11-02 00:20:06,2025-11-02,qr_code,poster
3fc764be-8fc6-4b4c-9847-6e4f6e43ba11,U3bae1603803a839c0cb52f511d9cb8f6,46183ba7c2bb6bfb12ca694478bd5e78,2026-01-01 04:15:27,2026-01-01,qr_code,poster
4af8a535-a80a-41d4-a1e7-de6fbfc68c05,Ub0341314a5534ea92b26fa8adc30543f,U37cd8138da0f59ee3563960f15e6df79,2025-11-12 04:06:29,2025-11-12,qr_code,event_booth
a2eb905d-14c8-4514-98cf-4fbf6c0c780a,Ub0341314a5534ea92b26fa8adc30543f,519d9aadb3b6d6458b4a64db64d6020a,2026-01-19 01:24:57,2026-01-20,qr_code,poster
aaf3d3b0-f22f-40c8-904e-57df79f1db7f,Ub0341314a5534ea92b26fa8adc30543f,U12d86c22e6374ba67f8fee37e8198680,2026-01-10 11:06:42,2026-01-10,search,line_app_search
83d5aa76-b838-4df0-adbe-4db346edc142,U1ca413826b7044d134c9c3132420c9de,U192c5c66a57e9281d6c4bc92e26705ae,2026-04-14 11:33:06,2026-04-14,qr_code,poster
98c48865-0c5c-4d9f-b0ba-bd8b90af9e7d,U4784fc8a8e1e4eb2435ad84e0ad052f2,U90a9b3ab4ed2bb86ed861383252c3114,2026-02-18 00:02:51,2026-02-18,qr_code,event_booth
246a389d-db0a-4b4f-a124-75236f089396,U3bae1603803a839c0cb52f511d9cb8f6,U5aafef9a0f76c9b3316b1319b5e102aa,2026-03-25 15:40:38,2026-03-25,search,line_app_search
fc9aeee7-a26d-48bf-bfae-4e7dceb9f5b7,U743849e63f8101ac616f8fd0ba84a167,U7dc8c8d75ee85a6f8a205ac59d5ceb34,2025-12-12 15:03:51,2025-12-12,link_share,sns_share
9ee5896a-bad7-4c50-bebc-a818241bbf5a,Ub0341314a5534ea92b26fa8adc30543f,U21363c8be8e7a738c79e94757ca25731,2025-12-06 21:55:58,2025-12-06,qr_code,store_front
32b0d4cc-7b07-4fbd-8fbb-044f605a21b8,U3bae1603803a839c0cb52f511d9cb8f6,Ufbe5b39a873b8a79f9de8ec2f59db65a,2026-01-05 20:26:24,2026-01-05,ad,facebook_ads
a0c21937-4286-4903-904f-f4bb9d7ceec2,U743849e63f8101ac616f8fd0ba84a167,U8ee38bb4a36fe3d746e1bef7a7986602,2025-12-17 22:12:03,2025-12-17,search,line_app_search
3a5818cb-378d-4d53-98b7-3d3ac07c9503,Ud4a92c8c8050eed40ef171cc2784d638,Uc036029185e7a129b6424bb9f39302aa,2026-02-16 09:34:40,2026-02-16,link_share,sns_share
8a0d40ef-a2d0-41cb-b890-1985a2cebfe2,Ub0341314a5534ea92b26fa8adc30543f,Ud261a3af4c26d77c82c2fac8e935fb50,2026-03-26 06:07:09,2026-03-26,qr_code,store_front
4aecdabc-2f91-4756-84d3-944dd1e65fba,Ub0341314a5534ea92b26fa8adc30543f,U9f7f868eca79e7311ab7add4b337601d,2026-04-14 18:04:39,2026-04-14,qr_code,business_card
6f8dee40-4b59-412d-909f-f87bbb3c6f0d,Ub0341314a5534ea92b26fa8adc30543f,U7f4d6094c12941d62bd170755542f9c4,2026-01-03 14:52:45,2026-01-03,qr_code,receipt
8ee9bbc6-1331-46f4-92bd-6eb0942dab37,U743849e63f8101ac616f8fd0ba84a167,U81dd17d1f995fd10fd23e24f4e8ac388,2025-11-17 20:24:04,2025-11-17,qr_code,event_booth
de125f87-37e2-4eac-b351-afa81411365f,Ub0341314a5534ea92b26fa8adc30543f,U10c688222999010ced1e1eae6ddc8c2e,2025-12-28 07:11:32,2025-12-28,search,official_directory
49de1028-f6e9-430b-baaf-050f453f0cbe,U3bae1603803a839c0cb52f511d9cb8f6,Ua4f53e8188b368d7e980c15b9f81525e,2026-03-18 18:52:14,2026-03-18,ad,line_ads
978e3443-97e2-42ad-893e-1b30561b2ff0,U7e808d11d6f9901a954a542a7ee09918,U50f73c3fc61fb9ff434c23624711aa84,2025-10-22 17:14:01,2025-10-22,link_share,sns_share
2b6f505a-7ef7-4cb7-b4df-e2fa48832114,U3bae1603803a839c0cb52f511d9cb8f6,Uca97413d66f414fdecdf2403286ef028,2025-10-30 01:32:33,2025-10-30,qr_code,business_card
20d99c4e-6c5d-409d-889e-8956161c1e04,U743849e63f8101ac616f8fd0ba84a167,Ub3278c2d4d9387dfa924338d04628957,2025-11-02 21:02:32,2025-11-02,search,official_directory
169505a8-08c0-42ab-88a2-3078d18f15f6,Ud4a92c8c8050eed40ef171cc2784d638,U7fa03559b38dd981a64974d93a1d94e9,2025-12-12 17:19:17,2025-12-12,search,official_directory
d123738e-26cb-4a3a-b078-289a21d9ed27,U4784fc8a8e1e4eb2435ad84e0ad052f2,3c3e5252d5b14c6bb3b90e2f47f30fa0,2025-10-26 17:10:37,2025-10-27,qr_code,poster
52e2aa0d-cca9-4f2a-a187-a3edb36bf02b,Ue9a1e8a5b83a6b296d43c957a8cfba4a,02052bf98984c095f34141d4bd60f2e8,2026-03-07 17:42:17,2026-03-07,search,line_app_search
ad9e1816-b229-4e33-a47c-1dffe58e4aaf,Ud4a92c8c8050eed40ef171cc2784d638,Ue42c12d68d01967f2e926abb252802f3,2025-11-09 20:10:58,2025-11-09,link_share,sns_share
bf98e9d9-54cd-4dd6-bd21-60070f275d79,U3bae1603803a839c0cb52f511d9cb8f6,Ue91cf3d638ca988f08429893ff2460f6,2026-02-27 14:44:55,2026-02-27,search,official_directory
789f09bd-0128-4312-8632-07fa3b5b6f23,Ub0341314a5534ea92b26fa8adc30543f,Uf40620e3e4db5e76f9abcb1d4846c5e1,2026-02-28 22:30:17,2026-02-28,qr_code,receipt
a1c00dca-9ea1-43a5-a66b-53778f64f05d,Ue9a1e8a5b83a6b296d43c957a8cfba4a,U2c9780ab5555a2045189e7e6b3896018,2026-02-26 10:52:10,2026-02-26,ad,line_ads
aa363f0f-28b7-4e9b-a562-3db9b1546605,Ud4a92c8c8050eed40ef171cc2784d638,Ub6c887b5c14362c7fd340f5bf1c7a634,2025-11-26 11:20:06,2025-11-26,ad,google_ads
a1de1dd6-1da4-4ef5-b09e-9897ccf1d2fe,Ub0341314a5534ea92b26fa8adc30543f,U23da8d6d850a3600ed56605635532a42,2026-03-02 17:54:34,2026-03-02,search,official_directory
b11479bf-4229-4cdc-a8a6-beba73155ca4,Ub0341314a5534ea92b26fa8adc30543f,U98c15379601d9d87be414daabb4cdf9d,2026-01-16 01:50:38,2026-01-16,qr_code,store_front
6f7e8aa9-79c9-43cb-8fca-41352ef0d4fd,Ub0341314a5534ea92b26fa8adc30543f,65d05cce601fc9a60f2288a59e222e61,2025-12-15 11:09:55,2025-12-15,qr_code,poster
4b9dd0dc-6777-420a-869a-46fb4ef0f5fd,Ub0341314a5534ea92b26fa8adc30543f,U588ca8caee50ddc951b9ce43c417cc67,2025-11-08 12:38:47,2025-11-08,qr_code,event_booth
8136d05a-7293-4e69-8faf-a7eba335e0c9,U4784fc8a8e1e4eb2435ad84e0ad052f2,U739476f51f8bcebcadcd0a04bda29760,2026-04-08 23:05:07,2026-04-08,other,unknown
7a1d2a49-315f-4879-aa6e-1a05ced7092a,U743849e63f8101ac616f8fd0ba84a167,U50d3e11e6d0fc29822103bd8448d43bb,2025-12-22 02:57:38,2025-12-22,ad,yahoo_ads
48f28346-56de-4877-bb3d-d0df921a4324,U227d1cd1a801c367de206ec4bbca7330,Uc1a6e41fce5fd4e73dca1feef5c4c968,2026-01-20 18:02:27,2026-01-20,ad,google_ads
5295d263-c372-44fd-8d95-a0254b1402f2,U743849e63f8101ac616f8fd0ba84a167,U8a81005b95d2ecaf1832fd8c6a0ed031,2026-04-07 02:52:55,2026-04-07,ad,facebook_ads
5e3e3593-52a5-4605-b301-8e4b2c6000e4,U4f8b2d7d97720f7d61a0294f1c9c3877,U3050706ddd46a21b8c706abc5ea5961e,2025-10-25 23:27:07,2025-10-25,qr_code,event_booth
efce7082-fa31-405c-8ef8-d2e5d0a373b6,U879eb903ad90cd9c2874f6df7651267a,U2e4a2a452ff3860fc1905322fbe26276,2025-10-24 18:37:31,2025-10-24,qr_code,receipt
9e4ad138-c7a1-4725-8d92-5e7b49056928,Ud4a92c8c8050eed40ef171cc2784d638,U33e5c0144642e73fa04ea5b339608739,2025-12-19 19:49:21,2025-12-19,search,official_directory
75b60118-129e-4262-89a6-0887648b781b,U3bae1603803a839c0cb52f511d9cb8f6,U2bb7509c4de3ecc2f924acf98dfe5bd5,2025-11-23 13:54:22,2025-11-23,search,official_directory
cf0363f9-9678-4501-a3cd-490849ce7722,Ue7310890b01058478be93761a56d0aa0,cb483d24cb948204f21e8bcbe5e007d4,2026-02-10 17:28:30,2026-02-10,search,line_app_search
4183e9c0-e8ba-4472-823f-c37d08514c5c,U227d1cd1a801c367de206ec4bbca7330,ccc3686bf92ff199e53ccc0d0cb51826,2026-01-21 04:37:05,2026-01-21,ad,google_ads
c88095e4-5a30-4a54-9dca-857fca19c2ff,U837b70463a585f85743b5bfb3b49c9fd,Uc7a17ee777f90b7ccb887f8097045847,2026-04-10 00:34:34,2026-04-10,search,official_directory
773d3e6f-5ec9-4758-8d11-b309c2411f76,U3bae1603803a839c0cb52f511d9cb8f6,U5217455a3dfd0bd3931f976ce8c0d589,2026-02-09 23:26:21,2026-02-10,other,unknown
d6a5d2ab-2428-45d3-8cc1-3dc3c8e19a87,U743849e63f8101ac616f8fd0ba84a167,U71978db7312776ac0baafdffadd08174,2026-02-04 05:11:23,2026-02-04,other,unknown
4ea2ef5b-3ea5-4e50-b750-32b0bd78de62,U743849e63f8101ac616f8fd0ba84a167,U007adfd8206b5faf03d5d0b280ee3fbb,2026-02-03 08:33:11,2026-02-03,ad,facebook_ads
3753e813-16b1-42c6-a23f-ea2c4a7bc61a,U743849e63f8101ac616f8fd0ba84a167,Ud8afa7e2edb86d74efb48dec809c3c46,2026-01-16 00:03:47,2026-01-16,qr_code,receipt
959dc761-49e5-4777-9f91-7d73bbea0a30,Ud4a92c8c8050eed40ef171cc2784d638,U1a17e6757730fde28439810b00025a9b,2025-11-28 06:13:40,2025-11-28,qr_code,poster
d4675aa8-3fca-48bd-b703-f4315f257b06,Ud4a92c8c8050eed40ef171cc2784d638,Ua94f5f4ba0a23cb1c2a57994b007b299,2025-12-02 01:18:41,2025-12-02,other,import_bulk
898ce0b8-a74f-4a9d-85a6-951281a15f3b,U743849e63f8101ac616f8fd0ba84a167,U19a6647f16e3ceeea9305987dc1c09a9,2026-02-18 19:16:06,2026-02-18,ad,google_ads
3de844a6-3f6f-4262-930e-fb5ec7259d2e,Ue7310890b01058478be93761a56d0aa0,Uc4f5760398c83740f9ab58eb8698e3ea,2026-03-30 01:31:10,2026-03-30,ad,google_ads
c87453c0-27e2-45cc-9182-3bf472c7ea4c,U3bae1603803a839c0cb52f511d9cb8f6,Ueb79de2719b3d6beb7dad28476f1bdb3,2026-04-19 15:09:26,2026-04-19,qr_code,poster
2b985b13-e406-4371-adee-f4021cbba550,U7e808d11d6f9901a954a542a7ee09918,Uadf019cd08b7dada55638feab1c0eeed,2026-03-21 14:09:09,2026-03-21,qr_code,receipt
8a3f0413-2909-4012-a624-15608c0e7f61,U3bae1603803a839c0cb52f511d9cb8f6,e0a96c0fb89b7df5869bfb4468c43007,2025-12-22 01:49:08,2025-12-23,ad,facebook_ads
8d868064-30f5-43d1-82c0-2949224e8ebd,U879eb903ad90cd9c2874f6df7651267a,U0909b6e08dce4efdb94e6d6b3cc39c1a,2026-03-22 23:25:13,2026-03-22,search,official_directory
283edf13-6878-4247-b3e2-8a7fe56f5929,U3bae1603803a839c0cb52f511d9cb8f6,Ua79d2ecd6132d79b2e6a72511627aee7,2026-01-30 21:41:21,2026-01-30,search,line_app_search
df48d897-1d8b-4068-86d2-df178ca39a46,U743849e63f8101ac616f8fd0ba84a167,U5fc808568f2159aa07f73d572d3b1a6c,2026-02-17 13:39:55,2026-02-17,search,official_directory
a3ff8911-2fc5-45ee-b536-151a5dbf7e96,Ub0341314a5534ea92b26fa8adc30543f,U19e7470e4bafd7c0a64b89e82a28bc91,2026-01-14 11:52:47,2026-01-15,search,line_app_search
25f16e95-a641-4037-a016-dce081333a8c,Ub0341314a5534ea92b26fa8adc30543f,Ue6b1b7de637df992f0818e2095d9ad3f,2026-02-15 03:19:51,2026-02-15,qr_code,poster
849c4fa8-473e-449a-97cc-98407b759770,U4784fc8a8e1e4eb2435ad84e0ad052f2,Ubca504fe01ad85e68c9a59f69ea1e784,2025-11-22 23:24:30,2025-11-22,ad,yahoo_ads
c8254405-847b-47b6-a742-c975da2b789d,U837b70463a585f85743b5bfb3b49c9fd,U4fdeaea7d301d170e7cbe6c1b100962c,2026-01-23 08:08:41,2026-01-23,ad,google_ads
9c518005-6920-454a-96c3-c12dea45b7aa,U7e808d11d6f9901a954a542a7ee09918,U5f4a9f7a8a02d2882de194db38e30727,2026-01-27 10:04:47,2026-01-27,qr_code,business_card
270d21e0-4f5b-42a8-b826-c77a40abc751,Ue9a1e8a5b83a6b296d43c957a8cfba4a,U70de9e319f354828402b2cdfc06effdf,2025-11-19 17:04:14,2025-11-19,search,line_app_search
b5b39461-de58-43e5-a3ca-8bf1f9cca0a1,Ub0341314a5534ea92b26fa8adc30543f,U9847410a1661d4066b69f797cd06827e,2025-12-01 16:25:06,2025-12-01,qr_code,event_booth
aa26ba7e-6f09-4e60-b79d-98cf63eb5f54,U3bae1603803a839c0cb52f511d9cb8f6,U8f025bba3e1bb639accd92908c88ca70,2026-04-14 22:14:13,2026-04-14,qr_code,business_card
b4550048-0da7-4eb6-9d70-fae35c99d9c7,U743849e63f8101ac616f8fd0ba84a167,U1a5ed3a50a78c28b79252268f497d4f5,2026-03-20 10:53:26,2026-03-20,link_share,email_share
267d16db-ad69-4ea1-8175-6bcb90f98d9b,U743849e63f8101ac616f8fd0ba84a167,Ubfa8e874ec4a97b258a3ba38f16bfcd2,2026-02-19 07:28:40,2026-02-19,search,line_app_search
b5bcbc5e-89f9-4761-98fa-e90a2c905760,U837b70463a585f85743b5bfb3b49c9fd,7333d953fb37db7c919d54d6ad0de756,2026-02-20 08:04:03,2026-02-20,qr_code,store_front
c90411f7-7d10-4a7b-9c9d-04ae8331e01e,Ub0341314a5534ea92b26fa8adc30543f,U585e0956fd8ae236afaea1af6c3abba3,2026-04-03 15:59:34,2026-04-03,search,line_app_search
3d8acb3a-1ff9-4d89-b7b9-3c60fbe97812,U7e808d11d6f9901a954a542a7ee09918,Udaa2bc6bf67cecf061fb5c9e4d831404,2025-11-13 01:17:41,2025-11-13,search,official_directory
c9fc1d34-bea6-4d8a-a154-482dbb82489a,Ub0341314a5534ea92b26fa8adc30543f,U443e7f5c2c37d38743473eef89865c64,2025-12-23 19:51:40,2025-12-23,qr_code,business_card
475f1a5e-f1c9-4656-a2c4-05186a3d1d0c,U3bae1603803a839c0cb52f511d9cb8f6,Ue235a57bdc2708bd8bc8a838efdc2d0c,2026-02-09 21:49:48,2026-02-09,qr_code,poster
5428ce60-4440-48ce-87c3-1c52c2f872ba,U879eb903ad90cd9c2874f6df7651267a,Ue267b8080bbe0fbea0f983209fe4854e,2026-02-11 00:49:40,2026-02-12,ad,yahoo_ads
d4b583b4-549f-48a7-a300-686e3a987351,Ub0341314a5534ea92b26fa8adc30543f,U021fb1c3c40420c06f0d4a6cbd7f1b7d,2026-02-17 02:42:31,2026-02-17,other,unknown
eeb66742-d143-4318-b192-913416035c06,U743849e63f8101ac616f8fd0ba84a167,U1b21e89729ff648268cd98892f9ec322,2026-01-07 12:18:57,2026-01-07,search,line_app_search
828f4dc5-72b3-4ab1-978a-859fb4785572,U227d1cd1a801c367de206ec4bbca7330,Ub3483817a5e9b6b75d56ec35b96e2016,2025-11-23 09:19:02,2025-11-23,search,official_directory
f0997bca-bd3a-4c16-91ce-84c6d3b0e120,U743849e63f8101ac616f8fd0ba84a167,U347baba0f152bb23cde4a7ba338650f9,2025-12-20 05:42:42,2025-12-20,qr_code,receipt
a28ea60a-c183-4849-8352-36f25ea966e5,U227d1cd1a801c367de206ec4bbca7330,Ucac37f2ee46dc3053d193c873aea1e55,2026-04-09 14:14:07,2026-04-10,ad,facebook_ads
60b84c1b-38e6-467c-a510-176b1157a15c,U3e5dd3a641c58ad50e49f095c6f1e306,Uaafe34163131f16f677c246260cbcf64,2026-02-22 23:46:33,2026-02-22,search,official_directory
179639f7-0e82-42a5-be31-6ac3f4187b3f,Ud4a92c8c8050eed40ef171cc2784d638,U3bbbf99214ad3e92fd8c3eed1c2424e6,2025-12-22 06:37:38,2025-12-23,qr_code,event_booth
3d2c672f-ee06-4f8a-8ab4-82ab1c426c7a,U7e808d11d6f9901a954a542a7ee09918,U05fb28c067de6e0ec4a99456c15d698b,2026-03-02 05:26:59,2026-03-02,link_share,messaging_app
83a08952-8c9f-4fd7-bfe1-8b86282c86ed,Ub0341314a5534ea92b26fa8adc30543f,Ub46fa780e7ca786ed6df7ed2faeb9436,2026-02-28 20:39:37,2026-02-28,qr_code,business_card
94991a53-4c64-456b-9266-2060df92da3e,U743849e63f8101ac616f8fd0ba84a167,U7d9aaede8d088bb618a685c6a994f415,2026-03-27 07:25:38,2026-03-27,qr_code,store_front
3febc964-ce0f-4271-bb71-e3cdcd6ec391,U22a93bc29b1df104af6b1ba1cd91fc56,Ua7a8d8a3a28c56ae3abba47fff742357,2026-02-11 05:02:22,2026-02-11,search,line_app_search
4772def4-ea63-42a8-839c-9f601cf0cab4,Ub0341314a5534ea92b26fa8adc30543f,U8d0466405322072db1033f5c31c9a65c,2026-01-29 11:59:04,2026-01-29,qr_code,store_front
4b9feacf-2e97-4362-babd-9048a4dc35e5,U3bae1603803a839c0cb52f511d9cb8f6,Uf481e3e0df0183bbf0dab6125fd0de98,2026-01-19 20:56:24,2026-01-19,qr_code,store_front
133df170-e306-41f6-978c-fec6fb33a0ca,U743849e63f8101ac616f8fd0ba84a167,Ud327d652185bdf8a92f7f0639c0fd0a3,2026-01-05 06:34:24,2026-01-05,qr_code,store_front
6761366e-e838-4cd2-a56f-de099fea1d6c,U4f8b2d7d97720f7d61a0294f1c9c3877,U59f345470cf366b6df419063d6d9bacb,2026-04-10 05:34:05,2026-04-11,link_share,email_share
904aaca4-4869-4319-b8aa-b3016c2baab5,Ud4a92c8c8050eed40ef171cc2784d638,Ud46c9ab743b64594c4ddfdc04190724c,2025-11-24 00:12:32,2025-11-24,other,import_bulk
5cbc884b-05dc-4e0f-818a-3441968e93ad,U743849e63f8101ac616f8fd0ba84a167,Ucab4637433f57d709821e3c1f153a44d,2025-11-26 03:07:06,2025-11-26,link_share,messaging_app
2dfd07e7-7fad-4269-98f5-c2a57cc2fbfb,U743849e63f8101ac616f8fd0ba84a167,U2690f93566fba2aae38cbf1ce62301b7,2026-03-29 14:57:44,2026-03-29,link_share,sns_share
92fbbebd-ff45-40a6-934d-540a5522ff46,U1fadb6bf4c876b4dd1e37960d23c5eb4,U28b443e1d836d58f83da73b9e3e3ce93,2026-01-07 00:59:22,2026-01-07,search,line_app_search
49b163a0-ffe4-42cf-8a33-44d40bc5b7d3,U743849e63f8101ac616f8fd0ba84a167,U2b0b271b5e508e24fbeb11d84a8f3c44,2026-03-15 16:39:35,2026-03-15,qr_code,receipt
c7e6bfe3-0837-45a9-a393-7c27162abcfd,Ub0341314a5534ea92b26fa8adc30543f,8f6d9c039d2dfa8ba8ebd98a4ea4e8a5,2026-03-04 02:40:03,2026-03-04,qr_code,receipt
7fd17ce4-b8b5-433c-8fdd-817f4c14ed6f,U743849e63f8101ac616f8fd0ba84a167,f6824aca7e9d6b0c9d91181be658c8e2,2025-12-29 09:39:57,2025-12-29,link_share,messaging_app
0af48fd7-a598-4c46-b908-981fa5d56c2d,U7e808d11d6f9901a954a542a7ee09918,U69209d4d3926e1bd0350ea2518504456,2025-12-19 15:12:33,2025-12-19,search,official_directory
f8a9a3bd-5352-4900-af84-0aa895a9f273,U3bae1603803a839c0cb52f511d9cb8f6,Ue0762b84177cb5bbd813d77b74473c64,2025-12-02 05:16:17,2025-12-02,search,line_app_search
66b4adc7-93fa-474a-9f0c-03bf94cc8926,U3bae1603803a839c0cb52f511d9cb8f6,U91d10ca57459acc340680d2540267dd3,2026-01-27 06:31:42,2026-01-27,qr_code,business_card
564558d4-e834-4682-a337-99f02f623a2f,Ue7310890b01058478be93761a56d0aa0,efc31beb7495278ab57beb8077887685,2025-10-23 05:15:35,2025-10-23,qr_code,poster
4a19a1d8-f260-415e-a839-4afba9345ed1,U743849e63f8101ac616f8fd0ba84a167,Uae72d7fac0babf098362046e666edaaa,2026-03-17 20:49:56,2026-03-17,ad,facebook_ads
b8cce546-4e3c-4fef-8efc-344daf6da378,U3bae1603803a839c0cb52f511d9cb8f6,U2482c65530cfa6526480c5af0b5c3ade,2026-02-12 10:40:26,2026-02-12,qr_code,event_booth
f9d25b7b-1b08-4a8b-b9fa-5934c46301d8,U3bae1603803a839c0cb52f511d9cb8f6,Ud2cc8b65385f428ecf586d261b1ca8dd,2025-12-29 04:07:58,2025-12-29,qr_code,business_card
b9ad7dd1-3821-4746-93a9-928273e26ac7,Ub0341314a5534ea92b26fa8adc30543f,U281f895b7b7959e2b53974f375c05dfc,2026-04-05 01:13:15,2026-04-05,ad,yahoo_ads
54eb85bc-c471-4cf4-963b-e41f8341685f,U3bae1603803a839c0cb52f511d9cb8f6,Uf5b199899fef601122d26f4219202419,2025-10-24 11:39:52,2025-10-24,search,line_app_search
0badd890-4994-4825-95bc-ad497347a502,U227d1cd1a801c367de206ec4bbca7330,Ua6e9d258736346da8c0b7967ed97276f,2026-01-21 15:09:12,2026-01-21,ad,facebook_ads
0c7c557e-adf4-467a-8d3d-64e0e316b71b,Ue7310890b01058478be93761a56d0aa0,03fe67b3ced2bcb2afe63fa75737bfe4,2026-01-19 02:59:52,2026-01-19,qr_code,poster
6c9e7e19-5b4e-4249-b037-8e86ef3003aa,Ue7310890b01058478be93761a56d0aa0,U2f9dcf2de077a195979c695e2e9f1072,2025-11-07 00:56:43,2025-11-07,ad,line_ads
eef17814-a87d-4110-ba2f-9c48fe6b92f9,U743849e63f8101ac616f8fd0ba84a167,U2d38c3b2304ec3085fa00d463e5c9920,2026-01-20 23:19:18,2026-01-20,qr_code,store_front
cfd05739-7b6b-4b2f-a831-3004016c5c91,U743849e63f8101ac616f8fd0ba84a167,d5e97a431b21bd462bfd42e64ca7ae25,2026-04-14 07:26:57,2026-04-14,qr_code,store_front
f47ef014-a19a-461a-a8f1-67017c814e9c,Ub0341314a5534ea92b26fa8adc30543f,U3d78e918fab5702201a089f64959b4c6,2026-01-19 22:40:38,2026-01-19,qr_code,store_front
0e080dc0-4533-42be-b8b5-9b9d6b08f11c,U3bae1603803a839c0cb52f511d9cb8f6,Ue8a5a8007b01848d72a33bdd4fb455b6,2026-01-01 12:01:26,2026-01-01,qr_code,receipt
024ab571-e5d7-42dd-9190-a136bf5b295a,U3bae1603803a839c0cb52f511d9cb8f6,U4ff3b34d9ad316e38b8640496bad1e8a,2026-01-10 10:07:50,2026-01-10,search,official_directory
cc13d453-81b0-4c4c-a0f8-b92232c9852e,Ue7310890b01058478be93761a56d0aa0,Udd48cc51d5339b30bdee1f1ccb16c334,2026-03-26 05:16:14,2026-03-26,qr_code,event_booth
c7f7977a-9ec3-490c-a2e0-6e7ef50057d6,Ue7310890b01058478be93761a56d0aa0,U4bc1ffe358bab1b0c5bb2085324c0d59,2026-02-26 19:38:12,2026-02-26,other,import_bulk
8e01790d-a0e3-406c-9a30-da3e048b2e3a,Ue7310890b01058478be93761a56d0aa0,U3ab5f225332e8d0f438be5f509079fb9,2026-02-11 17:43:06,2026-02-11,search,official_directory
6f70bd3a-4ecb-40df-a87d-f4f753e7e57b,Ud4a92c8c8050eed40ef171cc2784d638,4a08a4dc99564296e002acaae678c63e,2026-01-31 22:11:15,2026-01-31,qr_code,store_front
0406285e-1db3-4863-b0c1-a8f74733e527,Ub0341314a5534ea92b26fa8adc30543f,U8d4720eb4e239e6c97dd5a3ce9356abc,2026-01-14 06:58:58,2026-01-14,qr_code,event_booth
8758f0fb-1ee3-484f-911f-29be856454a8,U4784fc8a8e1e4eb2435ad84e0ad052f2,U9876e3f8a6e8cbd72440d425050ec468,2026-01-26 07:57:46,2026-01-26,qr_code,poster
7057bb58-a61e-4f83-9f11-49f848bc29ea,U476acbdef8e9a16d24575e4f6d7b0f31,bf6929593167eb0a82fec8342338f84b,2025-12-23 16:09:55,2025-12-23,link_share,email_share
1c9b023f-adb8-4917-ae25-f40564560737,Ud4a92c8c8050eed40ef171cc2784d638,U057158ab50a929fcd9b00f774d0d53f8,2026-01-21 00:15:33,2026-01-21,search,official_directory
36137b53-7fb2-488e-9554-9ca63563a28d,U3bae1603803a839c0cb52f511d9cb8f6,U9665fc6466dc85c9e790772d0f887502,2026-01-19 20:14:15,2026-01-19,link_share,sns_share
e53d985c-4cbb-4e94-aac4-ac098b1771dd,U743849e63f8101ac616f8fd0ba84a167,f666e1a59326c5f4fe1c0853242819ec,2025-12-19 12:24:37,2025-12-20,ad,google_ads
69b89857-8dee-410b-aa6e-019949324395,Ue7310890b01058478be93761a56d0aa0,U2ce0fe225867b6c770c1fbcc1d846dcd,2025-11-21 02:44:44,2025-11-21,qr_code,business_card
48023381-937f-4a39-86f1-b602fc006279,Ud4a92c8c8050eed40ef171cc2784d638,Ub5b27b8c7b7df3b38dde645a0799bc7a,2026-01-16 15:54:23,2026-01-16,qr_code,store_front
c7528e5c-a5e1-4647-b165-77581b6f7518,U743849e63f8101ac616f8fd0ba84a167,U66f9bd7047df3193a0992565c096cf51,2025-11-01 05:57:32,2025-11-01,qr_code,receipt
f0659709-a150-4ef7-a8ea-49ec4251c4c3,U3bae1603803a839c0cb52f511d9cb8f6,Ufaefc41b49d9e9c91cf01ed6c88cdb21,2026-02-08 21:50:15,2026-02-08,ad,yahoo_ads
54a24846-19f6-4059-bc3d-412d280daf25,Ue9a1e8a5b83a6b296d43c957a8cfba4a,Uf48290e116e830c9d28bd354eeeb870b,2026-04-12 02:57:09,2026-04-12,qr_code,poster
0f3c4853-0c3c-44d1-b3fc-cd77c95d7dd3,U743849e63f8101ac616f8fd0ba84a167,c58230bdd2bcfc3e96b872e27651f045,2026-02-15 09:52:14,2026-02-15,search,line_app_search
f7b186cc-73b8-4c15-a95e-fb41a0ba5876,Ub0341314a5534ea92b26fa8adc30543f,U8d5b3b9c138bb2fe9bba58e3f095da2e,2026-01-16 09:19:29,2026-01-16,search,line_app_search
5c330560-42b2-4221-9591-e776025e8391,Ub0341314a5534ea92b26fa8adc30543f,U4e3d21f894c1ddff47734535205f6632,2025-10-27 05:46:37,2025-10-27,search,official_directory
7bf00719-ce83-4a30-957e-d7c4025906d7,U743849e63f8101ac616f8fd0ba84a167,U70d5cf85f77229ff7257618d0a36acec,2026-02-19 17:32:55,2026-02-19,search,line_app_search
8adbdbe6-7c2d-4b95-859e-86cfc4a3d007,U22a93bc29b1df104af6b1ba1cd91fc56,U8daed4f7162f0328553c8b0807d98156,2025-11-13 02:54:31,2025-11-13,search,official_directory
3d33a7c2-0c17-4dc5-a29a-45eaf9a1e067,Ub0341314a5534ea92b26fa8adc30543f,Ua497cc160e7bbce93da440ada6a6bb45,2025-12-26 20:10:06,2025-12-26,ad,yahoo_ads
e81e22b8-832f-4af2-9488-7f562aeef259,Ub0341314a5534ea92b26fa8adc30543f,U34a8c58144ed752731c4ffa7f1baf85d,2026-01-12 13:14:00,2026-01-12,search,official_directory
cc8e0c0b-02b1-46ca-84bd-fa6bd5f30c19,U3bae1603803a839c0cb52f511d9cb8f6,Ub15a7792d52041813f08eacf6e8c4cdf,2025-12-09 00:44:06,2025-12-09,link_share,email_share
d6d6b5f6-e057-4a82-9466-b54bd575d11d,Ub0341314a5534ea92b26fa8adc30543f,U1359a82df85a66f7bca0dc0a3a4b00bf,2026-03-02 02:07:42,2026-03-03,qr_code,business_card
3dc95f34-7ed2-44b7-90a3-c329abac9511,U743849e63f8101ac616f8fd0ba84a167,U27692d6fddbb16a59712a20a979c290d,2026-03-12 16:20:51,2026-03-12,qr_code,business_card
5ad1ab45-3e60-45f8-9c2d-cdc88cdb8989,U743849e63f8101ac616f8fd0ba84a167,U8e56f52e70c5c02193cc932e92d4d48a,2026-01-09 18:40:02,2026-01-09,ad,line_ads
e42da771-b4fd-46ca-be58-c6db32b0c18c,Ub0341314a5534ea92b26fa8adc30543f,Uc07f92add2167674cda97c7fd137c5f4,2025-10-24 04:55:11,2025-10-24,search,official_directory
98a9c2d2-d351-4a0f-a5d2-035c9d68b384,U227d1cd1a801c367de206ec4bbca7330,Ub56841265b495a1c65c6e6696297e7c0,2025-12-07 07:29:27,2025-12-07,search,line_app_search
bb0c2cc3-256a-41e2-b92c-6d00a92235b9,U743849e63f8101ac616f8fd0ba84a167,Ub26a2769c407f432d60939241cf4bb3d,2025-12-10 23:42:11,2025-12-10,qr_code,business_card
7f6ca774-d0db-4364-8b70-27c20f82c2c5,U743849e63f8101ac616f8fd0ba84a167,U9d366d582a3e132572f0f62f2495e67f,2026-01-27 01:27:10,2026-01-27,search,line_app_search
e308b857-91a2-4787-811e-b12ba2562ff0,U22a93bc29b1df104af6b1ba1cd91fc56,Uc22ce48e1e1a3770a57e58140b4b1100,2026-01-27 11:14:16,2026-01-27,qr_code,business_card
9f004e9e-beef-459e-b005-379ec2634c54,U4784fc8a8e1e4eb2435ad84e0ad052f2,U0482ea6c1cf4caec268ca13ed83246dc,2025-10-22 09:34:38,2025-10-22,qr_code,poster
19a9b9ed-eca6-4eeb-b28d-fd156217d4b1,U3bae1603803a839c0cb52f511d9cb8f6,U01a52079ebffa7e99827439cd82c96b1,2025-12-12 15:54:27,2025-12-12,search,official_directory
c778ded7-6e6a-4cf1-8f48-71d6e16073c1,U3bae1603803a839c0cb52f511d9cb8f6,Ue2badf7cf6e56564fec921abef3a657d,2026-02-21 07:19:59,2026-02-21,link_share,email_share
fec7abcb-c025-4df6-9197-0580dc00aacc,U3bae1603803a839c0cb52f511d9cb8f6,Ub735d8d3c8424dbdf3e9e35231cf590a,2026-01-10 04:17:09,2026-01-10,qr_code,event_booth
cb119d76-d177-4fda-93e5-f95eab435772,U743849e63f8101ac616f8fd0ba84a167,449f5c2639f490809cc9025e53f161f9,2025-11-06 06:09:49,2025-11-06,ad,line_ads
23576adc-ada5-4846-9a7a-33fffd825e0c,Ub0341314a5534ea92b26fa8adc30543f,Ucfab3f67713542c84fe12e427f1704f0,2026-03-08 22:35:05,2026-03-08,search,official_directory
b6750401-e64d-4a1a-8a85-08f08ca316fb,U743849e63f8101ac616f8fd0ba84a167,Ua073267a8b81b9e7a3f456a055f91ca9,2026-02-12 00:51:18,2026-02-12,ad,line_ads
7f798015-c823-4b9e-8e35-ccd2724fc1af,U7e808d11d6f9901a954a542a7ee09918,Uf1edfc7deba78639f20338800c0c593f,2026-02-16 16:48:42,2026-02-16,qr_code,receipt
7e4d9fe9-ac41-41b3-b7bd-a73c849e7367,U227d1cd1a801c367de206ec4bbca7330,U6158bbeacbc79950285b9b521496675c,2026-01-03 07:06:03,2026-01-03,link_share,email_share
409120a0-f397-41fe-8aa7-f01910e5cfb8,U837b70463a585f85743b5bfb3b49c9fd,U70289d31383a4f6b9cae7ef7c68b695d,2026-03-13 17:56:39,2026-03-13,search,official_directory
774ab47b-c623-4934-afe0-fd44a499c63a,U227d1cd1a801c367de206ec4bbca7330,Ufa57a9e1f9975aa3b544f42ef42d7db6,2026-04-09 20:39:55,2026-04-09,qr_code,business_card
1011c9fe-cde8-4422-8a59-7825d8a79236,U3bae1603803a839c0cb52f511d9cb8f6,Ub144bd1d1d8ae96b9b0510fa435ba1d0,2025-10-21 06:14:36,2025-10-21,qr_code,store_front
de0e8cbd-94a1-4691-b680-1c2322d15370,U879eb903ad90cd9c2874f6df7651267a,U9f3df354337f9bef3638b3b2725d83f2,2025-12-20 21:29:04,2025-12-20,qr_code,event_booth
7d8e826c-0dd4-405a-9e84-efd1bbbc90d8,U837b70463a585f85743b5bfb3b49c9fd,U5255fa43be03d989b83b7015c9ab4022,2025-10-18 19:06:51,2025-10-18,qr_code,receipt
96c65d19-3211-4035-b3e8-43edc58adc14,U4f8b2d7d97720f7d61a0294f1c9c3877,U2389c6a3d28459a7e5fe0c001dbc444d,2026-03-11 04:20:10,2026-03-11,search,official_directory
609a6362-9173-449f-9da6-36937f85f1ce,Ub0341314a5534ea92b26fa8adc30543f,Ued08f4fa4a9cb66d427b470f1a3afb9e,2026-03-30 12:29:10,2026-03-30,search,line_app_search
c89f70eb-da4b-444d-adac-a09d91527b8b,U3bae1603803a839c0cb52f511d9cb8f6,Ue65378a1d26c10bd93b9a6850fbf58c6,2025-12-23 12:18:29,2025-12-23,qr_code,event_booth
8f70723c-d203-4ac0-b22a-7d5666d2b95d,U743849e63f8101ac616f8fd0ba84a167,Uc02fb6352b285b0deba3d9ee2312a250,2025-11-20 13:14:10,2025-11-20,qr_code,receipt
a1a435c1-77f4-4cac-88fb-28d299b755a6,Ub0341314a5534ea92b26fa8adc30543f,U6f81f627015dc2fc3e5d85f42a3119d3,2026-04-01 05:17:55,2026-04-01,search,official_directory
38e751de-4579-4ea9-8e3a-9920a7e82c9a,U3bae1603803a839c0cb52f511d9cb8f6,U095ddffb73766f65ba52700906498cb3,2026-04-08 11:17:55,2026-04-08,qr_code,receipt
0c65793e-6f9d-48f2-8a1c-109848344ce8,Ud4a92c8c8050eed40ef171cc2784d638,U54b2e49d23def0db2d2c9cd37ff8c444,2025-11-14 16:51:49,2025-11-14,qr_code,business_card
e4d1a83b-7939-4190-827f-d834d8eac13c,U743849e63f8101ac616f8fd0ba84a167,2fe57872a92322d94d4db0e74c2de5f0,2025-10-27 18:02:51,2025-10-27,ad,google_ads
a630b232-39ed-4544-9e81-dafa183a84c9,Ue7310890b01058478be93761a56d0aa0,Ue730552c6b35d81a3219bb39409e6b50,2026-01-02 22:52:58,2026-01-02,search,line_app_search
1185a779-c478-4428-906b-900b0683a1fa,Ud4a92c8c8050eed40ef171cc2784d638,U4c426870a49bcfd5df4c6c69b00042f8,2025-12-06 16:59:09,2025-12-06,search,line_app_search
04be8c98-f59c-4c3a-a3ad-bdf6d259b426,Ub0341314a5534ea92b26fa8adc30543f,U182a370edc81b90c30de21afd5284e04,2026-02-22 07:50:04,2026-02-22,other,unknown
71d4cb33-6946-47a1-a184-d760f5312c1d,U743849e63f8101ac616f8fd0ba84a167,7df64c88e1a72fa6db5b1e8e14f9b6c8,2026-04-11 11:24:15,2026-04-11,qr_code,business_card
98e67d6a-9d8a-40b6-9157-399dd2a4e930,Ue7310890b01058478be93761a56d0aa0,U3b0141c9f2c771d2625f7ee4baad13aa,2025-11-07 18:34:15,2025-11-07,qr_code,business_card
f5985874-4053-4ed1-9adf-e4aa15c28870,Ub0341314a5534ea92b26fa8adc30543f,U2daa2c5d942b82295b3b2b2f207844e6,2025-10-19 11:01:21,2025-10-19,ad,yahoo_ads
1d613b21-2e45-413d-9fe8-4197e6d9c191,Ue7310890b01058478be93761a56d0aa0,U1c5018917c3e1b81b732199409ecf041,2026-01-02 22:04:04,2026-01-02,search,line_app_search
3263b0a0-6e42-40d9-a1fb-1d1bef5ec25d,U3bae1603803a839c0cb52f511d9cb8f6,6a3b806d71b92b72d8f791b11a19dc52,2025-12-09 15:14:36,2025-12-09,qr_code,store_front
b968a506-7a37-4cbb-842e-c9f41fbfb0a9,U3bae1603803a839c0cb52f511d9cb8f6,U098cec9fe5bff89cc327842e30c56f49,2026-03-06 07:35:49,2026-03-06,qr_code,store_front
ca64ed9e-4cba-44bc-8948-ececc8b10d20,U3bae1603803a839c0cb52f511d9cb8f6,Ud37c5d42096b679b0b573fd7b7e2e7e9,2025-12-22 15:40:35,2025-12-22,qr_code,store_front
fbf59823-b357-447d-b4a6-69bee105ecac,U743849e63f8101ac616f8fd0ba84a167,Ua99da50473a74ad0f63de5fc527cfaad,2026-02-01 23:04:39,2026-02-01,search,official_directory
53c04f15-3c76-4fa0-9dd0-223085a476e5,Ue7310890b01058478be93761a56d0aa0,Ua4f2ac94694cbe4a9566e49f10825336,2025-10-30 17:16:44,2025-10-30,search,line_app_search
0962b28e-9559-4cc7-af7c-fc184dd70e60,U743849e63f8101ac616f8fd0ba84a167,Uc9d6f78c92ec91a6a993d9482c3af820,2026-02-17 18:54:52,2026-02-17,qr_code,event_booth
78dbbc49-2808-4aac-b06e-8dbadfa232e7,U227d1cd1a801c367de206ec4bbca7330,Udb3d8a2a895f388208544d8d4ecf1eb2,2026-03-29 04:54:27,2026-03-29,search,line_app_search
d80a3bab-2239-4f23-baee-4e222d44a566,U4784fc8a8e1e4eb2435ad84e0ad052f2,Ub6336df1746e84858cc41df792cd4ba2,2025-12-13 10:13:10,2025-12-13,search,line_app_search
f36470c8-0d1e-4eeb-bbb8-0b666508f1f9,U3bae1603803a839c0cb52f511d9cb8f6,U94eeb54804722eb1ac7e3bcba3adabea,2026-02-17 17:28:34,2026-02-17,qr_code,store_front
4aec4296-b60b-4aff-a8d4-239972fd0cdd,U4f8b2d7d97720f7d61a0294f1c9c3877,4638f8f05f016d770ed620e729b7f4e4,2025-12-02 22:59:45,2025-12-02,search,line_app_search
fe57edcf-392c-4c33-8479-2c8cf90d959b,U743849e63f8101ac616f8fd0ba84a167,U2814d59eac8158171425c26ead6fd011,2026-03-24 10:34:57,2026-03-24,search,official_directory
a9630585-d527-4774-8a37-422a59ea6007,U4784fc8a8e1e4eb2435ad84e0ad052f2,U332e9bc4b5442385165b07f5370d822f,2025-12-22 04:30:21,2025-12-22,qr_code,store_front
cec687c7-89c6-4582-87a0-bf4e8702e9d1,U837b70463a585f85743b5bfb3b49c9fd,Ud83ce12f13e2fb71a64727a45dc8af72,2025-10-27 19:52:50,2025-10-27,other,import_bulk
724e5918-c988-4427-87a4-9242e1aec7a3,Ub0341314a5534ea92b26fa8adc30543f,Uf8a907258287551bee582ffe74a0a0d5,2026-03-14 15:38:10,2026-03-14,search,official_directory
efdcf8e6-2795-4916-b3d9-1eba8c870ac6,U4784fc8a8e1e4eb2435ad84e0ad052f2,f23e261021ce80fc1c8ca86417be7f62,2025-10-18 20:12:26,2025-10-18,link_share,messaging_app
4477870c-95a8-4836-a1fa-30b5418c37ca,U3bae1603803a839c0cb52f511d9cb8f6,U0345111594fe4a8d7c436cb8fbb66826,2025-11-14 07:09:13,2025-11-14,qr_code,receipt
68850244-3464-4955-9ef5-eb25f98605f0,Ub0341314a5534ea92b26fa8adc30543f,U021417f94b1e5e50133452116e7e501a,2026-03-03 21:01:13,2026-03-03,qr_code,event_booth
82087e09-93ff-487d-aab9-2d13fe68bbb8,Ue9a1e8a5b83a6b296d43c957a8cfba4a,Uf36da5ab5042819ddd1db412211f6dc3,2026-03-21 17:07:07,2026-03-21,link_share,sns_share
fa81b8e2-6394-4e2c-b965-115e10f4877f,U227d1cd1a801c367de206ec4bbca7330,U549613a521a5adc19633ed2797ae1346,2025-10-25 05:10:43,2025-10-25,search,line_app_search
14ebe7ec-2fed-408b-beaf-15115f0b5221,Ue7310890b01058478be93761a56d0aa0,Uea0431f23d8138bbf7d29d87a67303c5,2026-03-19 23:04:46,2026-03-19,qr_code,business_card
9afedf96-ae51-472d-a557-b8175a980604,U743849e63f8101ac616f8fd0ba84a167,Ub72ddb4eef058460085b3954719e5efc,2026-01-11 06:44:19,2026-01-11,qr_code,business_card
673853f7-c7ae-4344-9bce-ddc1089b1335,U3bae1603803a839c0cb52f511d9cb8f6,U31b353b809885f2cabfeaf79677d8792,2025-11-01 10:33:04,2025-11-01,search,line_app_search
40672631-c0ec-4b04-972f-fd48fd18e8a3,Ue7310890b01058478be93761a56d0aa0,U07714ac0a39d130623335e3eaa2a689e,2026-01-17 02:36:29,2026-01-17,qr_code,receipt
4fe67fb9-5f66-45a2-8094-d70f3d52b1bb,U3bae1603803a839c0cb52f511d9cb8f6,U3e3430c9b8efaef87ee4d90d02d660fe,2026-02-13 10:42:41,2026-02-13,qr_code,receipt
a6d89be8-9c8a-41cc-8773-22e9a9d21440,Ue7310890b01058478be93761a56d0aa0,U8ae83acce41e5c8f76d3438088914bdb,2026-02-27 07:02:22,2026-02-27,qr_code,event_booth
bccb4a8a-42e5-4ba5-9367-bbfcb9689954,U3bae1603803a839c0cb52f511d9cb8f6,4eb3227e5d7dc6f733ba1a545f406834,2025-12-29 06:36:31,2025-12-29,qr_code,store_front
2bb81353-0101-42b9-9607-3a9744be5958,U743849e63f8101ac616f8fd0ba84a167,U62ed69b3b8ba1529996ecee20566c2ab,2026-01-05 20:41:15,2026-01-05,search,line_app_search
110996cf-d9c9-4756-a2a8-824f900a216a,U3bae1603803a839c0cb52f511d9cb8f6,Ud58014a8ff1303b355041ec0700c6194,2026-01-14 04:52:29,2026-01-14,ad,line_ads
266c8155-3aeb-4d78-b3d3-212bb6b23e32,U743849e63f8101ac616f8fd0ba84a167,42257941ac098f9581a65329c19475bc,2026-04-03 16:52:38,2026-04-04,link_share,messaging_app
97815688-58a4-4276-b433-3dcdb4367a4f,U3bae1603803a839c0cb52f511d9cb8f6,U4eeb104546db5d061afeb9c1814013bc,2025-12-17 23:33:47,2025-12-17,link_share,email_share
9717505a-ba38-4ae5-ad81-313403d96a96,Ub0341314a5534ea92b26fa8adc30543f,U5f399bc9ab87897b2057a3ed74b433d3,2025-12-29 06:54:43,2025-12-29,link_share,email_share
f9114c41-743b-400e-823b-3b854cb05efc,Ub0341314a5534ea92b26fa8adc30543f,U3743b18d529d1edcff53428c74d56dc3,2026-03-12 02:09:43,2026-03-12,qr_code,store_front
1c45bd36-17e6-4338-8486-683b71839d45,U3bae1603803a839c0cb52f511d9cb8f6,Uf5d7227bd6edaee0bbad34a217bfaacf,2025-12-13 09:57:26,2025-12-13,search,line_app_search
bb402c1c-3277-47f8-8d64-db559e43a0e4,Ud4a92c8c8050eed40ef171cc2784d638,U1afc759f0da825efa1ca92b69b617a38,2026-03-22 02:06:51,2026-03-22,other,unknown
8ddaccd0-4046-42d6-8a94-56794ec73410,Ub0341314a5534ea92b26fa8adc30543f,U147f179abbfab6a2dc567454db4f9f89,2026-03-16 14:37:13,2026-03-16,search,official_directory
67e8c11c-11c4-419c-a761-5c9812c8ba0b,Ub0341314a5534ea92b26fa8adc30543f,U8ce0862b385e8ebca6e5bf5aebe1aa5b,2026-02-04 15:17:19,2026-02-04,other,unknown
331b54fa-b4cc-4e0d-8652-0065b6c70b84,U3bae1603803a839c0cb52f511d9cb8f6,U36a2dcc4d8003872b34d3d93d9df8282,2026-01-28 20:11:32,2026-01-28,search,line_app_search
ec0ecfe3-f56a-4f07-ad13-9963a8a176cf,U3bae1603803a839c0cb52f511d9cb8f6,U44266803744e2a133a45304cfe9c5476,2025-11-28 23:14:23,2025-11-28,qr_code,receipt
039269e0-1e80-42c6-8ddd-ad1b0cf604fd,U4784fc8a8e1e4eb2435ad84e0ad052f2,Ua571387f51cdbf93619469a283270229,2026-04-09 12:21:14,2026-04-09,link_share,messaging_app
51fa1f86-522c-4377-9859-c6b1e64ad0cf,U743849e63f8101ac616f8fd0ba84a167,Udbb30aaa26383823c2d723cb30e5c162,2026-03-25 10:24:55,2026-03-25,ad,google_ads
6d2bd8d6-061f-428d-9e55-137ab222d799,U3bae1603803a839c0cb52f511d9cb8f6,Ua5c541b72ac871ec56ca05cdb7499043,2026-03-23 20:11:42,2026-03-23,ad,google_ads
caf764a9-b687-4f8c-b28e-15a2ab892de6,U743849e63f8101ac616f8fd0ba84a167,U9d1adbc530b329c790ad46d5944180b0,2026-01-21 01:16:31,2026-01-21,link_share,messaging_app
73c248ec-6ccc-4e39-ae4d-632e9e4be247,U227d1cd1a801c367de206ec4bbca7330,U928bc4873218f5f5bcaac0b0c4ebbce1,2026-01-20 22:14:50,2026-01-20,qr_code,poster
94a678ae-0380-4a20-8916-043c8be8e0fe,Ub0341314a5534ea92b26fa8adc30543f,U4a3fd70d30b24a1ca3ebe1927ef318b7,2026-01-25 10:55:27,2026-01-25,ad,facebook_ads
9c1e2955-414b-4e31-99bb-880315b4e9d1,U743849e63f8101ac616f8fd0ba84a167,Ud5292753c5ff672e1b969c68a65f402c,2025-10-23 15:01:10,2025-10-23,qr_code,business_card
f7c6a5b4-8026-4e33-bf6b-6219c4aea8c7,U1fadb6bf4c876b4dd1e37960d23c5eb4,U661feec880213c46eded726cb50fe4dc,2025-11-04 03:36:46,2025-11-04,search,official_directory
e0dcc947-4fc7-42c6-ab46-ae689894276a,U3bae1603803a839c0cb52f511d9cb8f6,U5a7e7755c334b8a89a1a48e9d3f8e54e,2026-01-04 09:15:58,2026-01-04,qr_code,receipt
be9d70d6-5483-4c72-8526-d07b1fd832f7,U476acbdef8e9a16d24575e4f6d7b0f31,Ua7f812d6328a64dc20d51d14d6b251eb,2026-03-05 02:01:02,2026-03-05,other,unknown
8ae110d0-c813-435b-9afb-79f18c341f52,U743849e63f8101ac616f8fd0ba84a167,ff8451e4777d17fad01f8d126206823b,2026-03-26 09:10:54,2026-03-26,other,import_bulk
62c65b0a-a107-4936-ac49-2e8e0cda22c5,U879eb903ad90cd9c2874f6df7651267a,U803489a7fd39955c97a9c317ac36a37e,2026-03-21 14:15:23,2026-03-21,search,official_directory
33b7539b-72fe-4202-b3de-0fb3c16f4f91,Ub0341314a5534ea92b26fa8adc30543f,88d79e17eab1e7dd5814cb2100a55667,2025-12-10 18:34:22,2025-12-10,qr_code,business_card
7efc3a07-4f27-44ac-affe-e9b7a06fca1b,U3bae1603803a839c0cb52f511d9cb8f6,Ubf65839b2ee9398d5c299f08c5022efc,2025-12-19 19:57:50,2025-12-19,qr_code,receipt
1e3a723b-9d36-4157-be0f-f80a0e8ddec0,Ub0341314a5534ea92b26fa8adc30543f,Uf975cc56c7336f2bbea8a2b34bcc2ae9,2025-10-29 18:32:18,2025-10-29,link_share,email_share
aac95d25-2607-42ad-985f-344944cc0b82,U3bae1603803a839c0cb52f511d9cb8f6,U5da85c5b1b60f8d58629d81375cb7a4d,2026-01-21 12:30:59,2026-01-21,ad,yahoo_ads
e592a531-183e-4e38-ae7d-a54e008d30be,U743849e63f8101ac616f8fd0ba84a167,U67acfa7cd749fcfc44e3ae3efe49c930,2026-01-22 14:23:02,2026-01-22,search,official_directory
c6b88f15-efc4-4cef-92e6-151dc15cf063,U7e808d11d6f9901a954a542a7ee09918,U5da96127a7d4614d1192c77af206ac9c,2026-02-04 22:39:10,2026-02-04,ad,facebook_ads
02f8d660-b04f-47a9-ba5e-bae65edb63da,U7e808d11d6f9901a954a542a7ee09918,Ud45fa888c1c31a0e5545b8c3c04e384e,2025-10-18 21:00:28,2025-10-18,link_share,sns_share
8d9dfbe3-a993-4547-8f6d-128c1d871649,Ub0341314a5534ea92b26fa8adc30543f,U512d985578613e64e3c0a21a73877271,2025-12-25 04:08:36,2025-12-25,qr_code,event_booth
e09d9438-65f9-4e2f-86b1-1d089ca2b251,Ub0341314a5534ea92b26fa8adc30543f,Ud6c58e411237b0b97918d2eedfa02873,2025-12-28 14:49:50,2025-12-28,qr_code,business_card
d6b25932-74aa-41bd-a81a-1fb438b0fb83,Ud4a92c8c8050eed40ef171cc2784d638,U7ba4c72550f4ee8cf3953023b8775115,2026-03-24 05:16:33,2026-03-24,qr_code,poster
bb5c7fd4-e413-435d-ba4b-0646c4767597,U1fadb6bf4c876b4dd1e37960d23c5eb4,U8ba4b9659e09372b2c33c91f969c45d6,2026-01-27 22:59:53,2026-01-27,qr_code,business_card
ad1926e2-ac5c-46f0-9d89-f38e00785de7,Ub0341314a5534ea92b26fa8adc30543f,Uadaf1f3e97ecae3637f2d9cee27a8626,2026-02-15 01:40:06,2026-02-15,qr_code,business_card
48c896a3-d601-4b2e-8b27-ec616f901d89,Ub0341314a5534ea92b26fa8adc30543f,U928bb3b07e02e97836d5884a2af853d1,2025-11-16 12:41:37,2025-11-16,search,official_directory
57c5bcdf-6dc7-46d2-8fb6-4b961a1016ec,U743849e63f8101ac616f8fd0ba84a167,0768e75ede27ecab52fc8c460843dabc,2026-02-22 01:18:48,2026-02-22,search,official_directory
b8e3ef7b-be7d-4218-9c85-c6e86344fe0d,Ud4a92c8c8050eed40ef171cc2784d638,Ucb1832f11a596c4eaee4de51f31d6dea,2025-10-30 19:14:00,2025-10-30,link_share,sns_share
731f802d-07dd-4ee9-8cd7-1a5ba47981cc,Ud4a92c8c8050eed40ef171cc2784d638,Ucf2183054abce10b943e4438a70a6e36,2026-03-20 04:27:18,2026-03-20,search,official_directory
95d60255-0265-4eb9-b2e5-517d04dcffce,U227d1cd1a801c367de206ec4bbca7330,U1cee003480c22ae1e12c747dbacdf132,2026-02-07 15:15:59,2026-02-07,search,official_directory
f679e910-701c-4432-8eeb-e2752b52d062,Uc20f9c7e9b662bedec3cb78e127885c7,Ud4f01835cddd1e71e329b286c5f1205d,2026-02-10 07:06:49,2026-02-10,qr_code,poster
5589b941-a984-49fc-8baf-92c173334ae8,U3e5dd3a641c58ad50e49f095c6f1e306,U2039e4f43c75211f83b886989d54e174,2026-01-09 17:04:22,2026-01-09,search,line_app_search
267cd22f-fb92-4675-914a-c654cbfc536f,Ue7310890b01058478be93761a56d0aa0,d5a60ca56c624c37abf5db2218647046,2026-01-17 22:57:49,2026-01-17,search,line_app_search
54add140-2c02-45b5-ad08-7f4a935d1eb0,U3bae1603803a839c0cb52f511d9cb8f6,Ue2249a5147e09bb502918c3ec09a0b8e,2026-01-15 17:19:14,2026-01-15,qr_code,event_booth
f33b2247-942c-46a2-a973-da2ee8174a11,Ue9a1e8a5b83a6b296d43c957a8cfba4a,Ua4a3ecbfd6124dcfd38a2f469673e1b0,2026-04-13 18:35:27,2026-04-13,qr_code,business_card
a0ff4213-e4d4-4c98-b717-03ca04ccbd6a,U227d1cd1a801c367de206ec4bbca7330,U4d0924b5fe66719f7ce4cbbab5a7e4d3,2025-10-20 04:30:54,2025-10-20,qr_code,receipt
c545b761-5bde-4986-a464-ec77bd7b82a1,U476acbdef8e9a16d24575e4f6d7b0f31,U175ff758a84ffb1adf485c50b64f6c7e,2026-02-26 10:49:21,2026-02-26,search,line_app_search
0b0bd998-c5c6-435d-ac88-c5dd32afd8cc,Ue7310890b01058478be93761a56d0aa0,U0a20305e3a154e781cb95734fd93c042,2025-11-03 00:29:54,2025-11-03,qr_code,receipt
f5d0eeda-a534-46f6-9340-83156afe0a8b,U7e808d11d6f9901a954a542a7ee09918,U61a0dd82e1b70850235f9f3764a57a5e,2026-04-12 13:20:33,2026-04-12,qr_code,receipt
c1c8a987-c430-4a69-a533-91c2d34febaf,U4784fc8a8e1e4eb2435ad84e0ad052f2,Ud3f0409922d415cf619868b26da05f07,2025-12-05 17:36:43,2025-12-05,search,line_app_search
ef9575fa-62bc-4dfb-9018-0dd8de1a99b2,U743849e63f8101ac616f8fd0ba84a167,U7788a08cabd61e09be8c7a2a098d82a1,2026-02-09 03:21:12,2026-02-09,ad,google_ads
dad42911-ea9a-42d9-b346-1fc9c030182d,U743849e63f8101ac616f8fd0ba84a167,U905a296a1dd0381d91b9aaf6d85b9cb5,2025-11-03 04:54:38,2025-11-03,qr_code,business_card
61c9eb20-c553-4928-a0c6-19da16aeebad,U837b70463a585f85743b5bfb3b49c9fd,U97ed20c546e9f1a3e8ad2f41aaa9ccee,2025-11-17 03:56:10,2025-11-17,qr_code,poster
78b7ede2-2613-436e-8e56-be343a11b799,Uc20f9c7e9b662bedec3cb78e127885c7,Ud66f6ae2d1ce7d6b0c4cd70b74b745ee,2026-01-06 04:01:13,2026-01-06,search,line_app_search
4303d366-1173-41ce-ad24-e69d52f8d6f9,U3bae1603803a839c0cb52f511d9cb8f6,Ued32de540309b8a2bf7b2db4a0c24162,2026-04-07 11:28:55,2026-04-07,link_share,messaging_app
2e797a17-5fd4-40ae-bf3f-d43ba8c73df9,Ub0341314a5534ea92b26fa8adc30543f,U786e557083f266fef0f56c4ee141f14e,2026-03-17 08:34:40,2026-03-17,search,official_directory
290fd9b1-f35c-4ace-9b5f-edaa759472c4,U743849e63f8101ac616f8fd0ba84a167,U462681351cf80a8ef3550b2550907559,2026-01-05 17:15:58,2026-01-05,search,line_app_search
042cd6d2-6ac7-4fff-b1fa-563daaedfd3c,U227d1cd1a801c367de206ec4bbca7330,U17beabc2ddeb24626dea35ad2ccefb9c,2025-11-07 04:29:28,2025-11-07,ad,facebook_ads
21b614f7-3b96-4818-9314-63fab7583c09,U3bae1603803a839c0cb52f511d9cb8f6,U3a8a16a0ede4507112d7ce778ea25049,2026-03-21 18:42:35,2026-03-21,qr_code,receipt
f78ffca3-4db2-4431-9156-19abd4443f13,U743849e63f8101ac616f8fd0ba84a167,U4955ba244d84ddd06176b7b50d8ca0f9,2025-10-23 09:53:28,2025-10-23,qr_code,event_booth
39f0c323-8e56-4dc4-9695-8d5df2e7454b,Ub0341314a5534ea92b26fa8adc30543f,Ucbc0daecf83961f238829f9f10831e12,2026-03-16 21:24:31,2026-03-16,qr_code,store_front
77d259e7-9b94-4888-a548-8bc2b25d9e23,U3bae1603803a839c0cb52f511d9cb8f6,Ubaec93f65c3cba385048c5c9e678f4bd,2026-04-10 01:37:47,2026-04-10,search,line_app_search
139932ce-d0f2-4050-9cbc-754da974acac,U743849e63f8101ac616f8fd0ba84a167,82d6722ee8d19751d142faf5580e36d5,2026-04-06 09:57:24,2026-04-06,search,line_app_search
a0f9c90f-d4b1-4035-a840-1682f3735531,Ud7cd4c737b35e126236570d6cf0e97f4,U554bd45f523a5774ad4d3e7daa150265,2026-01-10 00:54:39,2026-01-10,qr_code,store_front
4a45d497-c89a-467f-a518-27c209747df4,U3bae1603803a839c0cb52f511d9cb8f6,Uf543688f3a74c98d775075104a88cfbf,2026-02-08 12:27:26,2026-02-08,search,official_directory
6c46dcf8-e382-49c6-aeb9-88619257f81b,U743849e63f8101ac616f8fd0ba84a167,U83798e1d555d8e10fdffaaf0a3d963e2,2025-12-08 20:30:28,2025-12-08,qr_code,event_booth
7f2db496-ec8c-4b34-b09a-4f2ac2c7b032,U227d1cd1a801c367de206ec4bbca7330,U9709dc8e6a5099f189bb8e1484bfe627,2026-03-11 13:58:01,2026-03-11,search,line_app_search
c528296a-6fa4-4ad0-a153-05388daf274f,U7e808d11d6f9901a954a542a7ee09918,U9a0f011fad24f29f586ed9fd4f96ef53,2026-01-10 20:50:46,2026-01-10,ad,line_ads
d3f1545e-1fec-48db-8e79-e974482987f0,U3bae1603803a839c0cb52f511d9cb8f6,Ub3e9e4b92f80c8d983430a434f88d4fe,2025-11-27 13:20:40,2025-11-27,other,import_bulk
